Function	ASV1	ASV2	ASV3	ASV4	ASV5	ASV6	ASV7	ASV8	ASV9	ASV10	ASV11	ASV12	ASV13	ASV14	ASV15	ASV16	ASV17	ASV18	ASV19	ASV20	ASV21	ASV22	ASV23	ASV24	ASV25	ASV26	ASV27	ASV28	ASV29
99993 Cell motility	0.0	0.0	0.0	0.0	0.0	0.0	0.0	0.0	0.0	0.0	0.0	0.0	0.0	0.0	0.0	0.0	0.0	0.0	0.0	0.0	0.0	0.0	0.0	0.0	0.0	0.0	0.0	0.0	0.0
03310 Nuclear receptors [BR:ko03310]	0.0	0.0	0.0	0.0	0.0	0.0	0.0	0.0	0.0	0.0	0.0	0.0	0.0	0.0	0.0	0.0	0.0	0.0	0.0	0.0	0.0	0.0	0.0	0.0	0.0	0.0	0.0	0.0	0.0
04052 Cytokines and growth factors [BR:ko04052]	0.0	0.0	0.0	0.0	0.0	0.0	0.0	0.0	0.0	0.0	0.0	0.0	0.0	0.0	0.0	0.0	0.0	0.0	0.0	0.0	0.0	0.0	0.0	0.0	0.0	0.0	0.0	0.0	0.0
03210 Viral fusion proteins [BR:ko03210]	0.0	0.0	0.0	0.0	0.0	0.0	0.0	0.0	0.0	0.0	0.0	0.0	0.0	0.0	0.0	0.0	0.0	0.0	0.0	0.0	0.0	0.0	0.0	0.0	0.0	0.0	0.0	0.0	0.0
00542 O-Antigen repeat unit biosynthesis [PATH:ko00542]	0.0	0.0	0.0	0.0	0.0	0.0	0.0	0.0	0.0	0.0	0.0	0.0	0.0	0.0	0.0	0.0	0.0	0.0	0.0	0.0	0.0	0.0	0.0	0.0	0.0	0.0	0.0	0.0	0.0
00512 Mucin type O-glycan biosynthesis [PATH:ko00512]	0.0	0.0	0.0	0.0	0.0	0.0	0.0	0.0	0.0	0.0	0.0	0.0	0.0	0.0	0.0	0.0	0.0	0.0	0.0	0.0	0.0	0.0	0.0	0.0	0.0	0.0	0.0	0.0	0.0
04672 Intestinal immune network for IgA production [PATH:ko04672]	0.0	0.0	0.0	0.0	0.0	0.0	0.0	0.0	0.0	0.0	0.0	0.0	0.0	0.0	0.0	0.0	0.0	0.0	0.0	0.0	0.0	0.0	0.0	0.0	0.0	0.0	0.0	0.0	0.0
00532 Glycosaminoglycan biosynthesis - chondroitin sulfate / dermatan sulfate [PATH:ko00532]	0.0	0.0	0.0	0.0	0.0	0.0	0.0	0.0	0.0	0.0	0.0	0.0	0.0	0.0	0.0	0.0	0.0	0.0	0.0	0.0	0.0	0.0	0.0	0.0	0.0	0.0	0.0	0.0	0.0
04610 Complement and coagulation cascades [PATH:ko04610]	0.0	0.0	0.0	0.0	0.0	0.0	0.0	0.0	0.0	0.0	0.0	0.0	0.0	0.0	0.0	0.0	0.0	0.0	0.0	0.0	0.0	0.0	0.0	0.0	0.0	0.0	0.0	0.0	0.0
00571 Lipoarabinomannan (LAM) biosynthesis [PATH:ko00571]	0.0	0.0	0.0	0.0	0.0	0.0	0.0	0.0	0.0	0.0	0.0	0.0	0.0	0.0	0.0	0.0	0.0	0.0	0.0	0.0	0.0	0.0	0.0	0.0	0.0	0.0	0.0	0.0	0.0
00601 Glycosphingolipid biosynthesis - lacto and neolacto series [PATH:ko00601]	0.0	0.0	0.0	0.0	0.0	0.0	0.0	0.0	0.0	0.0	0.0	0.0	0.0	0.0	0.0	0.0	0.0	0.0	0.0	0.0	0.0	0.0	0.0	0.0	0.0	0.0	0.0	0.0	0.0
00533 Glycosaminoglycan biosynthesis - keratan sulfate [PATH:ko00533]	0.0	0.0	0.0	0.0	0.0	0.0	0.0	0.0	0.0	0.0	0.0	0.0	0.0	0.0	0.0	0.0	0.0	0.0	0.0	0.0	0.0	0.0	0.0	0.0	0.0	0.0	0.0	0.0	0.0
04514 Cell adhesion molecules [PATH:ko04514]	0.0	0.0	0.0	0.0	0.0	0.0	0.0	0.0	0.0	0.0	0.0	0.0	0.0	0.0	0.0	0.0	0.0	0.0	0.0	0.0	0.0	0.0	0.0	0.0	0.0	0.0	0.0	0.0	0.0
01056 Biosynthesis of type II polyketide backbone [PATH:ko01056]	0.0	0.0	0.0	0.0	0.0	0.0	0.0	0.0	0.0	0.0	0.0	0.0	0.0	0.0	0.0	0.0	0.0	0.0	0.0	0.0	0.0	0.0	0.0	0.0	0.0	0.0	0.0	0.0	0.0
00905 Brassinosteroid biosynthesis [PATH:ko00905]	0.0	0.0	0.0	0.0	0.0	0.0	0.0	0.0	0.0	0.0	0.0	0.0	0.0	0.0	0.0	0.0	0.0	0.0	0.0	0.0	0.0	0.0	0.0	0.0	0.0	0.0	0.0	0.0	0.0
00572 Arabinogalactan biosynthesis - Mycobacterium [PATH:ko00572]	0.0	0.0	0.0	0.0	0.0	0.0	0.0	0.0	0.0	0.0	0.0	0.0	0.0	0.0	0.0	0.0	0.0	0.0	0.0	0.0	0.0	0.0	0.0	0.0	0.0	0.0	0.0	0.0	0.0
00331 Clavulanic acid biosynthesis [PATH:ko00331]	0.0	0.0	0.0	0.0	0.0	0.0	0.0	0.0	0.0	0.0	0.0	0.0	0.0	0.0	0.0	0.0	0.0	0.0	0.0	0.0	0.0	0.0	0.0	0.0	0.0	0.0	0.0	0.0	0.0
00943 Isoflavonoid biosynthesis [PATH:ko00943]	0.0	0.0	0.0	0.0	0.0	0.0	0.0	0.0	0.0	0.0	0.0	0.0	0.0	0.0	0.0	0.0	0.0	0.0	0.0	0.0	0.0	0.0	0.0	0.0	0.0	0.0	0.0	0.0	0.0
00942 Anthocyanin biosynthesis [PATH:ko00942]	0.0	0.0	0.0	0.0	0.0	0.0	0.0	0.0	0.0	0.0	0.0	0.0	0.0	0.0	0.0	0.0	0.0	0.0	0.0	0.0	0.0	0.0	0.0	0.0	0.0	0.0	0.0	0.0	0.0
99998 Others	0.0	0.0	0.0	0.0	0.0	0.0	0.0	0.0	0.0	0.0	0.0	0.0	0.0	0.0	0.0	0.0	0.0	0.0	0.0	0.0	0.0	0.0	0.0	0.0	0.0	0.0	0.0	0.0	0.0
99979 Unclassified viral proteins	0.0	0.0	0.0	0.0	0.0	0.0	0.0	0.0	0.0	0.0	0.0	0.0	0.0	0.0	0.0	0.0	0.0	0.0	0.0	0.0	0.0	0.0	0.0	1.5880578053040002e-05	0.0	0.0	0.0	0.0	0.0
00195 Photosynthesis [PATH:ko00195]	0.0	0.0	2.03458799593e-05	0.0	0.0	0.0	0.0	0.0	0.0	0.0	0.0	0.0	0.0	0.0	0.0	0.0	0.0	0.0	0.0	0.0	0.0	0.0	0.0	0.0	0.0	0.0	0.0	0.0	0.0
99984 Nucleotide metabolism	0.0	0.0	1.017293997965e-05	0.0	0.0	0.0	0.0	0.0	0.0	0.0	0.0	0.0	0.0	0.0	0.0	0.0	0.0	0.0	0.0	0.0	1.162115049389e-05	0.0	0.0	0.0	0.0	0.0	0.0	0.0	0.0
00196 Photosynthesis - antenna proteins [PATH:ko00196]	0.0	0.0	0.0	0.0	0.0	0.0	7.075137965190322e-06	7.075137965190322e-06	7.075137965190322e-06	0.0	0.0	0.0	0.0	0.0	0.0	0.0	0.0	0.0	0.0	7.075137965190322e-06	0.0	0.0	0.0	0.0	0.0	0.0	0.0	0.0	0.0
00121 Secondary bile acid biosynthesis [PATH:ko00121]	0.0	0.0	1.017293997965e-05	0.0	0.0	0.0	7.075137965190322e-06	7.075137965190322e-06	7.075137965190322e-06	0.0	0.0	0.0	0.0	0.0	0.0	0.0	0.0	0.0	0.0	7.075137965190322e-06	0.0	0.0	0.0	7.094211123723042e-06	0.0	0.0	0.0	0.0	0.0
00194 Photosynthesis proteins [BR:ko00194]	0.0	0.0	2.03458799593e-05	0.0	0.0	0.0	7.075137965190322e-06	7.075137965190322e-06	7.075137965190322e-06	0.0	0.0	0.0	0.0	0.0	0.0	0.0	0.0	0.0	0.0	7.075137965190322e-06	0.0	0.0	0.0	0.0	0.0	0.0	0.0	0.0	0.0
00402 Benzoxazinoid biosynthesis [PATH:ko00402]	0.0	0.0	0.0	0.0	0.0	0.0	0.0	0.0	0.0	0.0	0.0	0.0	9.166743056192136e-06	9.166743056192136e-06	0.0	9.166743056192136e-06	0.0	9.166743056192136e-06	0.0	0.0	0.0	0.0	0.0	0.0	9.166743056192136e-06	0.0	9.166743056192136e-06	9.166743056192136e-06	0.0
00534 Glycosaminoglycan biosynthesis - heparan sulfate / heparin [PATH:ko00534]	0.0	0.0	0.0	0.0	0.0	0.0	1.415027593038e-05	1.415027593038e-05	1.415027593038e-05	0.0	0.0	0.0	0.0	0.0	0.0	0.0	0.0	0.0	0.0	1.415027593038e-05	0.0	0.0	0.0	1.418842224744e-05	0.0	0.0	0.0	0.0	0.0
00902 Monoterpenoid biosynthesis [PATH:ko00902]	0.0	0.0	0.0	0.0	0.0	0.0	0.0	0.0	0.0	0.0	0.0	1.137397634212e-05	9.166743056192136e-06	9.166743056192136e-06	1.137397634212e-05	9.166743056192136e-06	0.0	9.166743056192136e-06	0.0	0.0	0.0	1.137397634212e-05	0.0	0.0	9.166743056192136e-06	0.0	9.166743056192136e-06	9.166743056192136e-06	0.0
00522 Biosynthesis of 12-, 14- and 16-membered macrolides [PATH:ko00522]	0.0	0.0	0.0	0.0	0.0	0.0	0.0	0.0	0.0	0.0	1.291489086917e-05	1.291489086917e-05	0.0	1.291489086917e-05	1.291489086917e-05	0.0	0.0	0.0	1.291489086917e-05	0.0	0.0	1.291489086917e-05	0.0	0.0	1.291489086917e-05	1.291489086917e-05	1.291489086917e-05	0.0	0.0
00365 Furfural degradation [PATH:ko00365]	0.0	0.0	0.0	0.0	0.0	0.0	0.0	0.0	0.0	0.0	8.060615831049491e-06	8.060615831049491e-06	8.060615831049491e-06	8.060615831049491e-06	8.060615831049491e-06	8.060615831049491e-06	8.060615831049491e-06	8.060615831049491e-06	8.060615831049491e-06	0.0	0.0	8.060615831049491e-06	0.0	8.060615831049491e-06	8.060615831049491e-06	8.060615831049491e-06	8.060615831049491e-06	8.060615831049491e-06	0.0
00642 Ethylbenzene degradation [PATH:ko00642]	0.0	0.0	0.0	0.0	0.0	0.0	0.0	0.0	0.0	0.0	1.272264631043e-05	0.0	0.0	0.0	0.0	0.0	0.0	0.0	1.272264631043e-05	0.0	6.389561427788e-05	0.0	0.0	0.0	0.0	0.0	0.0	0.0	5.282351102006e-05
99986 Glycan metabolism	0.0	0.0	0.0	0.0	0.0	0.0	0.0	0.0	1.207875347264e-05	0.0	8.060615831049491e-06	8.060615831049491e-06	8.060615831049491e-06	8.060615831049491e-06	8.060615831049491e-06	8.060615831049491e-06	8.060615831049491e-06	8.060615831049491e-06	8.060615831049491e-06	1.207875347264e-05	0.0	8.060615831049491e-06	0.0	8.060615831049491e-06	8.060615831049491e-06	8.060615831049491e-06	8.060615831049491e-06	8.060615831049491e-06	0.0
02060 Phosphotransferase system (PTS) [PATH:ko02060]	1.12892300745e-05	0.0	0.0001740562697489	1.12892300745e-05	1.12892300745e-05	0.0	0.0	0.0	0.0	0.0	8.060615831049491e-06	8.060615831049491e-06	8.060615831049491e-06	8.060615831049491e-06	8.060615831049491e-06	8.060615831049491e-06	8.060615831049491e-06	8.060615831049491e-06	8.060615831049491e-06	0.0	0.0	8.060615831049491e-06	0.0	8.060615831049491e-06	8.060615831049491e-06	8.060615831049491e-06	8.060615831049491e-06	8.060615831049491e-06	0.0
03200 Viral proteins [BR:ko03200]	0.0	0.0	0.0	0.0	0.0	0.0	0.0	0.0	0.0	0.0	0.0	0.0	0.0	0.0	0.0	0.0	0.0	0.0	0.0	0.0	0.000343160986429	0.0	0.0	0.0	0.0	0.0	0.0	0.0	3.512798161539e-05
03230 Viral genome structure [PATH:ko03230]	0.0	0.0	0.0	0.0	0.0	0.0	0.0	0.0	0.0	0.0	0.0	0.0	0.0	0.0	0.0	0.0	0.0	0.0	0.0	0.0	0.000343160986429	0.0	0.0	0.0	0.0	0.0	0.0	0.0	3.512798161539e-05
00997 Biosynthesis of various secondary metabolites - part 3 [PATH:ko00997]	0.0	0.0	0.0	0.0	0.0	0.0	2.684408080181e-05	2.684408080181e-05	5.497347601981e-05	0.0	0.0	1.231830500123e-05	0.0	1.110617503331e-05	1.231830500123e-05	0.0	0.0	0.0	1.231830500123e-05	6.829615121298e-05	5.53720650994e-05	0.0	0.0	1.18835412953e-05	1.110617503331e-05	1.289989680082e-05	1.110617503331e-05	1.110617503331e-05	5.513875211429001e-05
01055 Biosynthesis of vancomycin group antibiotics [PATH:ko01055]	0.0	0.0	0.0	0.0	0.0	0.0	2.033070530347032e-05	4.6592942823340325e-05	7.075137965190322e-06	0.0001373035823606	0.0	1.231830500123e-05	0.0	0.0	1.231830500123e-05	0.0	0.0	0.0	1.231830500123e-05	7.075137965190322e-06	0.0	0.0	0.0001379144852247	7.094211123723042e-06	0.0	0.0	0.0	0.0	0.0
04512 ECM-receptor interaction [PATH:ko04512]	1.2963443090479998e-05	0.0	1.2963443090479998e-05	1.2963443090479998e-05	1.2963443090479998e-05	0.0	0.0	0.0	0.0	0.0001123363400806	8.263779852904718e-06	8.263779852904718e-06	3.165932199844686e-05	1.7430522909096856e-05	8.263779852904718e-06	1.7430522909096856e-05	2.249257894225472e-05	3.165932199844686e-05	8.263779852904718e-06	0.0	0.0	8.263779852904718e-06	7.489806754028e-05	8.263779852904718e-06	1.7430522909096856e-05	8.263779852904718e-06	3.165932199844686e-05	3.165932199844686e-05	0.0
00525 Acarbose and validamycin biosynthesis [PATH:ko00525]	0.0	0.0	0.0	0.0	0.0	0.0	0.0	0.0	4.020814869064e-05	0.0001373035823606	2.384564426214e-05	3.521962060426e-05	1.111975981318e-05	1.111975981318e-05	3.521962060426e-05	1.111975981318e-05	1.111975981318e-05	1.111975981318e-05	2.384564426214e-05	4.020814869064e-05	0.0	3.521962060426e-05	0.0001379144852247	1.111975981318e-05	1.111975981318e-05	2.384564426214e-05	1.111975981318e-05	1.111975981318e-05	0.0
00073 Cutin, suberine and wax biosynthesis [PATH:ko00073]	0.0	0.0	0.0	0.0	0.0	0.0	5.347539211594e-05	5.347539211594e-05	4.068603286284e-05	0.0	8.263779852904718e-06	1.963775619502472e-05	3.350458202561472e-05	3.038195796957472e-05	1.963775619502472e-05	2.996868285071472e-05	7.559920890545471e-05	3.350458202561472e-05	8.263779852904718e-06	5.36797958566e-05	2.050861361771e-05	1.963775619502472e-05	0.0	4.441188074301472e-05	3.038195796957472e-05	8.263779852904718e-06	3.359875397556472e-05	4.461075705892472e-05	2.050861361771e-05
00944 Flavone and flavonol biosynthesis [PATH:ko00944]	0.0	0.0	0.0	0.0	0.0	0.0	7.075137965190322e-06	7.075137965190322e-06	1.9153891437830323e-05	0.0	3.763264250680421e-05	3.763264250680421e-05	6.102818465234634e-05	4.679938556299635e-05	3.763264250680421e-05	4.679938556299635e-05	5.1861441596154206e-05	6.102818465234635e-05	3.763264250680421e-05	1.9153891437830323e-05	2.044153720359e-05	3.763264250680421e-05	0.0	4.472685363052725e-05	4.679938556299635e-05	3.763264250680421e-05	6.102818465234635e-05	6.102818465234635e-05	2.044153720359e-05
04080 Neuroactive ligand-receptor interaction [PATH:ko04080]	0.0	0.0	0.0	0.0	0.0	0.0	0.000183883875165	0.0001574208658469	0.0001704954976937	0.0	0.0	0.0	0.0	0.0	0.0	0.0	0.0	0.0	0.0	0.000157263141784	0.0001394538059267	0.0	0.0	3.1761156106080004e-05	0.0	0.0	0.0	0.0	0.0
00633 Nitrotoluene degradation [PATH:ko00633]	0.0	0.0	0.0	0.0	0.0	0.0	4.5573242241940326e-05	7.183547976181032e-05	6.973074918722032e-05	0.0	4.729614483509472e-05	3.4573498524664715e-05	3.4573498524664715e-05	4.567967355797472e-05	3.4573498524664715e-05	4.562933047601472e-05	3.4573498524664715e-05	4.562933047601472e-05	4.729614483509472e-05	6.973074918722032e-05	3.531053635983e-05	3.4573498524664715e-05	0.0	3.4573498524664715e-05	4.567967355797472e-05	3.4573498524664715e-05	4.567967355797472e-05	4.567967355797472e-05	0.0
02030 Bacterial chemotaxis [PATH:ko02030]	0.0	0.0	0.0	0.0	0.0	0.0	0.0	0.0	0.0	0.0	6.448492664839001e-05	6.448492664839001e-05	6.448492664839001e-05	6.448492664839001e-05	6.448492664839001e-05	6.448492664839001e-05	6.448492664839001e-05	6.448492664839001e-05	6.448492664839001e-05	0.0	0.0	6.448492664839001e-05	0.0	6.448492664839001e-05	6.448492664839001e-05	6.448492664839001e-05	6.448492664839001e-05	6.448492664839001e-05	0.0
01051 Biosynthesis of ansamycins [PATH:ko01051]	0.0	9.636808557652e-05	1.017293997965e-05	0.0	0.0	9.636808557652e-05	0.0	0.0	0.0	0.0001248113899808	4.632172587608e-05	4.632172587608e-05	3.5476461727952134e-05	3.5476461727952134e-05	4.632172587608e-05	3.5476461727952134e-05	2.630971867176e-05	3.5476461727952134e-05	4.632172587608e-05	0.0	7.675401083377e-05	4.632172587608e-05	0.000125422292845	2.630971867176e-05	3.5476461727952134e-05	4.632172587608e-05	3.5476461727952134e-05	3.5476461727952134e-05	9.741991562253e-05
04640 Hematopoietic cell lineage [PATH:ko04640]	1.313025210084e-05	0.0	1.313025210084e-05	1.313025210084e-05	1.313025210084e-05	0.0	7.289279906762033e-05	7.279241316853033e-05	8.665798756755033e-05	1.247504990019e-05	4.938888891673949e-05	4.348229871111949e-05	5.107888423103163e-05	6.399377510020161e-05	4.348229871111949e-05	5.107888423103163e-05	4.375980586024949e-05	5.107888423103162e-05	4.348229871111949e-05	8.686760330899032e-05	2.911590206841e-05	4.938888891673949e-05	3.756582178004e-05	3.647399804756949e-05	6.399377510020161e-05	4.4063890510709486e-05	6.399377510020161e-05	5.107888423103162e-05	1.446759259259e-05
00253 Tetracycline biosynthesis [PATH:ko00253]	0.0	0.0	0.0	0.0	0.0	0.0	7.075137965190322e-06	7.075137965190322e-06	7.075137965190322e-06	0.0	4.58964223596995e-05	5.821472736092949e-05	0.0001007502099167	0.0001229625599833	5.821472736092949e-05	0.0001328289096601	0.000121143477396	0.0001007502099167	5.821472736092949e-05	7.075137965190322e-06	0.0	4.58964223596995e-05	0.0	8.373667905541254e-05	0.0001229625599833	4.58964223596995e-05	0.0001009385538166	0.0001229625599833	1.7780938833569997e-05
02042 Bacterial toxins [BR:ko02042]	0.0	0.0	2.03458799593e-05	0.0	0.0	0.0	5.469471778387e-05	8.095695530374e-05	8.282411300186999e-05	0.0	6.30811732661942e-05	5.03585269557642e-05	6.964290781341634e-05	6.964290781341634e-05	5.03585269557642e-05	9.175457171611636e-05	8.52837705994542e-05	9.175457171611636e-05	6.30811732661942e-05	8.321519631607999e-05	1.162115049389e-05	5.03585269557642e-05	0.0	0.0001224894308538	6.964290781341634e-05	5.03585269557642e-05	5.863090473005635e-05	6.964290781341634e-05	0.0
04054 Pattern recognition receptors [BR:ko04054]	0.0	4.755176899978e-05	0.0	0.0	0.0	4.755176899978e-05	1.969025087045032e-05	1.969025087045032e-05	1.969025087045032e-05	0.0	6.507623020549999e-05	5.100491392676e-05	9.764389338902e-05	9.632998516884e-05	5.100491392676e-05	0.0001386942540564	0.0001472591050734	0.0001529230531457	6.507623020549999e-05	3.301292606362032e-05	0.0	5.100491392676e-05	0.0	3.381025783919305e-05	9.632998516884e-05	5.253083438546e-05	7.752277500811001e-05	9.764389338902e-05	0.0
00945 Stilbenoid, diarylheptanoid and gingerol biosynthesis [PATH:ko00945]	0.0	0.0	0.0	0.0	0.0	0.0	0.0001195431343516	0.0001325816263923	0.0001333083228515	0.0	1.272588444896e-05	2.504418945019e-05	7.333394444953e-05	9.554629451616e-05	2.504418945019e-05	8.402684436397999e-05	0.0	7.333394444953e-05	2.504418945019e-05	0.0001468406137861	0.0001055511668844	1.272588444896e-05	0.0	2.837684449489e-05	9.554629451616e-05	2.5625781249780003e-05	9.554629451616e-05	9.554629451616e-05	0.0001070361001784
00473 D-Alanine metabolism [PATH:ko00473]	8.455093282595e-05	0.0	0.0001252426927445	7.207551629582e-05	7.207551629581998e-05	0.0	2.122541389557e-05	2.122541389557e-05	4.935480911357e-05	0.0	9.222612737274e-05	9.359935733792e-05	8.032249320999e-05	7.229058893882001e-05	9.359935733792e-05	7.006859798409999e-05	8.761415202444999e-05	8.032249320999e-05	9.494802730623e-05	4.935480911357e-05	0.0	0.0001118242525447	0.0	0.0001176043856339	7.229058893882001e-05	8.22253809958e-05	6.127858585546e-05	5.937569806965e-05	0.0
00471 D-Glutamine and D-glutamate metabolism [PATH:ko00471]	6.0178905570180006e-05	0.0	9.069772550914e-05	7.238891778019002e-05	7.238891778019e-05	0.0	4.718709723323032e-05	4.718709723323032e-05	4.718709723323032e-05	0.0001373035823606	4.030307915524e-05	5.262138415647e-05	6.130134137849213e-05	6.130134137849213e-05	5.262138415647e-05	7.235717332984214e-05	5.1431501145e-05	7.235717332984214e-05	5.262138415647e-05	4.718709723323032e-05	6.16923173271e-05	4.030307915524e-05	0.0001379144852247	0.0001566463637244	6.130134137849213e-05	4.030307915524e-05	6.130134137849213e-05	6.130134137849213e-05	9.724138265529e-05
02035 Bacterial motility proteins [BR:ko02035]	0.0	0.0	5.086469989827e-05	0.0	0.0	0.0	0.0	0.0	0.0	0.0	0.0001209092374657	0.0001209092374657	0.0001209092374657	0.0001209092374657	0.0001209092374657	0.0001209092374657	0.0001209092374657	0.0001209092374657	0.0001209092374657	0.0	0.0	0.0001209092374657	0.0	0.0001367898155187	0.0001209092374657	0.0001209092374657	0.0001209092374657	0.0001209092374657	0.0
02040 Flagellar assembly [PATH:ko02040]	0.0	0.0	2.03458799593e-05	0.0	0.0	0.0	0.0	0.0	0.0	0.0	0.0001209092374657	0.0001209092374657	0.0001209092374657	0.0001209092374657	0.0001209092374657	0.0001209092374657	0.0001209092374657	0.0001209092374657	0.0001209092374657	0.0	0.0	0.0001209092374657	0.0	0.0001844315496779	0.0001209092374657	0.0001209092374657	0.0001209092374657	0.0001209092374657	0.0
99974 Translation	6.978966962592244e-05	8.486336811315e-05	6.017890557018e-05	9.346231365619244e-05	9.346231365619242e-05	8.486336811315e-05	6.581766110243001e-05	6.571727520334001e-05	5.145345438436e-05	0.0001248113899808	4.536083306065421e-05	4.042425647503421e-05	8.071927303482421e-05	6.64904739454742e-05	4.042425647503421e-05	9.929503776262422e-05	8.001617585752422e-05	8.652038400978421e-05	2.905028013291421e-05	3.834039493263e-05	6.763299482185001e-05	4.042425647503421e-05	0.000125422292845	4.408851503229421e-05	6.64904739454742e-05	4.536083306065421e-05	5.869526686810421e-05	8.071927303482421e-05	5.013824324733e-05
01057 Biosynthesis of type II polyketide products [PATH:ko01057]	0.0	0.0	0.0	0.0	0.0	0.0	9.210453072494e-05	9.200414482585e-05	9.308035997177e-05	0.0001248113899808	6.190223552266e-05	8.653884552511999e-05	0.0001037626424421	0.0001006400183861	8.653884552511999e-05	0.0001330313070844	0.0001242699241696	0.0001258743063448	8.653884552511999e-05	9.328997571321e-05	0.0	6.190223552266e-05	0.000125422292845	0.000108976286412	0.0001006400183861	7.480213232348e-05	9.284481130874e-05	0.0001148688174754	0.0
00540 Lipopolysaccharide biosynthesis [PATH:ko00540]	3.480065358421e-05	8.437102747669001e-05	4.497359356386e-05	3.480065358421e-05	3.480065358421e-05	8.437102747669001e-05	2.0343016431420323e-05	2.0343016431420323e-05	2.0343016431420323e-05	0.0	0.0001332573552312	0.0001150324600243	0.0001021175691551	0.0001261386350576	0.0001150324600243	0.0001021175691551	0.0001021175691551	0.0001021175691551	0.0001150324600243	2.0343016431420323e-05	1.162115049389e-05	0.0001332573552312	0.0	0.000139320216781	0.0001261386350576	0.0001150324600243	0.0001261386350576	0.0001132237441885	0.0
01005 Lipopolysaccharide biosynthesis proteins [BR:ko01005]	3.480065358421e-05	8.437102747669001e-05	5.514653354351e-05	3.480065358421e-05	3.480065358421e-05	8.437102747669001e-05	2.0343016431420323e-05	2.0343016431420323e-05	2.0343016431420323e-05	0.0	0.0001332573552312	0.0001150324600243	0.0001021175691551	0.0001261386350576	0.0001150324600243	0.0001021175691551	0.0001021175691551	0.0001021175691551	0.0001150324600243	2.0343016431420323e-05	1.162115049389e-05	0.0001332573552312	0.0	0.000139320216781	0.0001261386350576	0.0001150324600243	0.0001261386350576	0.0001132237441885	0.0
00941 Flavonoid biosynthesis [PATH:ko00941]	0.0	0.0	0.0	0.0	0.0	0.0	0.0001395498641957	0.0001525883562365	0.0001533150526957	0.0	2.078650028000949e-05	3.310480528123949e-05	0.0001597905607632	0.0001677741117405	3.310480528123949e-05	0.0001562546615883	2.228941492039949e-05	0.0001597905607632	3.310480528123949e-05	0.0001539157517513	0.0001055511668844	2.078650028000949e-05	0.0	5.54152127449595e-05	0.0001677741117405	3.3686397080829496e-05	0.0001820029108299	0.0001820029108299	0.0001070361001784
00984 Steroid degradation [PATH:ko00984]	0.0	0.0	0.0	0.0	0.0	0.0	0.000126502268705	0.0001264018828059	0.0001000593085143	0.0	0.00011956176614	0.0001142208482452	0.0001367931583838	0.0001336705343277	0.0001142208482452	0.0001550059910747	0.0001459950290489	0.0001315384374074	0.0001155695182135	8.694624906263e-05	2.050861361771e-05	0.0001019025432439	0.0	0.000121556741856	0.0001336705343277	0.0001197390166304	0.0001368873303337	0.0001478993334171	2.050861361771e-05
00622 Xylene degradation [PATH:ko00622]	0.0	0.0	0.0	0.0	0.0	0.0	0.0003706877866413	0.000370386628944	0.0002892270887277	0.0	5.395703819074e-05	8.902329587622e-05	8.596730349735213e-05	8.596730349735213e-05	8.902329587622e-05	0.0001077160353631	8.995363618889e-05	9.702313544870214e-05	6.627534319197e-05	0.0002368941473788	0.0	7.670499087499e-05	0.0	0.000111387772452	8.596730349735213e-05	5.395703819074e-05	7.495530041399213e-05	8.596730349735213e-05	0.0
01054 Nonribosomal peptide structures [PATH:ko01054]	0.0	0.0	0.0	0.0	0.0	0.0	0.0001920187001314	0.0001919183142323	0.0002211239245963	0.0	0.0001087019939876	0.0001433639103639	9.707471387276162e-05	0.0001210957797752	0.0001433639103639	0.0001188234457385	0.0001371740634688	0.0001081305458241	0.0001333386039901	0.0002213335403377	3.531053635983e-05	0.0001187273003614	0.0	7.918854328953948e-05	0.0001210957797752	0.0001217791412788	8.805977052516164e-05	0.000108180888906	0.0
04030 G protein-coupled receptors [BR:ko04030]	0.0002859033527684	0.0002783990295199	0.0002972006445959	0.0002828649986388	0.0002828649986388	0.0002783990295199	2.0343016431420323e-05	2.0343016431420323e-05	4.847241164942033e-05	0.0001621376753974	8.060615831049491e-06	1.9434592173169493e-05	2.905887805430163e-05	2.905887805430163e-05	1.9434592173169493e-05	6.150050983456162e-05	1.9189037820809488e-05	4.0114710005651625e-05	8.060615831049491e-06	6.179508684259033e-05	4.195616715195e-05	1.9434592173169493e-05	0.0001508838221511	3.4132579373789495e-05	2.905887805430163e-05	2.096051263186949e-05	2.905887805430163e-05	2.905887805430163e-05	5.1977181278400006e-05
04711 Circadian rhythm - fly [PATH:ko04711]	0.0001068103181819	0.0002191150521551	0.0001073724941058	0.000105797533472	0.000105797533472	0.0002191150521551	7.075137965190322e-06	7.075137965190322e-06	3.5204533183190324e-05	0.0002496227799617	5.7663588232750005e-05	3.90343517167e-05	9.579863336185212e-05	0.0001037821843391	3.90343517167e-05	9.262566622385214e-05	8.847955499107e-05	0.0001068544653132	5.1756998027130005e-05	3.5204533183190324e-05	6.669637806208e-05	4.494094192232e-05	0.0002378861821653	9.466473991333304e-05	0.0001037821843391	5.251584031711999e-05	9.598697726176214e-05	0.0001180109834284	1.908032818164e-05
99992 Structural proteins	0.0001197737612724	0.0001215428323161	0.0001305088771759	0.0001187609765625	0.0001187609765625	0.0001215428323161	3.3132375684520325e-05	3.3132375684520325e-05	6.055116512206032e-05	0.0001248113899808	8.680376141931471e-05	6.85788662124647e-05	6.690034512052471e-05	7.800652015383472e-05	6.85788662124647e-05	8.864907698632473e-05	6.242303193317471e-05	7.795617707187472e-05	6.85788662124647e-05	6.055116512206032e-05	0.0001667801702063	8.680376141931471e-05	0.000125422292845	8.576950663401776e-05	7.800652015383472e-05	6.85788662124647e-05	7.800652015383472e-05	7.800652015383472e-05	0.0002696918693206
01052 Type I polyketide structures [PATH:ko01052]	0.0	0.0	0.0	0.0	0.0	0.0	5.932369092536032e-05	5.932369092536032e-05	8.674248036290031e-05	0.0	0.0001789853583317	0.0001485686263654	0.0001339371784235	0.0001566443361058	0.0001485686263654	0.0001414571111999	0.0001569952220137	0.0001286824574471	0.0001385433199915	0.0001130589185498	7.976787287696e-05	0.0001727001117778	0.0	0.0001216453976341	0.0001566443361058	0.0001427128184084	0.0001598611321118	0.0001450433534568	0.0001179285292402
09113 Global maps only	0.0001197737612724	0.0001215428323161	0.0001203359371963	0.0001187609765625	0.0001187609765625	0.0001215428323161	0.0001251413520277	0.0001250409661287	9.798778605662032e-05	0.0001248113899808	8.974501198994471e-05	6.617919888827472e-05	9.212164399945684e-05	0.0001019139108125	6.617919888827472e-05	9.964157677590686e-05	9.663408479573472e-05	8.686692302306687e-05	6.752786885658471e-05	7.188096361113032e-05	9.35252439075e-05	7.208578909389472e-05	0.000125422292845	8.265525235466776e-05	0.0001019139108125	7.169736727348472e-05	0.0001051307068185	0.0001032278190327	6.475761124501e-05
00523 Polyketide sugar unit biosynthesis [PATH:ko00523]	0.0	0.0	0.0	0.0	0.0	0.0	7.289279906762033e-05	4.653017564866032e-05	8.665798756755033e-05	0.0001373035823606	0.0001983792628755	0.0001708212018473	0.0001623892351179	0.0001739902177669	0.0001708212018473	0.0002023507996746	0.0001924123789337	0.0001518797931651	0.0001721698718156	7.387384031523032e-05	1.162115049389e-05	0.0001644094870517	0.0001379144852247	0.0001207317124923	0.0001739902177669	0.0001932315149599	0.0001772070137729	0.0001623892351179	3.2467383245369995e-05
00908 Zeatin biosynthesis [PATH:ko00908]	0.0001076053504669	0.000109304428204	0.0001183404663704	0.000106592565757	0.000106592565757	0.000109304428204	0.0001322164899929	0.0001321161040938	0.0001211135657671	0.0001248113899808	0.0001105315122699	8.696569916828421e-05	8.677297682485633e-05	0.0001107940427273	8.696569916828421e-05	0.0001085217086906	9.33100713791042e-05	8.151825584846634e-05	8.831436913659421e-05	0.0001213231815086	0.0001704550459151	9.28722893739042e-05	0.000125422292845	0.0001214619137577	0.0001107940427273	9.248386755349422e-05	0.0001107940427273	9.787915185816634e-05	0.0001991514933398
99999 Others	1.2648621300270002e-05	0.0001955338956324	1.2648621300270002e-05	1.2648621300270002e-05	1.2648621300270002e-05	0.0001955338956324	6.649438327222001e-05	6.649438327222e-05	4.0915664766020006e-05	0.0001248113899808	0.0001233688537749	0.000178953979022	0.0001737619227262	0.0001220277123385	0.000178953979022	0.0001433631690855	0.0001089320111562	0.0001848177546776	0.0001803026489903	4.0915664766020006e-05	6.972690296339e-05	0.0001848605692276	0.000125422292845	0.0002244810170433	0.0001220277123385	0.0001681615944795	0.0001110157092552	0.0001220277123385	1.908032818164e-05
05111 Biofilm formation - Vibrio cholerae [PATH:ko05111]	0.0	0.0	4.069175991861e-05	0.0	0.0	0.0	0.0002043405198878	0.0002041397480897	0.0002472109328526	0.0	0.0002046240430466	0.0001478714517787	0.0001624483678359	0.0001993843246076	0.0001478714517787	0.0001838341676648	0.0001296185864456	0.0001298272619805	0.0001478714517787	0.0002739466025224	4.09501508213e-05	0.0001720029371911	0.0	0.0001564220601806	0.0001993843246076	0.0001810741494337	0.0001993843246076	0.0001735545428692	9.003084574899001e-05
00785 Lipoic acid metabolism [PATH:ko00785]	0.0003251674028554	0.0002430856646322	0.0003669835146218	0.0003459663866467	0.0003459663866467	0.0002430856646322	0.0001914265526269	0.0001913261667278	0.0002198211713112	0.0002496227799617	2.827578705722472e-05	4.059409205845472e-05	1.7430522909096856e-05	2.853669794240685e-05	4.059409205845472e-05	4.987215468935686e-05	1.939220184266472e-05	2.8486354860446852e-05	4.059409205845472e-05	0.0002463472252396	0.0001093964676233	2.827578705722472e-05	0.00025084458569	8.107761516301472e-05	2.853669794240685e-05	2.827578705722472e-05	2.853669794240685e-05	2.853669794240685e-05	9.357839977717e-05
00550 Peptidoglycan biosynthesis [PATH:ko00550]	0.0	0.0	0.0001525940996948	0.0	0.0	0.0	4.653433167226032e-05	4.653433167226032e-05	4.653433167226032e-05	0.0	0.0002040319742885	0.000228668584291	0.0002360422395951	0.0002360422395951	0.000228668584291	0.000257428039424	0.0002261723993616	0.0002360422395951	0.000228668584291	5.9528094666020326e-05	0.0	0.0002040319742885	0.0	0.0005237255991812	0.0002360422395951	0.0002040319742885	0.0002250302365118	0.0002360422395951	0.0
00535 Proteoglycans [BR:ko00535]	0.0001539276422344	0.0001215428323161	0.0001448790541026	0.0001405401514238	0.0001405401514238	0.0001215428323161	7.259156939159032e-05	7.259156939159032e-05	0.0001000103588291	0.0001248113899808	0.0001505555266785	0.0001479365087172	0.0001329605741379	0.0001218060458106	0.0001479365087172	0.000119533711774	0.0001296792955415	0.0001277058531615	0.0001492851786855	0.000126326797016	0.0003754813023729	0.0001538430989228	0.000125422292845	0.000126528130845	0.0001218060458106	0.0001534546771024	0.0001250228418166	0.0001231199540308	0.0002954642237635
00364 Fluorobenzoate degradation [PATH:ko00364]	0.0	0.0001215428323161	0.0	0.0	0.0	0.0001215428323161	0.0002084873953548	0.0002477726065557	0.0002127245070939	0.0001248113899808	0.0001356661965689	0.0001480090615671	0.0001683486113337	0.0001998100673039	0.0001480090615671	0.0001870004487132	0.0001815882817733	0.0001794044432851	0.0001507064015037	0.0002529021484149	2.962962962962e-05	0.0001539156517727	0.000125422292845	0.000284048992574	0.0001998100673039	0.0001387425974832	0.0002030268633099	0.0002140388663933	9.555952422032e-05
04215 Apoptosis - multiple species [PATH:ko04215]	0.0001639513665076	0.0002301447283425	0.0001549027783757	0.000174401213618	0.000174401213618	0.0002301447283425	0.0001187539159488	0.0001186535300497	0.0001197297451956	9.972122717541e-05	0.0001593873974467	0.000144045733175	0.0001464170296891	0.0001352625013619	0.000144045733175	0.0001440459992765	0.0001458005272036	0.000152218140664	0.0001581170494537	0.0001329331239308	0.0001462049139055	0.0001499523233806	0.0001383806963696	0.0001616271149261	0.0001352625013619	0.0001495639015602	0.0001384792973679	0.000136576409582	0.0002117433385622
04742 Taste transduction [PATH:ko04742]	0.0002587690506564	0.0002180244636568	0.0002406718743927	0.0002567434812366	0.0002567434812366	0.0002180244636568	2.761284997453e-05	2.761284997453e-05	2.761284997453e-05	0.000137192224449	0.0001644608649483	0.0001615415126139	0.0002019551498397	0.0001840826254615	0.0001615415126139	0.0001925031913393	0.0001803918522139	0.0001640793230078	0.0001515162062401	2.761284997453e-05	7.057978045092e-05	0.0001674481028195	0.0001378031273132	0.0001570148796552	0.0001840826254615	0.0001883068105125	0.0001620586192948	0.0001711677345923	0.0001221274918779
99981 Carbohydrate metabolism	0.0002070566973147	0.0001215428323161	0.0002177918132182	0.0001813584838647	0.0001813584838647	0.0001215428323161	0.000171976913376	0.0001717761415779	0.0001472203882126	0.0001248113899808	0.0001833419132057	0.0001624980000376	0.0001438710343284	0.0001327165060012	0.0001624980000376	0.0001632487357817	0.0001642527940662	0.0001607279772547	0.0001638466700059	0.0001213231815086	0.0001488306663238	0.00018662948545	0.000125422292845	0.0002379519376392	0.0001327165060012	0.0001809160652236	0.0001359333020072	0.0001340304142214	0.0001777439730013
99976 Replication and repair	0.0001536414514959	0.0003521844949574	0.0002559330272164	0.0001526286667861	0.0001526286667861	0.0003521844949574	6.657307523839e-05	9.283531275826e-05	5.307311020483e-05	0.0002496227799617	0.0001365143145167	0.0001570567683479	0.0001613988043367	0.0001360154769201	0.0001570567683479	0.0001337431428834	0.0001679873659738	0.000172454636288	0.0001697794146583	7.971846059118001e-05	8.788183767501999e-05	0.0001447384633466	0.00025084458569	0.0001498245893493	0.0001360154769201	0.0001576383601475	0.0001424490689321	0.0001515581842296	0.0001202671004757
99985 Amino acid metabolism	0.000226417270444	0.0001460316345661	0.0002377145622715	0.0002243917010243	0.0002243917010243	0.0001460316345661	0.0002836556913597	0.0002833545336624	0.0002438243536977	0.0001248113899808	0.0001354116372685	0.000151848658438	9.89049498895595e-05	0.0001358409066612	0.000151848658438	0.0001313465816698	9.680140949235948e-05	0.0001099607818409	0.0001418233520642	0.0002181367627351	0.0001402233778731	0.0001454369436424	0.000125422292845	0.0001399170791003	0.0001358409066612	0.0001173639925521	0.0001248289035778	0.0001100111249228	0.000155243306686
99975 Protein processing	8.438412381559001e-05	7.178723121171e-05	0.0001047300037748	8.337133910572e-05	8.337133910571998e-05	7.178723121171e-05	0.0001516024679981	0.0001383787225189	0.0001269995787387	0.0	0.000197922476473	0.0002298389066463	0.0002177449102598	0.0002065903819326	0.0002298389066463	0.0002043180478959	0.000200784447811	0.0002288007422111	0.0002311875766146	0.0001142154314864	0.0002284729212645	0.000217520601645	0.0	0.0002333076780906	0.0002065903819326	0.0002190465221037	0.0001987951748552	0.0002079042901527	0.0002655744200907
99994 Others	0.0	0.0	0.0	0.0	0.0	0.0	0.0001205823721228	0.0001205823721228	0.0001198717663423	0.0	0.0002439671275951	0.0002590554787962	0.0002465490996913	0.0002692562573736	0.0002590554787962	0.0002975664961994	0.0002457041410504	0.0002797165955454	0.0002503788423907	0.0001465171167286	0.0002527812487194	0.0002526437640006	0.0	0.0002208467492219	0.0002692562573736	0.0002389966301698	0.0002504490472129	0.0002576552747246	0.0002715282201436
99978 Cell growth	7.826750273586e-05	0.0001215428323161	0.0001099106745226	8.962942412672e-05	8.962942412672e-05	0.0001215428323161	0.0001468452851364	0.0001204826617175	0.000172689227109	0.0	0.0001702781928687	0.0002687135468347	0.0002511930420649	0.0002356019814614	0.0002687135468347	0.0002752806411935	0.000259132536757	0.000317528033773	0.0002345916178084	0.0001728988428505	0.0	0.0002253469170354	0.0	0.0002231266320385	0.0002356019814614	0.0001987998864039	0.0002452523694794	0.0002524585969912	0.0
04075 Plant hormone signal transduction [PATH:ko04075]	0.0001821325590197	0.0002800184688733	0.0001826947349436	0.0001440596394689	0.0001440596394689	0.0002800184688733	6.773929633775e-05	6.773929633775e-05	9.515808577529e-05	0.0003119169368706	6.674006112411e-05	9.043234246746e-05	0.0003035635984284	0.0003035635984284	9.043234246746e-05	0.0003360052302086	6.271264471362e-05	0.0003146194303797	7.905836612534e-05	0.0001214745239622	2.962962962962e-05	7.811403746623e-05	0.0002886994682386	4.090446896291e-05	0.0003035635984284	6.674006112411e-05	0.000292551595345	0.0003035635984284	0.0001068002121977
04964 Proximal tubule bicarbonate reclamation [PATH:ko04964]	6.74658352809e-05	0.0002430856646322	4.824430716942e-05	0.0001018537307416	0.0001018537307416	0.0002430856646322	0.0002146982097656	0.0002145978238665	0.0002277527924851	0.0001248113899808	0.0002471445287236	0.0002290809645183	0.0001399161594694	0.0001750434004052	0.0002290809645183	0.0001723577912497	0.0001470933763766	0.000134661438493	0.0002431522807971	0.0002409561712203	0.0002104806712558	0.0002167626595171	0.000125422292845	0.0002271485478784	0.0001750434004052	0.0002345991329035	0.0001640313973219	0.0001621285095361	0.0002150667365802
00405 Phenazine biosynthesis [PATH:ko00405]	0.0001799526668426	0.0002308950026793	0.0001906877827461	0.0001789398821327	0.0001789398821327	0.0002308950026793	0.0003553538835707	0.0003551531117725	0.0003719349722488	0.0002496227799617	0.0001365146293622	0.0001311737114673	0.0001103384722561	0.0001214446472894	0.0001311737114673	0.0001320872041219	0.0001319609450174	0.0001050837512797	0.0001325223814357	0.0003986706419186	0.0001406866918783	0.0001188554064661	0.00025084458569	9.518382868825e-05	0.0001214446472894	0.0001366918798526	0.000110432644206	0.0001214446472894	0.000276080931187
00232 Caffeine metabolism [PATH:ko00232]	9.508833253230244e-05	0.0001215428323161	8.547756847656e-05	0.0001187609765625	0.0001187609765625	0.0001215428323161	0.0003754240560834	0.0003751228983861	0.0003502221486058	0.0001248113899808	0.0001895904983412	0.0001579382811417	0.0002086157037046	0.0001930246431012	0.0001579382811417	0.0001777870751134	0.0002381993341075	0.0001981062617518	0.0001720095974204	0.0003508509958302	0.0001837569687176	0.0001638448713473	0.000125422292845	0.0001769851059027	0.0001930246431012	0.0002055667960563	0.0002246990372859	0.0002098812586309	0.0001192581149233
04927 Cortisol synthesis and secretion [PATH:ko04927]	0.0002587690506564	0.0002653706347776	0.0002406718743927	0.0002567434812366	0.0002567434812366	0.0002653706347776	6.076567488914e-05	7.388903446919e-05	6.076567488914e-05	0.000137192224449	0.0002110880664297	0.0001954460677849	0.0002354597318653	0.0002273794743002	0.0001954460677849	0.0002335277061413	0.0002676455912138	0.0002086397369848	0.0001981434077216	6.076567488914e-05	8.220093094481e-05	0.0002013526579906	0.0001378031273132	0.0002068931358413	0.0002273794743002	0.0002351112624843	0.0002085722641395	0.0002157784916512	0.0001534442841335
00901 Indole alkaloid biosynthesis [PATH:ko00901]	0.0	0.0	0.0	0.0	0.0	0.0	0.0002823617330829	0.0003084231988046	0.0003091815043022	0.0	0.0002388761981253	0.0002139617150553	0.0002907542146527	0.0002734027915073	0.0002139617150553	0.000316849912157	0.0002324210106363	0.0003076111575791	0.0002166590549919	0.0003225944987789	0.0002603814859562	0.0002198683052609	0.0	0.0002857062711719	0.0002734027915073	0.0002210058038992	0.0002908483866027	0.000301860389686	0.0004139071216513
00281 Geraniol degradation [PATH:ko00281]	0.0	0.0	1.017293997965e-05	0.0	0.0	0.0	0.0004313586568875	0.0004443452779418	0.0004060451618477	1.261511290526e-05	0.0001985123168548	0.0001844061378162	0.0002330643345399	0.0002761751264529	0.0001844061378162	0.0003054675308768	0.0002171339976919	0.0002662318303939	0.0001743808314424	0.0004201159807232	0.0003294515131019	0.0002085376232287	0.0	0.0003390962661141	0.0002761751264529	0.0001493398801307	0.0002573679162922	0.0002774890346731	0.0003002745135201
00363 Bisphenol degradation [PATH:ko00363]	0.0	0.0001215428323161	0.0	0.0	0.0	0.0001215428323161	0.0003704933096405	0.0004229173987812	0.0004135173585093	0.0001248113899808	0.0002020057744683	0.0002362541717364	0.0001857001007138	0.0002097211666163	0.0002362541717364	0.0002078117646165	0.0002191834691165	0.0001915012116888	0.0001921069363362	0.0004790868725338	0.0001560956364722	0.0002298424569408	0.000125422292845	0.0003571404645142	0.0002097211666163	0.0001839581297519	0.0001987091635329	0.0001968062757471	0.0003351106105758
00966 Glucosinolate biosynthesis [PATH:ko00966]	0.0001649802111973	7.179922523754001e-05	0.0001661045630451	0.0001754300583077	0.0001754300583077	7.179922523754001e-05	0.0004616377438522	0.0004612362002559	0.0004188103471644	0.0001248113899808	0.0002618638875189	0.0002183201679329	0.0001212387186197	0.0002062168071963	0.0002183201679329	0.0001429874504855	0.000155488159024	0.0001159839976433	0.0002337401541799	0.0003670159337563	0.0001898887520969	0.0002301333483441	0.000125422292845	0.0002399514197438	0.0002062168071963	0.0002259458485764	0.0001952048041129	0.0001545572437196	0.0001502674672217
00536 Glycosaminoglycan binding proteins [BR:ko00536]	0.0002419383602843	0.0002548656151564	0.0002526734761879	0.0002284501590443	0.0002284501590443	0.0002548656151564	4.003326730187e-05	4.003326730187e-05	8.024141599250999e-05	0.0004867705100234	0.000207143843514	0.0002182163605191	0.0002410559458484	0.0002045180901046	0.0002182163605191	0.0001999734220313	0.0002083993538418	0.0002468570568234	0.0002209137004557	0.0001198805293726	0.0001083233748786	0.0002300295409303	0.0004382065425507	0.0002096191784775	0.0002045180901046	0.0002129421443617	0.0002141684781226	0.0002213747056344	0.0001341683868231
00332 Carbapenem biosynthesis [PATH:ko00332]	0.000226417270444	0.0002430856646322	0.0002580604422308	0.0002243917010243	0.0002243917010243	0.0002430856646322	0.0002163634852885	0.0002161627134904	0.0002343657855276	0.0003121400130338	0.0002150934972449	0.0001843856087045	0.0002049546445333	0.0002049062912394	0.0001843856087045	0.0002025836141208	0.0001925066228808	0.0001944452025805	0.0002098309013254	0.0002217912540167	0.0001631688413297	0.0001779738939089	0.0003133618187621	0.0001590509759495	0.0002049062912394	0.0002052700013583	0.0001971110841621	0.0002062201994596	0.0001974376830438
01053 Biosynthesis of siderophore group nonribosomal peptides [PATH:ko01053]	0.0	0.0	0.0	0.0	0.0	0.0	0.0001847948769636	0.0001845941051654	0.0001439877100548	0.0	0.0003595129936598	0.0004211199008638	0.0003703675464666	0.0003592130181394	0.0004211199008638	0.0004221868797001	0.0003654290569168	0.0003982803213442	0.0003769726654636	0.0001051589114718	7.062107271968001e-05	0.0004082964712726	0.0	0.0003115155109779	0.0003592130181394	0.0003570871456776	0.000351417811062	0.0003605269263595	1.446759259259e-05
04744 Phototransduction [PATH:ko04744]	0.0003020477842334	0.0002430856646322	0.0002850749598176	0.0002867994178938	0.0002867994178938	0.0002430856646322	0.0001587090349098	0.0001585082631116	0.000146031263219	0.0002496227799617	0.0001802508344332	0.0001808410667409	0.0002262856352383	0.0002249233737242	0.0001808410667409	0.0002200157736139	0.0001982318784086	0.0002210309142619	0.0001848870766458	0.000120134056515	0.0004275388761269	0.0001808410667409	0.00025084458569	0.0001409724366799	0.0002249233737242	0.000175929587443	0.0002203449626528	0.0002275511901646	0.0002416147384803
04913 Ovarian steroidogenesis [PATH:ko04913]	0.0002587690506564	0.0002180244636568	0.0002406718743927	0.0002567434812366	0.0002567434812366	0.0002180244636568	8.122231961199001e-05	8.122231961199001e-05	0.0001093517148299	0.000137192224449	0.0002749923772182	0.0002694540069226	0.0003230842048105	0.0002940571521051	0.0002694540069226	0.0003002053839462	0.0002850865528407	0.0002799536570023	0.0002607773705171	0.0001223454778237	8.220093094481e-05	0.0002812671873338	0.0001378031273132	0.0002747566435709	0.0002940571521051	0.0003017374732064	0.0002752499419444	0.0002824561694562	0.0001221274918779
04620 Toll-like receptor signaling pathway [PATH:ko04620]	0.000408865267764	0.0002775995392662	0.0004207247355153	0.0003935161909949	0.0003935161909949	0.0002775995392662	3.955474808874e-05	6.581698560861001e-05	8.302417927164e-05	0.0003869092198428	0.0002124794949227	0.0002104261492722	0.0002561202519319	0.0002405291913285	0.0002104261492722	0.0002359845232551	0.0002719106842342	0.0002456108099791	0.0002131234892088	0.0001093406174585	5.250422490108e-05	0.000198107844271	0.0004138327003151	0.0001476535119095	0.0002405291913285	0.0002337807910439	0.0002611915824298	0.0002573858068582	0.0001976218505784
04112 Cell cycle - Caulobacter [PATH:ko04112]	0.0001197737612724	0.0001215428323161	0.0001712006370946	0.0001072983447423	0.0001072983447423	0.0001215428323161	0.0001967112139326	0.0001966108280335	0.0002097657966521	0.0001248113899808	0.0003147416501782	0.0003058117007021	0.0003101168908267	0.0003211747125661	0.0003058117007021	0.0003401874921944	0.0002996305481077	0.000326973833753	0.0003198830169808	0.0002099754123935	0.0001318292384019	0.0003053065761121	0.000125422292845	0.0004653352392025	0.0003211747125661	0.0002995931558856	0.0003133795054887	0.0003224886207863	0.0001928244966306
01504 Antimicrobial resistance genes [BR:ko01504]	1.313025210084e-05	3.510776700874e-05	6.399495199911e-05	1.313025210084e-05	1.313025210084e-05	3.510776700874e-05	0.0001701264117889	0.0001963886493087	0.0002344920674248	0.0	0.0002934551656189	0.000344556201856	0.0004523621396679	0.0004473340931882	0.000344556201856	0.0004319395516059	0.0004801966354779	0.0004360515867402	0.0003131316127663	0.0002738022686055	2.044153720359e-05	0.0003504627920617	0.0	0.0004051181483476	0.0004473340931882	0.0003045784648727	0.0004129364688728	0.0004771055995871	5.375525019062e-05
00515 Mannose type O-glycan biosynthesis [PATH:ko00515]	0.0004874013820676	0.0005704025624674	0.0004896500857633	0.0004955602554382	0.0004955602554382	0.0005704025624674	0.0001180662140625	0.0001179658281635	0.0001190420433094	0.0006240569499045	0.0001373309320473	0.0001443083191537	0.0001171685195743	0.0001652106513792	0.0001443083191537	0.0001499730833914	0.0001348340361183	0.0001229696305492	0.000145656989122	9.293522086394e-05	0.0001079433664146	0.0001196717091512	0.0006271114642251	9.26668060587995e-05	0.0001652106513792	0.0001504080793385	0.0001541986482959	0.0001393808696409	0.0001059267237776
04745 Phototransduction - fly [PATH:ko04745]	0.0002932320524626	0.0002777010910045	0.0002756970521229	0.000277983686123	0.000277983686123	0.0002777010910045	0.0001393120771882	0.0001523350508692	0.0001530772656881	0.0002496227799617	0.0002488446214735	0.000266389400995	0.0002980382769368	0.0002899580193717	0.000266389400995	0.0002850504192615	0.0002930940307802	0.0002764730030327	0.0002704354108999	0.0001532868814296	0.00019930660564	0.0002540710959938	0.00025084458569	0.0002401091315934	0.0002899580193717	0.0002654701696237	0.000271150809211	0.0002783570367227	0.0002808418162777
99973 Transcription	0.0003689320478731	0.0003646284969484	0.0003813536915484	0.0003544310619232	0.0003544310619232	0.0003646284969484	0.0002443774558742	0.0002573640769284	0.0002727720745585	0.0002496227799617	0.0002910975804388	0.0002635640794075	0.0002567083293997	0.0002682609587548	0.0002635640794075	0.0002508013998122	0.0002730248698067	0.0002461988874469	0.0002676100893124	0.0002861850690352	8.788183767501999e-05	0.0002753772598188	0.00025084458569	0.0002298607173927	0.0002682609587548	0.0002632264398358	0.0002636825476834	0.000257973884326	0.0001851164575375
01011 Peptidoglycan biosynthesis and degradation proteins [BR:ko01011]	0.0	0.0	0.0002136317395727	0.0	0.0	0.0	0.000252030092943	0.0002781919445638	0.0002483234281367	0.0	0.0003840037219385	0.0004369688554969	0.0004354916313612	0.0004501668847723	0.0004369688554969	0.0004545064007775	0.000384941066655	0.0004412927423361	0.0004255948791548	0.0003144885954452	0.0	0.0004000139404932	0.0	0.0007231894951797	0.0004501668847723	0.0004307503106805	0.0004533836807783	0.0004256510112541	0.0
99982 Energy metabolism	0.0002795529192839	0.0003401396946984	0.0002716286829999	0.000288889271255	0.000288889271255	0.0003401396946984	0.0002651812999286	0.0002387182906105	0.0002020566970058	0.0003744341699426	0.0002265686409561	0.0002186087051	0.0003330468787488	0.0003058548354964	0.0002186087051	0.0003488886810272	0.0002860195134539	0.0003335932687474	0.0002213060450366	0.0001891532532955	0.0003241245440684	0.0002121969903043	0.000376266878535	0.0002719440943883	0.0003058548354964	0.0002167451450696	0.000301276424425	0.0003343124336751	0.000226696575557
00906 Carotenoid biosynthesis [PATH:ko00906]	0.0001101629972167	0.0001215428323161	0.0001203359371963	0.0001091502125068	0.0001091502125068	0.0001215428323161	0.0004807358472181	0.0004803343036217	0.0004692991282405	0.0001248113899808	0.0003978882690542	0.0004004936269218	0.0002850452770497	0.0003330390555608	0.0004004936269218	0.0003258087783319	0.0002917040939048	0.0002855916670483	0.0004172622831371	0.0004698086790069	0.0001349047966224	0.0003694453021237	0.000125422292845	0.0002755791502192	0.0003330390555608	0.0004013191709492	0.0003142318454001	0.0003085231820427	8.866963672704e-05
00909 Sesquiterpenoid and triterpenoid biosynthesis [PATH:ko00909]	0.0002517159333504	0.0002306416626412	0.0002528402851982	0.0002496903639307	0.0002496903639307	0.0002306416626412	0.0001464454578895	0.0001463450719904	0.000187629435827	0.0002496227799617	0.0003441887134569	0.0003280383665667	0.0003233754212973	0.0002824493865712	0.0003280383665667	0.0003218154573483	0.0003872084921046	0.000351288196175	0.0003675549754663	0.0002008328145622	0.0002496621726485	0.0003093083467699	0.00025084458569	0.0002366035813005	0.0002824493865712	0.0003218198217503	0.0002843045675118	0.0003135348011903	0.0005600353527072
03070 Bacterial secretion system [PATH:ko03070]	0.0002395475225449	0.0002430856646322	0.0003017095142706	0.0002375219531251	0.0002375219531251	0.0002430856646322	0.0001322164899929	0.0001321161040938	0.0001613217144578	0.0002496227799617	0.0003745458327954	0.0003719268148341	0.0003430497343666	0.0003559162719419	0.0003719268148341	0.0003296228720027	0.0003496382960038	0.0003377950133902	0.0003732754848024	0.000174525093193	0.0002143131009077	0.0003778334050397	0.00025084458569	0.0004401156179281	0.0003559162719419	0.0003774449832193	0.0003591330679479	0.0003443152892929	0.0001758402506595
00440 Phosphonate and phosphinate metabolism [PATH:ko00440]	0.0003461910317165	0.0003278892965604	0.0003580504994679	0.0003431526775869	0.0003431526775869	0.0003278892965604	0.0001674761762071	0.000167375790308	0.0001282438567633	0.0003744341699426	0.0003494703389316	0.0003438279616997	0.0002939918696618	0.0002845977038765	0.0003438279616997	0.0002888868767998	0.0003138201017385	0.0002945382596604	0.0003592479479468	0.0001284534725048	0.0002038635814969	0.0003433228371098	0.0003633084750103	0.0003222191903457	0.0002845977038765	0.0003425459934689	0.0003020432989719	0.0002743106294477	0.000157066547817
02026 Biofilm formation - Escherichia coli [PATH:ko02026]	0.0001197737612724	0.0001215428323161	0.0001712006370946	0.0001187609765625	0.0001187609765625	0.0001215428323161	0.0004499656464675	0.0004495641028712	0.0004947877179259	0.0001248113899808	0.0003978075954919	0.0003371656382696	0.000348728388986	0.0003282280481675	0.0003371656382696	0.0003322046321358	0.0003211381930959	0.0002945420092264	0.0003385143082379	0.0004956261808917	0.000248847382054	0.0003731103040933	0.000125422292845	0.0003897020280838	0.0003282280481675	0.0003798787522364	0.0003346616401795	0.0003179409737387	0.0002096913211276
99987 Cofactor metabolism	0.0005835815289269	0.0005066312621776	0.0005869545844703	0.0005663075931675	0.0005663075931675	0.0005066312621776	0.0005605418645975	0.0005601403210011	0.0005235264271137	0.0004992455599236	9.41297484769595e-05	0.0001060437121689	0.0001221092881856	0.0001430077300321	0.0001060437121689	0.0001624337847793	0.0001299049644962	0.0001552767840397	0.0001187663584794	0.0005113711270857	0.0001849926263138	8.14071021665295e-05	0.0005016891713801	0.0001557765982371	0.0001430077300321	8.14071021665295e-05	0.0001462245260381	0.0001443216382523	9.475797799106e-05
00403 Indole diterpene alkaloid biosynthesis [PATH:ko00403]	0.0	0.0	0.0	0.0	0.0	0.0	0.0003314232885121	0.0003442610087547	0.000266013232344	0.0	0.000553456557597	0.0004941679573941	0.0004660252569914	0.0005692739709741	0.0004941679573941	0.0004889479873577	0.0005301886860764	0.0004613169260136	0.0005109366136094	0.0002406545535808	0.0	0.0004877562425985	0.0	0.0004682456952816	0.0005692739709741	0.0005230407675509	0.0005899363620755	0.000521556132158	0.0
00140 Steroid hormone biosynthesis [PATH:ko00140]	0.0001197737612724	0.0002675267247231	0.0001203359371963	0.0001187609765625	0.0001187609765625	0.0002675267247231	0.0002579348537853	0.0002578344678862	0.0002844420528235	0.0002496227799617	0.0003520723870417	0.0004387551083173	0.0004385589611022	0.0004847440237774	0.0004387551083173	0.0004568478664448	0.0004012244469682	0.0004222484081745	0.0004059818492593	0.0002850427518792	0.0001461378374914	0.0003894818883124	0.00025084458569	0.0003659656948821	0.0004847440237774	0.0003860963294733	0.0004549248105333	0.0004731430411284	8.753905894554001e-05
04712 Circadian rhythm - plant [PATH:ko04712]	0.0004627789229646	0.000473440584516	0.0004554168626045	0.0004587277841252	0.0004587277841252	0.000473440584516	0.0001861774955153	0.0001993008550954	0.0002530938278631	0.0005617627929956	0.0003031956288076	0.0002486822741887	0.000285567199492	0.0003051517331182	0.0002486822741887	0.0003223557969107	0.0002554724494304	0.0003024241424183	0.0002627535904674	0.00027941026605	0.0002106979950168	0.0002728137596011	0.0005642064044522	0.0002521818477179	0.0003051517331182	0.0002671003393747	0.0003225973282136	0.0003077795495586	0.0001150893979029
00604 Glycosphingolipid biosynthesis - ganglio series [PATH:ko00604]	0.0001293845253281	0.0001215428323161	0.0001203359371963	0.0001283717406183	0.0001283717406183	0.0001215428323161	0.0005317208860992	0.0005181683022771	0.0004671104359685	0.0002496227799617	0.0004294725263831	0.000423278885311	0.0003500247839216	0.0004145288252968	0.000423278885311	0.0004053891460681	0.0003612806848189	0.0003726828378229	0.0003791316499108	0.0005074405676877	0.0002234070373216	0.0004409986559279	0.00025084458569	0.0003290865689716	0.0004145288252968	0.0004007748848546	0.0004241792133148	0.0004055556590882	9.49769397024e-05
04929 GnRH secretion [PATH:ko04929]	0.0004704461223294	0.0003992439233207	0.0004823055900808	0.0004663949834899	0.0004663949834899	0.0003992439233207	7.978271096853e-05	0.0001191683080684	0.0001474096490967	0.0003869092198428	0.0003866738286454	0.0003200726442031	0.0002952922018606	0.0003482173202635	0.0003200726442031	0.0003827261340124	0.0004016479052191	0.000274273317955	0.0003000220314555	0.0002000425254705	0.0001258847691362	0.0003624290248225	0.0004138327003151	0.0003588475172626	0.0003482173202635	0.0003662003359468	0.0003261933140968	0.0002965577567869	0.0003297109266962
00791 Atrazine degradation [PATH:ko00791]	0.0003023132591632	0.0002061309673684	0.0003237834909703	0.0002995403093537	0.0002995403093537	0.0002061309673684	0.0004678620487835	0.0004938231286061	0.0004445002122373	0.0001248113899808	0.0003253604706417	0.000348751292648	0.0003315426011441	0.000323462343579	0.000348751292648	0.0003406664073714	0.0003027742393956	0.0003483995440704	0.0003514486325846	0.0005100978744305	0.0003663588493587	0.000348246168058	0.000125422292845	0.0003930628266535	0.000323462343579	0.0003311587714894	0.0003156671365016	0.00031186136093	0.0004891621595319
02048 Prokaryotic defense system [BR:ko02048]	0.0002526777746457	0.0002185968623822	0.0003351856463308	0.000250652205226	0.000250652205226	0.0002185968623822	0.0003244244671928	0.0002978610719756	0.0002590144110246	0.0002496227799617	0.0004123745956645	0.0003930058207063	0.0004287051811263	0.000426029011392	0.0003930058207063	0.0004517039841442	0.0004418659649266	0.0004292515711249	0.0003829805143325	0.0002070103818751	0.0001789069471005	0.0004107255913232	0.00025084458569	0.000490838359836	0.000426029011392	0.0003917238524755	0.00043567939941	0.0004299707360526	0.0002375495377073
00120 Primary bile acid biosynthesis [PATH:ko00120]	9.269749479286e-05	8.472357383921e-05	8.364890666103e-05	0.0001041601266131	0.0001041601266131	8.472357383921e-05	0.0005043427724434	0.0005040416147461	0.0005470122007893	0.0002496227799617	0.0004770640371619	0.0004363698107151	0.0004145305198255	0.0004581361193543	0.0004363698107151	0.0004616490851218	0.0004434225607927	0.000387710524945	0.0004163191979674	0.0005083930179477	0.0001468813261697	0.0004481829911263	0.0001882285866856	0.0004519356180841	0.0004581361193543	0.000440968747729	0.0004535577082829	0.0004478490449255	0.0002160801976949
00472 D-Arginine and D-ornithine metabolism [PATH:ko00472]	0.0006595522021417	0.0003890695570393	0.0006629252576852	0.0006896235544429	0.0006896235544429	0.0003890695570393	0.0003010273538633	0.0003008265820651	0.0003029790123569	0.0003744341699426	0.0002865897546892	0.00028895545958	0.0002968583631327	0.0003200603284306	0.00028895545958	0.0003336469605514	0.0003027274881186	0.0003300258589867	0.0002930014694849	0.0003160009235194	0.000203905893892	0.0002825437447843	0.000376266878535	0.0003137707733721	0.0003200603284306	0.0002559967141528	0.0003044699142759	0.0002968583631327	0.0001204859522949
04911 Insulin secretion [PATH:ko04911]	0.0004338402364042	0.0004957255546614	0.000397083707953	0.0004651897777354	0.0004651897777354	0.0004957255546614	0.0002400881948288	0.0002531111685098	0.0002531427775483	0.00026200361443	0.0004090698101449	0.0003704276707092	0.0003535112362859	0.0003694520446234	0.0003704276707092	0.0003950766742936	0.0004317150803815	0.0003161817994526	0.0003758223505824	0.0002663461562835	0.0003159239031884	0.0003640159559136	0.0002632254201582	0.000355606089953	0.0003694520446234	0.0004205476103794	0.0003396328313793	0.0003449361711052	0.0002912550287167
99983 Lipid metabolism	3.456684117943e-05	0.0003646284969484	3.456684117943e-05	3.456684117943e-05	3.456684117943e-05	0.0003646284969484	0.0006655848194757	0.0006650828899803	0.0005881602486825	9.998823034572998e-05	0.0004178436186675	0.000407564999223	0.0003940952835751	0.000443897777922	0.000407564999223	0.0004455516847717	0.0004018063166396	0.0004109522265014	0.00042298498547	0.0006291763529692	0.0002045827398872	0.000407059874633	0.000125422292845	0.0005567780380592	0.000443897777922	0.0004157722716661	0.0004030665615946	0.0004064670135347	0.0004354316353261
01059 Biosynthesis of enediyne antibiotics [PATH:ko01059]	0.0	0.0	0.0	0.0	0.0	0.0	0.0004442842391515	0.0004571583120207	0.0004590460826693	0.0	0.0005578515982264	0.0005185397795437	0.0006424328942676	0.0006428793485894	0.0005185397795437	0.000767018355875	0.0005932626390907	0.000698258444023	0.0005466824121012	0.0005111114539278	0.0	0.0005180346549537	0.0	0.0005341331767277	0.0006428793485894	0.0005043579145121	0.0006052649282679	0.0006325922741606	0.0001590185856478
04658 Th1 and Th2 cell differentiation [PATH:ko04658]	0.0005352744990031	0.0003646284969484	0.0005284746145669	0.0005310586662729	0.0005310586662729	0.0003646284969484	0.0001779639785827	0.0002041258302035	0.0002063585972671	0.0003869092198428	0.0003822343357673	0.0003589327356393	0.000380588883649	0.0003507206706623	0.0003589327356393	0.0003545462253847	0.0004628069076515	0.0003758805526711	0.0003757013918547	0.0002725237645756	0.0005288246268167	0.0003584276110493	0.0004138327003151	0.0003047826027143	0.0003507206706623	0.000375487240795	0.0003778166537756	0.0003831199935015	0.0004523807517241
04668 TNF signaling pathway [PATH:ko04668]	0.0004894198320451	0.0002430856646322	0.000482057771685	0.0004731586809956	0.0004731586809956	0.0002430856646322	0.0001912318570489	0.0002173937086697	0.0002356771174787	0.0003869092198428	0.0004463393851523	0.0004134649662262	0.0004426669058795	0.0004435377548463	0.0004134649662262	0.0004233422436663	0.0005320106797063	0.0004379585749017	0.0004188596460994	0.0002492094084133	0.0002043487532681	0.0004129598416362	0.0004138327003151	0.0003120261465213	0.0004435377548463	0.0004444452886413	0.0004738505339657	0.0004772509859058	0.0004237284368573
00311 Penicillin and cephalosporin biosynthesis [PATH:ko00311]	0.0005750012693157	0.0003890695570393	0.0005682013848796	0.0006175480381471	0.0006175480381471	0.0003890695570393	0.0004315313912941	0.0004311298476977	0.0003919652770985	0.0003744341699426	0.0003512626700198	0.0003896389612551	0.0003677474294851	0.0003878267707271	0.0003896389612551	0.0003903072278145	0.0003573077221166	0.0004009149253392	0.0003823109948179	0.0003527735433699	0.0002392164302518	0.000358590636457	0.000376266878535	0.0004068221165553	0.0003878267707271	0.0003335695262841	0.0003864651556617	0.0003788536045184	0.0001204859522949
04740 Olfactory transduction [PATH:ko04740]	0.0005608168348899	0.0004861713292646	0.0005257468342104	0.0005435428991305	0.0005435428991305	0.0004861713292646	0.0001995897633506	0.0001993889915524	0.0001869119916598	0.0003868150044109	0.0003529754792344	0.000362964664209	0.000448336084098	0.0004402074732391	0.000362964664209	0.0004436700959246	0.0003980159324653	0.0004162613682411	0.0003569853677401	0.0001610147849557	0.0005737024977638	0.0003565529494134	0.0003886477130033	0.0003221316742411	0.0004402074732391	0.0003725001778085	0.000413605056001	0.0004299203988103	0.000426808324209
04923 Regulation of lipolysis in adipocytes [PATH:ko04923]	0.000412942844098	0.0004388251581437	0.0004055807837379	0.0004221145021783	0.0004221145021783	0.0004388251581437	0.0003053137084267	0.0002657273395286	0.0003314228738656	0.0003868150044109	0.0003855297131859	0.0004032792829244	0.0004952038018177	0.000488389099179	0.0004032792829244	0.0005161853767219	0.0004696912560272	0.0004852407498635	0.0003959513164872	0.0003581585435355	0.0002624174389709	0.0003904558533332	0.0003886477130033	0.0004118549834712	0.000488389099179	0.0004124520596644	0.0004255338766848	0.00047678811653	0.0003199051525996
04515 Cell adhesion molecules [BR:ko04515]	1.12892300745e-05	0.0	1.12892300745e-05	1.12892300745e-05	1.12892300745e-05	0.0	3.971450734141e-05	3.971450734141e-05	0.0006791778356109	0.0	9.644832522598e-05	9.644832522598e-05	8.392453998591e-05	8.392453998591e-05	9.644832522598e-05	8.392453998591e-05	5.642431081734e-05	8.392453998591e-05	9.644832522598e-05	0.0006791778356109	0.0006916976993018	9.644832522598e-05	0.0	5.642431081734e-05	8.392453998591e-05	9.644832522598e-05	8.392453998591e-05	8.392453998591e-05	0.0084215941152491
02025 Biofilm formation - Pseudomonas aeruginosa [PATH:ko02025]	0.0001197737612724	0.0001215428323161	0.0001712006370946	0.0001187609765625	0.0001187609765625	0.0001215428323161	0.0006309395432681	0.0006305379996717	0.0007203605110603	0.0001248113899808	0.0005634680863384	0.0004313930900432	0.0004998569565499	0.0004842658959464	0.0004313930900432	0.0004904141277875	0.0005162715993902	0.0004567264087416	0.0004709096989428	0.0008261358145744	0.0003707241509914	0.0004796560608681	0.000125422292845	0.0004598863050012	0.0004842658959464	0.000499324405812	0.0005049282870478	0.0005011225114761	0.0004365480266709
04330 Notch signaling pathway [PATH:ko04330]	0.0003628407718625	0.0002799707267142	0.00037413806369	0.0003598024177329	0.0003598024177329	0.0002799707267142	0.0003895743320137	0.0003892731743165	0.0003925018197542	0.0002496227799617	0.0004538964479525	0.0004523727868889	0.0003764735682635	0.0003897865601605	0.0004523727868889	0.0003571397763121	0.0003642102437361	0.000377019958262	0.0004577674667621	0.0003931306669786	0.0010757628535877	0.0004577742525045	0.00025084458569	0.0003508663409994	0.0003897865601605	0.0004289244577734	0.0003884249450951	0.0003678985030827	0.0009406107682083
04614 Renin-angiotensin system [PATH:ko04614]	0.0002483632543157	0.0002555296666233	0.0002398768421078	0.0002341276726859	0.0002341276726859	0.0002555296666233	0.000693814413627	0.0007194743357524	0.0007508268261204	0.0002496227799617	0.000464634146879	0.0004994583679843	0.0004030941303844	0.0004461302753865	0.0004994583679843	0.000380578241557	0.0003865419621033	0.0004199510733107	0.0005175756941679	0.0007391529286901	0.0006402041580778	0.0004930466531887	0.0002884104074701	0.0003588662242426	0.0004461302753865	0.0004843360959435	0.0004383350683091	0.00039578462013	0.0005376292836975
00603 Glycosphingolipid biosynthesis - globo and isoglobo series [PATH:ko00603]	0.0	0.0	1.017293997965e-05	0.0	0.0	0.0	0.0010462698802225	0.0010061175485565	0.0010071014028266	0.0001248113899808	0.0005400967224603	0.0005658195115614	0.0005377788617048	0.0005684212170705	0.0005658195115614	0.0005615035287965	0.0005495844905743	0.0005604369156061	0.0005230209461295	0.0009956371211378	0.0002011707526645	0.0005712209771771	0.000125422292845	0.0004890161754868	0.0005684212170705	0.0005196232297617	0.0005450355958384	0.000572362941731	4.255748023303001e-05
00524 Neomycin, kanamycin and gentamicin biosynthesis [PATH:ko00524]	0.000510267684134	0.0003646284969484	0.0005130785637536	0.0004938418391938	0.0004938418391938	0.0003646284969484	0.000587782729457	0.0005872807999616	0.0005926618756911	0.0003619591200424	0.0005006223335663	0.0004600995896475	0.0004526273380874	0.0004677006925264	0.0004600995896475	0.0004309225157235	0.0004506695675175	0.0004589748390609	0.0005150361847941	0.0005807161914046	0.0001896547654778	0.0004595944650575	0.000338701056755	0.0003984018307741	0.0004677006925264	0.0004895539916039	0.0004915798796337	0.0004342116527996	0.000161217251297
04624 Toll and Imd signaling pathway [PATH:ko04624]	0.0004409997481033	0.0003262525578465	0.000443248451799	0.0004369486092638	0.0004369486092639	0.0003262525578465	0.0005024602295569	0.0005020586859605	0.0005849397729942	0.0006240569499045	0.0004562086182613	0.0004262174302703	0.0005795966095217	0.0005724355542174	0.0004262174302703	0.000561073884034	0.0005849767054577	0.0005696335575675	0.0004456834264223	0.0005591328855736	0.0001697188546745	0.0004133940006791	0.0006271114642251	0.0003638392757606	0.0005724355542174	0.000436916127469	0.0005917363302534	0.0005932338944077	0.0001836736019265
00062 Fatty acid elongation [PATH:ko00062]	0.0008132507190933	0.0008941768641819	0.0008081373624288	0.0008298338701545	0.0008298338701545	0.0008941768641819	0.0004296220864108	0.0004293209287135	0.0004439177218434	0.0008485895670608	0.0002633380356999	0.0002948409467649	0.0003116194270527	0.0003195546247361	0.0002948409467649	0.0003270982972941	0.0002913830094831	0.0003174205380276	0.0002620676877068	0.0004705340950553	0.0004667355865203	0.0003007475369705	0.0008403902281352	0.0003824038115273	0.0003195546247361	0.0002662371861237	0.0003039642105813	0.0003350973320456	0.0004624838834243
00261 Monobactam biosynthesis [PATH:ko00261]	0.0005142107673472	0.0005832253593307	0.0005475404669057	0.000497784922407	0.000497784922407	0.0005832253593307	0.0005944975947602	0.0006070826722181	0.0004622354450919	0.0004992455599236	0.0004225497148973	0.0004629186703869	0.0004649751887802	0.00046049030321	0.0004629186703869	0.0004990298237494	0.0004800976515141	0.0004765774107301	0.0004542420339814	0.0004764247314195	0.000420883282599	0.0004195520405876	0.0005016891713801	0.0004056543487998	0.00046049030321	0.0004385260126124	0.0004371046819779	0.0004773469187398	0.0005667361539254
00404 Staurosporine biosynthesis [PATH:ko00404]	0.0	1.2238404112100002e-05	0.0	0.0	0.0	1.2238404112100002e-05	0.0003055433403299	0.0003710059215113	0.0003879112962048	0.0	0.000874521091358	0.0008839535564702	0.000910368278871	0.0009802280547831	0.0008839535564702	0.000945520839689	0.0010494090273416	0.0009009516169154	0.0008692976235957	0.0004406344918622	0.0	0.0007913137066659	0.0	0.0005840326154397	0.0009802280547831	0.0008315599054918	0.0009885168277357	0.0009881115041042	0.0
99995 Signaling proteins	0.0005045313327083	0.0006073353667084	0.0005469096203987	0.0005119428256891	0.0005119428256891	0.0006073353667084	0.0005199041230967	0.0005194021936012	0.0004820244439284	0.0007363932899852	0.0004750667899096	0.0004932195759933	0.0005165403279462	0.0004848371055066	0.0004932195759933	0.0004628328784907	0.0004713731671219	0.0005118319969684	0.0004986142558665	0.0004567560844487	0.0005010654422069	0.0005045276318145	0.0007149679352901	0.0005890564056422	0.0004848371055066	0.0004866633916051	0.0004866922864472	0.0004771778475182	0.0004471226455181
00591 Linoleic acid metabolism [PATH:ko00591]	0.000226417270444	0.0002430856646322	0.0002275416222918	0.0002243917010243	0.0002243917010243	0.0002430856646322	0.0005705161254544	0.0005702149677571	0.0006297024036308	0.0002496227799617	0.0006226162402982	0.0006709314715503	0.0006822822209738	0.0007133710306613	0.0006709314715503	0.0007318157261846	0.0006456249137196	0.0006996855538987	0.0006776748213918	0.0006433250138489	0.0003456617668926	0.0006088348219541	0.00025084458569	0.0005671185312548	0.0007133710306613	0.0006289462926171	0.0007184430076079	0.0007070256808931	0.0006044382903737
04380 Osteoclast differentiation [PATH:ko04380]	0.0006914619921214	0.0005206852038985	0.0006953972235887	0.0006739226520419	0.0006739226520418	0.0005206852038985	0.0003166028409799	0.0003426643067016	0.0003459732889111	0.0005117206098238	0.0005779656153457	0.0005501306549773	0.0005642170365617	0.000536109186117	0.0005501306549773	0.0005247475159336	0.0006392025768853	0.0005705645375353	0.000568247981161	0.0004126769841605	0.0004404290615805	0.0005737570157998	0.0005392549931602	0.0005142553453499	0.000536109186117	0.0005558927755904	0.000555409962153	0.0005569075263073	0.0004499485463175
99996 General function prediction only	0.0004782724956953	0.0004967902940233	0.0005313858992892	0.0004740566629651	0.0004740566629651	0.0004967902940233	0.0007464130724007	0.0006931858960673	0.0006702769030354	0.0003744341699426	0.0004902576989009	0.0005096562729807	0.0006040976520298	0.0005755433472633	0.0005096562729807	0.0005594792290378	0.0005727626166039	0.000593588210077	0.0005123536129173	0.0006321050998454	0.0002863365859539	0.0004968328433895	0.000376266878535	0.0006493791870052	0.0005755433472633	0.0005089558965495	0.0005773985282039	0.0006066287618824	0.0004506404540354
04320 Dorso-ventral axis formation [PATH:ko04320]	0.0005547492367596	0.0004616825270145	0.0005767816444907	0.0005496853132103	0.0005496853132103	0.0004616825270145	0.0002969125901095	0.0003229740558312	0.0003664911867313	0.0005117206098238	0.0006342695519057	0.0005992587783027	0.0005602500247851	0.0006032861697872	0.0005992587783027	0.000645751931213	0.0005792847653038	0.0005450322518545	0.0005919308118655	0.0004328659697813	0.0003939164721543	0.0006228851391252	0.0005392549931602	0.0005636766906835	0.0006032861697872	0.0006505419015721	0.0005514429503764	0.0005529405145307	0.0006367165782127
00361 Chlorocyclohexane and chlorobenzene degradation [PATH:ko00361]	0.0001060993783946	0.0001215428323161	9.648861433886e-05	0.0001175620102148	0.0001175620102148	0.0001215428323161	0.000822001325959	0.0008477616339835	0.0007510993201503	0.0001248113899808	0.0005508420757008	0.0006654365777688	0.0007746040535646	0.0008491763014479	0.0006654365777688	0.0008988265831352	0.0006703880517614	0.0008356843242964	0.0006239866823052	0.0007660657273347	9.719554803736e-05	0.0005969282133771	0.000125422292845	0.0008774737036726	0.0008491763014479	0.0005305458334926	0.0007895378749597	0.0008647190087575	0.0003863685579326
00999 Biosynthesis of various secondary metabolites - part 1 [PATH:ko00999]	0.0	0.0	0.0	0.0	0.0	0.0	0.0002629859784406	0.0002760244704814	0.0003027487448172	0.0	0.0009044741704558	0.0010451913121861	0.0009416522533894	0.0009955746160325	0.0010451913121861	0.0009931038806505	0.0011821131233359	0.0010364464099737	0.0009181442858587	0.0003549334125337	2.962962962962e-05	0.000982589538	0.0	0.0006621003193018	0.0009955746160325	0.0008586151366628	0.0010736457693665	0.0010527140037225	4.870995781126e-05
00623 Toluene degradation [PATH:ko00623]	0.0	0.0001215428323161	0.0	0.0	0.0	0.0001215428323161	0.0011475790276414	0.0012386860125884	0.0010621800049816	0.0001248113899808	0.0005842831716103	0.0006197882567776	0.0006955350699388	0.0007736543365231	0.0006197882567776	0.0007549595383385	0.0007718532469254	0.0007018825709123	0.0005937583475611	0.0010378694049257	0.0001737772684293	0.000582328217184	0.000125422292845	0.0008610358543592	0.0007736543365231	0.0005698436792793	0.000756702307303	0.0008189685502316	0.0004011393002191
04550 Signaling pathways regulating pluripotency of stem cells [PATH:ko04550]	0.0007975169870811	0.0006077141615807	0.0007918414544927	0.000790427494112	0.000790427494112	0.0006077141615807	0.0001850740528732	0.0002112359044939	0.0003099356106842	0.0006365319998047	0.0005658782247291	0.0005890951806041	0.0005613788885753	0.0005857497022118	0.0005890951806041	0.0005935014978206	0.0006356262041127	0.0005624716685725	0.0005703932378247	0.0003624491906001	0.0002922343827141	0.0005821783412185	0.0006646772860052	0.0005398545429018	0.0005857497022118	0.0006132753664032	0.0005876048831524	0.0005651755533542	0.000460251040919
04064 NF-kappa B signaling pathway [PATH:ko04064]	0.0007930757605355	0.0007762148705219	0.0007777894638913	0.0007976135932773	0.0007976135932773	0.0007762148705219	0.000369202929825	0.0004084881410259	0.0004115163729134	0.0009361969629384	0.0005416895491587	0.0004605870221676	0.0004914841141714	0.0004830575039407	0.0004605870221676	0.0004721594519581	0.0004772427712365	0.0004867757831936	0.0004900783246933	0.0004380424268418	0.0003994765876024	0.00048421338299	0.0009404732829873	0.0004427074423498	0.0004830575039407	0.000464823222322	0.0005464062923102	0.000503855844131	0.0004298698378288
04960 Aldosterone-regulated sodium reabsorption [PATH:ko04960]	0.0007870702442111	0.0007165262491483	0.0007712217716431	0.0008153814314126	0.0008153814314126	0.0007165262491483	0.0003378381906831	0.0003638996564048	0.0004327511081159	0.0006365319998047	0.0005775642797231	0.0005234427312837	0.0004615496301904	0.0005353731904398	0.0005234427312837	0.0005889451268989	0.000573853345174	0.0004463318572598	0.0005174634348148	0.0004987969789664	0.0004323908187815	0.0005229376066937	0.0006646772860052	0.0005248890533224	0.0005353731904398	0.0005756701832122	0.0005055539771957	0.0004850275351833	0.0005195620315264
04091 Lectins [BR:ko04091]	0.0006070435399745	0.000654499928002	0.000609854419594	0.000601714212105	0.000601714212105	0.000654499928002	0.000332428257827	0.0003323278719279	0.0003882416659489	0.0005617627929956	0.0005703682897614	0.0005962288235946	0.0006157886337452	0.0006383507315458	0.0005962288235946	0.0006047767112958	0.0006120125749642	0.0006221361347187	0.0005788755507836	0.0004670716840517	0.000541125648774	0.0006016302892103	0.0006017722262322	0.0006117531951856	0.0006383507315458	0.0006179426819259	0.000629193909403	0.0006306914735573	0.000359600622734
04975 Fat digestion and absorption [PATH:ko04975]	0.0006302922837354	0.0004861713292646	0.0006133194593195	0.0006480529133971	0.0006480529133971	0.0004861713292646	0.0007514571220868	0.000803379281732	0.0007573120975678	0.0004992455599236	0.0005241093896716	0.0004972187579624	0.0005176969861022	0.000538450368067	0.0004972187579624	0.0004956292317015	0.0004666737372922	0.0005129886551244	0.0005267100604882	0.0007582408798171	0.000749537041299	0.0005085268137836	0.0005016891713801	0.0005329220342518	0.000538450368067	0.0005020365499164	0.0005292935459243	0.0005437060009477	0.0005407147389928
00401 Novobiocin biosynthesis [PATH:ko00401]	0.00068867010238	0.0005704946145821	0.0006716972779642	0.0007082916075708	0.0007082916075708	0.0005704946145821	0.0006692137005805	0.0007081492391714	0.000662014093342	0.0007488683398854	0.000504054899346	0.000542996862892	0.0005173277195102	0.0005738482099081	0.000542996862892	0.0006090325446487	0.0005112393756802	0.0005784079902419	0.0005370175664231	0.0006499209644288	0.0003683990278754	0.0004937236428871	0.0007395753535455	0.0005970723366346	0.0005738482099081	0.0005047639013075	0.00054724579267	0.0005506462446101	0.0003318634112189
04971 Gastric acid secretion [PATH:ko04971]	0.0007164996835159	0.0006914650481729	0.0006718189187807	0.0007211382266872	0.0007211382266872	0.0006914650481729	0.0004846566775965	0.0004712166419594	0.0005245310315354	0.0005116263943918	0.0005833254844208	0.0005989433865335	0.0006630402362215	0.0006660178003959	0.0005989433865335	0.0007018717117797	0.0006542607561484	0.0006367666313396	0.0005956614300011	0.0005381536417535	0.0004271740935187	0.0005678950617354	0.0005140700058483	0.000537840388939	0.0006660178003959	0.0005903047871748	0.0005953673708243	0.0006557307259671	0.0005590194302211
04924 Renin secretion [PATH:ko04924]	0.0008240252221255	0.0007292569938969	0.0007900795732938	0.0007930983912354	0.0007930983912354	0.0007292569938969	0.000450818526116	0.0004373784904789	0.0004625634848369	0.0006364377843727	0.000563362361403	0.0005807321498292	0.0007170528917064	0.0006928384126284	0.0005807321498292	0.0007064799739456	0.0007004796922408	0.0007070898397522	0.000588824169639	0.0005028314454413	0.0005753521095269	0.0005738153104436	0.0006394922986934	0.0005545203054851	0.0006928384126284	0.0005548386688837	0.0006396335781522	0.0007110089363783	0.0005198783537293
04340 Hedgehog signaling pathway [PATH:ko04340]	0.0007125946171383	0.0005826529606053	0.0006871353805145	0.0006950552770588	0.0006950552770588	0.0005826529606053	0.0005239991998229	0.0005235976562265	0.0005406918760633	0.0005116263943918	0.0007130185642838	0.0006946865635186	0.0007422634840855	0.0006735275982864	0.0006946865635186	0.0006617023099021	0.0007327072795875	0.0006781140523716	0.0006786819606758	0.0005282076638359	0.0004997145387161	0.0007242195145467	0.0005140700058483	0.0006429652586169	0.0006735275982864	0.0007613610083444	0.000681816371239	0.0006943259384766	0.0006959107122809
00660 C5-Branched dibasic acid metabolism [PATH:ko00660]	0.0004075655909868	0.0004861713292646	0.0004194250587382	0.0004167372490672	0.0004167372490672	0.0004861713292646	0.0007079522797695	0.0006547251034361	0.0006278442221315	0.0003744341699426	0.0007089560139661	0.0007668922102829	0.0007928904421387	0.0008136921773973	0.0007668922102829	0.0008819373774795	0.0007220760457788	0.0008213496070149	0.000776332900061	0.000563684892954	0.0008656601968608	0.0006924772556855	0.000376266878535	0.0007952900761465	0.0008136921773973	0.0006640409800626	0.0007462585438318	0.0008176339020579	0.000368901086095
99977 Transport	0.0010750213675868	0.0013498865331956	0.0010828918305215	0.0010538609868786	0.0010538609868786	0.0013498865331956	0.0005616259512196	0.0005480491770567	0.000645479357503	0.0009360600250197	0.0004028240635215	0.0004640523143773	0.0003975651861267	0.0004752600580661	0.0004640523143773	0.0004707703191892	0.0003457854161386	0.0004091674080766	0.0004098797726032	0.000646136352896	0.0005678933813602	0.0004453222945804	0.0008910492635274	0.0004746461507139	0.0004752600580661	0.0004703999484399	0.0004564528479053	0.0004765739662862	0.0003763257943429
04970 Salivary secretion [PATH:ko04970]	0.0006422079545566	0.000642329587953	0.000577743485786	0.000659321914258	0.000659321914258	0.000642329587953	0.0006800162427906	0.0006663754353553	0.000698150956363	0.0003868150044109	0.0006509918493114	0.0006286241414042	0.0007073434686485	0.0006541986434528	0.0006286241414042	0.0007118012867025	0.0006886830682596	0.0006431940369347	0.0006380648311824	0.0006725536846839	0.0007968564644432	0.000615800711813	0.0003886477130033	0.0006526853613525	0.0006541986434528	0.000656017304028	0.0006198010191374	0.0006581403681134	0.0009139946896587
04979 Cholesterol metabolism [PATH:ko04979]	0.0008262773418492	0.0007161676571003	0.0008109910452051	0.0008675459216505	0.0008675459216505	0.0007161676571003	0.0006322031248604	0.000658063818784	0.0006374803046939	0.0006613120903176	0.0006065145386942	0.0006146118426952	0.0005630112911139	0.0006207489831442	0.0006146118426952	0.0006199795267114	0.0005592409889397	0.0006077810089179	0.000622703862505	0.0006120645005876	0.0005103890073467	0.0006076950033096	0.0006770581204734	0.0005587784360818	0.0006207489831442	0.0006076968430975	0.0005973633619122	0.0005988609260665	0.000655382848894
04040 Ion channels [BR:ko04040]	0.000604960082373	0.0006428219285895	0.0005885494338811	0.0005998961588237	0.0005998961588237	0.0006428219285895	0.0008005942403127	0.0007473670639793	0.00073653682442	0.0003242977713388	0.0006631425745358	0.0006785105209086	0.0007224726986911	0.0007361617319393	0.0006785105209086	0.0006762943117501	0.0007535351632436	0.000739876031616	0.0006411066353499	0.0007250103716164	0.0006505498951415	0.0007144551867323	0.0003261304799312	0.0006978805919238	0.0007361617319393	0.0006670467788726	0.0007729081030706	0.0007595878885699	0.0004683433407497
04630 JAK-STAT signaling pathway [PATH:ko04630]	0.0005446724034249	0.0005463601753687	0.0005378725189887	0.0005396084798755	0.0005396084798755	0.0005463601753687	0.0006035031047378	0.0006030011752423	0.0005400447070633	0.0006240569499045	0.0007821703870683	0.0007419564403025	0.0006848003575191	0.0006432565149724	0.0007419564403025	0.0006536435766548	0.0006627427073678	0.000636961478733	0.0007614224364545	0.0005280990227767	0.0009623303983149	0.0007532644961238	0.0006271114642251	0.0006699954291118	0.0006432565149724	0.0008021683880841	0.0006230876897463	0.000635597256984	0.0010729531736058
00531 Glycosaminoglycan degradation [PATH:ko00531]	0.0002467837145102	0.0001215428323161	0.0002580810063376	0.0002447581450904	0.0002447581450904	0.0001215428323161	0.0008234256318324	0.000835934513732	0.0007749300622946	0.0002496227799617	0.000866913450587	0.0009209780467506	0.0008904422419371	0.0009122115327503	0.0009209780467506	0.0009770512039518	0.0009365266876851	0.0009631247346187	0.0008340322459184	0.0008290021006899	0.0003979772238226	0.0009258743877762	0.00025084458569	0.0009178875426135	0.0009122115327503	0.0008230673147659	0.0009347291047923	0.00094723867203	0.0002585803229145
04659 Th17 cell differentiation [PATH:ko04659]	0.0007940435496596	0.0006077141615807	0.0007793194289394	0.0007878021475096	0.0007878021475096	0.0006077141615807	0.0004903877612999	0.0005163488411225	0.0005207340384779	0.0006365319998047	0.0006804151897851	0.0006228423544964	0.0006655516484619	0.0006133743788208	0.0006228423544964	0.0006126552654699	0.000738135996439	0.0006340233226036	0.0006550309969588	0.0005873184372694	0.0008875476188503	0.0006341504103177	0.0006646772860052	0.0005925841689247	0.0006133743788208	0.0006667437493502	0.0006469039539461	0.0006484015181004	0.0010427664225769
00541 O-Antigen nucleotide sugar biosynthesis [PATH:ko00541]	0.0002491582866006	0.0002430856646322	0.0003118824542503	0.0002471327171809	0.0002471327171809	0.0002430856646322	0.0006619006425581	0.0006088742380229	0.0007023054434297	0.0005242299446831	0.0008062251493489	0.0008771526872445	0.0008342710115592	0.000882711244392	0.0008771526872445	0.000902295079108	0.0007472339498775	0.0008737860083868	0.0008243288154388	0.0007433215477164	0.0006560141521601	0.0008520109526521	0.0005266735561396	0.0007228279549227	0.000882711244392	0.0008251005974879	0.0008483136200766	0.0008479082964451	0.0008153693720018
04713 Circadian entrainment [PATH:ko04713]	0.0008983589438461	0.0007165262491483	0.0008745862349941	0.0008665840221368	0.0008665840221368	0.0007165262491483	0.0004042841944437	0.0004171063963265	0.0004200010414373	0.0006489128342729	0.0006058921853635	0.0005983486156837	0.0007488347676973	0.0007727107737181	0.0005983486156837	0.0007955491080689	0.0007780159692142	0.0007283622737903	0.0005836926828093	0.0004076361256679	0.0007054608679806	0.0005855251860925	0.0006770581204734	0.0005456247167311	0.0007727107737181	0.0006075464897115	0.0007052771401526	0.0007637376075095	0.0008635884026257
00965 Betalain biosynthesis [PATH:ko00965]	0.0001422391950407	0.0002430856646322	0.0001529743109443	0.0001412264103308	0.0001412264103308	0.0002430856646322	0.001303293525088	0.0013812771504549	0.0012861846976222	0.0002496227799617	0.0007326480718897	0.0007148363192039	0.0008831349922873	0.0009253079173313	0.0007148363192039	0.0009369393904849	0.0009382500707626	0.000950016373994	0.0007343023153558	0.0012742100361611	0.0002628222114539	0.0007015077650226	0.0002378861821653	0.0010072558746876	0.0009253079173313	0.0006430590987425	0.0009478254893733	0.0009732499474801	0.0003375606383644
00592 alpha-Linolenic acid metabolism [PATH:ko00592]	0.0004755755570448	0.0007292569938969	0.0004682134966847	0.0004715244182053	0.0004715244182053	0.0007292569938969	0.0008601943619714	0.0008595920465768	0.0009069680919234	0.0007237781770799	0.0006028410847755	0.0006242010224368	0.0006589605952459	0.0006673422472511	0.0006242010224368	0.0007448345634487	0.0006236758839961	0.0007147861450012	0.0006436670185888	0.0009345422245591	0.0010560481422043	0.0005926475730487	0.0007525337570702	0.0006243527485071	0.0006673422472511	0.000591123492378	0.0006361614189416	0.0006725978801318	0.0010324431257856
04391 Hippo signaling pathway - fly [PATH:ko04391]	0.0007121432579777	0.0008379484032252	0.0007059055494654	0.0007404544451793	0.0007404544451793	0.0008379484032252	0.0005520591161444	0.0005384183087091	0.0005581150762442	0.0008362526595997	0.0006524731316441	0.0006858274536641	0.0007611665992861	0.000735589858694	0.0006858274536641	0.0007461384800854	0.0006918060646748	0.00081753853904	0.0007052934498161	0.0005327845456496	0.0004942133625576	0.0006724988994829	0.0008033784500307	0.000713982758613	0.000735589858694	0.00067247113266	0.0007659026378133	0.0007563881988842	0.0005657154026094
04122 Sulfur relay system [PATH:ko04122]	0.0008764658221531	0.0007665088568253	0.0009210928135391	0.0008561535322641	0.0008561535322641	0.0007665088568253	0.0007136445592956	0.0007131426298001	0.0007082850229884	0.0007987632407496	0.0007204492996829	0.0007232840077644	0.0005807734077736	0.0006291652873126	0.0007232840077644	0.0006239518489703	0.0006575436379582	0.0005929220197221	0.0007313760275742	0.0007226557768888	0.0003747063670448	0.0007099554535832	0.0008024804133185	0.0006827566143934	0.0006291652873126	0.0007114536072189	0.0006089964620865	0.0005956762475858	0.0004580323037834
04622 RIG-I-like receptor signaling pathway [PATH:ko04622]	0.0005587219390515	0.0007516136092974	0.0005519220546154	0.0005423600775726	0.0005423600775726	0.0007516136092974	0.0007459375963768	0.0007453352809823	0.0007404244241656	0.0008736797298663	0.0006690001367645	0.0006714080422312	0.0007591107499127	0.0007673956953301	0.0006714080422312	0.0007093873340587	0.0007489312542789	0.0007328371450308	0.0006781513920727	0.0007420110308137	0.0006032654847104	0.0006644912028456	0.0008779560499152	0.0007224521261355	0.0007673956953301	0.0006989988841573	0.0007977084744494	0.0007752791446512	0.0004788130675393
04350 TGF-beta signaling pathway [PATH:ko04350]	0.0009187783570015	0.0006919931369427	0.0009131028244131	0.0009706614778039	0.0009706614778039	0.0006919931369427	0.0006504391303406	0.000676099052466	0.0005796052990177	0.0006616221626101	0.0006207724582645	0.0007064747294818	0.0006915165722316	0.000688200535	0.0007064747294818	0.0007654914788698	0.0007217327310818	0.0007426337910091	0.0006663735039865	0.0005281679459777	0.00054063467989	0.0006631080996825	0.0006646772860052	0.0005891734999824	0.000688200535	0.0006999436423815	0.00070428451503	0.0007076849669701	0.0007070541256777
04978 Mineral absorption [PATH:ko04978]	0.0006607570704866	0.0006302704482543	0.0006449085979186	0.0006891689681176	0.0006891689681176	0.0006302704482543	0.0009759123579145	0.000948947419101	0.0009141612210384	0.0006736602000525	0.0007778193699235	0.0006979274832566	0.0006424320830346	0.0006484355646772	0.0006979274832566	0.0006144482693083	0.0005710747418808	0.0005998479252249	0.0007428387720294	0.0008233565414745	0.0008094219460106	0.0007397787392859	0.0006900165239981	0.0008227569052283	0.0006484355646772	0.0007799469767133	0.0006470739496118	0.0006265475075994	0.0006759991507119
04670 Leukocyte transendothelial migration [PATH:ko04670]	0.0008511442924044	0.0008868853980413	0.0008646902879275	0.0008571768859257	0.0008571768859257	0.0008868853980413	0.0006596632905516	0.000646038001476	0.0006364130415677	0.0007736484303983	0.0006999633270419	0.0007150155568438	0.0007091126638741	0.0007205685866414	0.0007150155568438	0.0007522911050708	0.0008545746757548	0.0007212612758226	0.0007103849303432	0.0005978220068948	0.0002421004995772	0.0007021921272526	0.0008154388168432	0.0006657718264666	0.0007205685866414	0.0007143402777003	0.000689387758332	0.000712909328653	0.0004747186673048
00750 Vitamin B6 metabolism [PATH:ko00750]	0.000769245914794	0.0008364053321555	0.0008025756143525	0.0006911384897341	0.0006911384897341	0.0008364053321555	0.0007832245101173	0.0008220596628092	0.0008290432365936	0.0006240569499045	0.0005958085214988	0.0005799894330673	0.0007295273024038	0.0006413595718688	0.0005799894330673	0.0006655933469366	0.0007651926021332	0.0007416759143523	0.0005981067592509	0.0007772538689572	0.0014539711432085	0.0005543425738848	0.0006271114642251	0.000551672246378	0.0006413595718688	0.000565688783404	0.0007602619415303	0.0007875892874229	0.0005776474846412
00904 Diterpenoid biosynthesis [PATH:ko00904]	0.0	4.755176899978e-05	0.0	0.0	0.0	4.755176899978e-05	0.0006501056333768	0.0006496037038813	0.0006042821776631	0.0	0.0009242938073418	0.0011756381397978	0.0013400511917232	0.001437430698945	0.0011756381397978	0.0015893164470659	0.0012029868040977	0.0014953792290407	0.0010244944908178	0.0005263809418095	7.062107271968001e-05	0.0010637631456067	0.0	0.0008392252725702	0.001437430698945	0.000886304421398	0.0013264426189212	0.001463484672016	0.0
00430 Taurine and hypotaurine metabolism [PATH:ko00430]	0.0007532355056181	0.0007292569938969	0.0007769544411208	0.0007595335034596	0.0007595335034596	0.0007292569938969	0.0008503116044921	0.0008233466656786	0.0007453354341284	0.0007488683398854	0.0006643140188635	0.0007162192554242	0.0007440566563999	0.0007127778286053	0.0007162192554242	0.0006658756423672	0.0007319665212563	0.0007504041573735	0.0007243112752341	0.0006948276923435	0.0006560037626346	0.0006910775208318	0.0007525337570702	0.0006648641867307	0.0007127778286053	0.0006998150151527	0.0007495241997366	0.0007491188761051	0.0007172966610576
00930 Caprolactam degradation [PATH:ko00930]	3.138993891702e-05	4.7816618734570006e-05	2.234135078519e-05	3.138993891702e-05	3.138993891702e-05	4.7816618734570006e-05	0.0013693058238282	0.0013419029887916	0.0012579942879105	0.0	0.0009325444149097	0.00101352294414	0.0009772305841936	0.0010621119661825	0.00101352294414	0.0011018921184527	0.0009433582515644	0.0009893791961421	0.0009279258132762	0.0011935673886425	0.0003329291228813	0.0009947929243432	0.0	0.0010426680870083	0.0010621119661825	0.0009053225247418	0.0009584255273608	0.0010130802191461	0.0006707260662905
00514 Other types of O-glycan biosynthesis [PATH:ko00514]	0.001678619274071	0.0016265848588054	0.0016395602685748	0.0016635921973136	0.0016635921973136	0.0016265848588054	0.0002785832559163	0.0002783824841181	0.00028053491441	0.0014229674729619	0.0004254935721484	0.000419574446813	0.0004655963771298	0.0004584836751193	0.000419574446813	0.0004608634460428	0.0004983492287988	0.0004556333251756	0.0004122464803758	0.0002546377077059	0.000460298464309	0.000388526122015	0.0014421624543675	0.000368241506111	0.0004584836751193	0.0004416471203539	0.000496591661316	0.0004779681070894	0.000447101891683
04730 Long-term depression [PATH:ko04730]	0.0008166371540461	0.0007415874501238	0.0008301831495692	0.0008324729247175	0.0008324729247175	0.0007415874501238	0.0004428009418393	0.0004424842657822	0.0005394002942993	0.000786433552591	0.00071270650779	0.0007501806709422	0.000846083370713	0.0008859485383652	0.0007501806709422	0.0009481529434931	0.0008902538049216	0.0008861447575392	0.0007341760680994	0.0005792771715896	0.0003912494274673	0.0007309455265553	0.0007900995788502	0.0007919174258329	0.0008859485383652	0.0007427052551827	0.000829526907883	0.0008511455904182	0.0007069342500385
04392 Hippo signaling pathway - multiple species [PATH:ko04392]	0.000887276943702	0.0008135802792145	0.0008623798830022	0.000866964653813	0.000866964653813	0.0008135802792145	0.0005667695414238	0.0005795068757672	0.000586012894376	0.0008235617528389	0.0007652798614762	0.0007268413872935	0.0007055363597315	0.0007040290383358	0.0007268413872935	0.0006593488430524	0.0007069762665832	0.0006629522019218	0.0007463073834455	0.0006131677955287	0.0008413921164543	0.0007317377283192	0.0008033784500307	0.0007102036396126	0.0007040290383358	0.0007719059657465	0.0007201130183657	0.0007105985794367	0.0010965550021924
04710 Circadian rhythm [PATH:ko04710]	0.0008003386228531	0.000945811836008	0.0008240575583559	0.0007571010693236	0.0007571010693236	0.000945811836008	0.0006729894117539	0.0006987497197783	0.0007213379891709	0.0007488683398854	0.0006986479607847	0.0006944681866331	0.0008233810890536	0.000877947803734	0.0006944681866331	0.0009068840268439	0.0007309576791197	0.0008197655380729	0.0006911862301008	0.0007093923048844	0.0005208293536074	0.0006505964322438	0.0007525337570702	0.0005732845990452	0.000877947803734	0.0007336769571292	0.0008609957745139	0.0008716024539658	0.00069231372991
04520 Adherens junction [PATH:ko04520]	0.0010730104329584	0.0010685051462269	0.0010577241363143	0.0011130008237297	0.0011130008237297	0.0010685051462269	0.0006747029771504	0.0007004632851749	0.0006672589722167	0.0010857884434322	0.0007493153368419	0.0006346473753361	0.0006128798377096	0.0006693519748137	0.0006346473753361	0.0007449852320935	0.0006621257911991	0.0006308295606331	0.0006527647015198	0.000628605766429	0.0003189542934814	0.0006705920411599	0.0011288006356053	0.0006628520578899	0.0006693519748137	0.0006982488036068	0.0006679903597483	0.0006474639177359	0.0004003656814589
04917 Prolactin signaling pathway [PATH:ko04917]	0.0007813333162141	0.0007047681916469	0.0008146630157727	0.000774243823245	0.000774243823245	0.0007047681916469	0.0004488193309729	0.0004747804107955	0.0005475031520596	0.0008986469721463	0.0008411131519756	0.0008367484605528	0.0008259891278332	0.000805343727133	0.0008367484605528	0.0008561797113546	0.0008582009916263	0.0008165724658776	0.0008307691640839	0.0006270813138448	0.0004781076017909	0.0008539631065797	0.0009280140640751	0.0007786461860839	0.000805343727133	0.000894131344007	0.0007773796948295	0.0007989983773647	0.0007667512977174
04972 Pancreatic secretion [PATH:ko04972]	0.0008199019880353	0.0008969677122079	0.0008046156913912	0.0008605878813376	0.0008605878813376	0.0008969677122079	0.0012172372760989	0.0011899711795881	0.0010659185761093	0.0006240569499045	0.0006801237881451	0.0006316073705742	0.0006064174681711	0.0006049585000693	0.0006316073705742	0.0006820375411481	0.0007103739361011	0.0005970008062155	0.0006396993903841	0.0009617622441778	0.000965450368118	0.0006370088361899	0.0006271114642251	0.0007462140058929	0.0006049585000693	0.0006764530940871	0.0005958016779265	0.00061021413295	0.0007203845841395
04973 Carbohydrate digestion and absorption [PATH:ko04973]	0.0005777335194149	0.0005212790962733	0.0005511499309433	0.0005956955699355	0.0005956955699355	0.0005212790962733	0.0012733171665462	0.0012722129216562	0.0012935793650221	0.0003619591200424	0.0008318777933392	0.0008094049535319	0.000729401637964	0.0007586070849046	0.0008094049535319	0.0007595922214854	0.000747032135574	0.0007362955289361	0.0008683875585834	0.0012695686999911	0.0007611357753636	0.0007960763993507	0.000338701056755	0.0007079987870572	0.0007586070849046	0.0008138851059142	0.0007416550556845	0.0007135170625289	0.0006556040881161
04626 Plant-pathogen interaction [PATH:ko04626]	0.0007139502927321	0.0008257863673968	0.000728620640103	0.000658603437422	0.000658603437422	0.0008257863673968	0.0006742897103747	0.0007000500183992	0.0007442451180253	0.0008610758192349	0.0006569981836521	0.0006849108044965	0.0008970575322381	0.0008444075146581	0.0006849108044965	0.000865537819337	0.0006341138007631	0.0008707839273562	0.0006930028243063	0.0007716096349194	0.0008811308560795	0.0006720873749052	0.0008409128649235	0.0006057760476847	0.0008444075146581	0.0007005460782808	0.0008352506925154	0.0008367482566697	0.0014530736536617
04341 Hedgehog signaling pathway - fly [PATH:ko04341]	0.0009139838730596	0.0007762363641713	0.0008890868123597	0.0009191043923005	0.0009191043923005	0.0007762363641713	0.0006816988539405	0.000681196924445	0.0007147073953926	0.0006364377843727	0.0007816123513241	0.0007829803839757	0.0008745354563522	0.0008248892965637	0.0007829803839757	0.0008449916786769	0.0008504551093608	0.0008272429675647	0.0007556018047908	0.0007024327989066	0.0005730280065372	0.0007878767250014	0.0006394922986934	0.0006785255715228	0.0008248892965637	0.0008428546921855	0.0008363948655223	0.0008599164358433	0.0007457459911335
04918 Thyroid hormone synthesis [PATH:ko04918]	0.0008560790227678	0.0008603540516099	0.0008125226098804	0.0008966002221794	0.0008966002221794	0.0008603540516099	0.0006371277238326	0.0006499499257154	0.0007204715089544	0.0006364377843727	0.0008614585256921	0.0007630649957148	0.0008012626050783	0.000831830313533	0.0007630649957148	0.000837723050224	0.0008054885826825	0.0007481690053158	0.0007852283318034	0.0007604105573594	0.0013158418994573	0.0007925979467429	0.0006394922986934	0.0007062495867853	0.000831830313533	0.0008168395437398	0.0007754086830508	0.0007841124747168	0.0009580845524251
04662 B cell receptor signaling pathway [PATH:ko04662]	0.0010639300405715	0.0009354098542882	0.0010791625638664	0.001054650284292	0.001054650284292	0.0009354098542882	0.0004494720965339	0.0004754331763565	0.0005160546341299	0.0010109661697474	0.0008850847307827	0.0008179825359111	0.0008350685360885	0.0008433534815059	0.0008179825359111	0.0008937258475267	0.0008916874196087	0.0008203971531565	0.0008133519094105	0.0006222781463014	0.0006739607933312	0.0008593286673505	0.0010409441645403	0.0008152673573799	0.0008433534815059	0.0008679836909497	0.0008296182482918	0.000851236930827	0.0007484255534606
00981 Insect hormone biosynthesis [PATH:ko00981]	0.0007186425676349	0.0003151382299079	0.0007220156231783	0.0007125658593756	0.0007125658593756	0.0003151382299079	0.0011541629529459	0.0011402850210857	0.0012067107461377	0.0002620220360064	0.0008164136162397	0.0008983107891683	0.001040820106605	0.0010047066455062	0.0008983107891683	0.0011168122413569	0.0010799750073955	0.0011024467673353	0.0008468355873308	0.0012480267854494	0.0006379390303414	0.0008608507495746	0.00025084458569	0.0011817566621624	0.0010047066455062	0.0008741660052716	0.0010052002113815	0.0010655635665242	0.0008054050479901
04216 Ferroptosis [PATH:ko04216]	0.0006736782026905	0.0010691910907164	0.0006380460260871	0.000679164836681	0.000679164836681	0.0010691910907164	0.0008187034121163	0.0008443633342416	0.0008480052887621	0.0007488683398854	0.0009323008051554	0.0007851134948023	0.0009369007668017	0.0009265203808535	0.0007851134948023	0.0009104630133508	0.000934178881148	0.000933285215821	0.0008300247835752	0.0008492629832108	0.0010263973016005	0.0008570028264498	0.0007525337570702	0.0009128790011293	0.0009265203808535	0.0008717068279851	0.0009664835479908	0.0009641753365735	0.0009926926522973
04370 VEGF signaling pathway [PATH:ko04370]	0.0012565543024675	0.0011408767701898	0.0012525652976508	0.001258471773688	0.001258471773688	0.0011408767701898	0.000324429342077	0.0003505911936978	0.0004325296523622	0.0011605576502412	0.0009172928390301	0.0008257153651577	0.0008500941501562	0.0008744166104987	0.0008257153651577	0.0009336731605981	0.0009514724366671	0.0008191122142964	0.0008351560549358	0.0005643214590384	0.0004094067000925	0.0008611549063914	0.0012292715171584	0.000829662957388	0.0008744166104987	0.0009058712985839	0.000868476584362	0.0008551563698613	0.0005215821491433
04750 Inflammatory mediator regulation of TRP channels [PATH:ko04750]	0.0010407069122648	0.0010063856861761	0.0009977126753013	0.0010308444694862	0.0010308444694862	0.0010063856861761	0.0005646450638594	0.0005773668798431	0.000635045853824	0.0008860605643345	0.0009111109811195	0.0009675031537584	0.0009580521174744	0.0008812843274041	0.0009675031537584	0.0008775670159427	0.000898711420272	0.0008991574067369	0.0009568932307889	0.0006488780797836	0.0005764760404003	0.0009541745995772	0.0008903368843835	0.0008976368061952	0.0008812843274041	0.0009477345302855	0.00086754909419	0.0008891677767252	0.0007415083303749
04657 IL-17 signaling pathway [PATH:ko04657]	0.0011053495724017	0.0009945260769363	0.001101360567585	0.0010831764069837	0.0010831764069837	0.0009945260769363	0.0005400414642337	0.0005133776831175	0.0005311554219679	0.0011233025098281	0.0008157199158054	0.0008706886135214	0.0009316924062762	0.000878152875121	0.0008706886135214	0.0008515032938678	0.0008703675118724	0.0009222757443205	0.0008787806333312	0.0005453165601269	0.000601867474983	0.0008144985541308	0.0011288006356053	0.0007056228492123	0.000878152875121	0.0008926425024306	0.0009181160422583	0.000915807830841	0.0010544691792122
00521 Streptomycin biosynthesis [PATH:ko00521]	0.000749815206679	0.0006077141615807	0.0007537504381463	0.000731363792319	0.000731363792319	0.0006077141615807	0.0013805005016269	0.0012742469207583	0.0013775810224044	0.000748885482365	0.00093012133653	0.0009369449352072	0.0008702899406404	0.0009111447235238	0.0009369449352072	0.0009225161154127	0.0008839120149501	0.0008940407745388	0.0009845535639166	0.0013404572979216	0.0005526439400088	0.0008684365708155	0.0007274601276699	0.0008080471371563	0.0009111447235238	0.0009094067491714	0.0008941926943037	0.0008531398102789	0.0005709663866344
04974 Protein digestion and absorption [PATH:ko04974]	0.0015959769222658	0.0012252812853418	0.001585188033013	0.0016658220935889	0.0016658220935889	0.0012252812853418	0.0010151010696785	0.000988136130865	0.001111165642768	0.0011357476134459	0.0005511982049827	0.0005454147256881	0.0006278310728195	0.0006393132892039	0.0005454147256881	0.0006658697413903	0.0006718614883353	0.0006178680208653	0.0005749060282139	0.001177601767927	0.0006123712999358	0.0004774114858863	0.0011917056953783	0.0006794013606677	0.0006393132892039	0.0005806061509698	0.0006333732630672	0.0006846275029123	0.0003561113901963
04012 ErbB signaling pathway [PATH:ko04012]	0.0009992826141239	0.0009351231115306	0.0009947314333834	0.0009901675517351	0.0009901675517351	0.0009351231115306	0.0006037963978866	0.0006165337322301	0.0006753266530021	0.0010109661697474	0.0010020789885458	0.0009192319130573	0.0008890622637102	0.0009276135231422	0.0009192319130573	0.000976540105364	0.0009667145370626	0.0008528256068741	0.0009159499565249	0.0007421206675349	0.0009141600283968	0.0009423531492897	0.0010409441645403	0.0008859699302669	0.0009276135231422	0.00100338009441	0.0008854206917494	0.0008941244834154	0.0013382109356042
04625 C-type lectin receptor signaling pathway [PATH:ko04625]	0.0011849551198604	0.0009845810626413	0.0011623067628562	0.0011748272727617	0.0011748272727617	0.0009845810626413	0.0006527973352595	0.0006785731616436	0.0006569658757131	0.0010109661697474	0.0009310346160807	0.0008915980512605	0.0009546490057198	0.0009238649855408	0.0008915980512605	0.0010472848794756	0.0011025656339478	0.0010278778884	0.0009037360809753	0.0007369632689812	0.000555540745813	0.0009211310022886	0.0010409441645403	0.0008514528033986	0.0009238649855408	0.0009123926782205	0.0009307921434281	0.0009486050503917	0.0006672356409029
00998 Biosynthesis of various secondary metabolites - part 2 [PATH:ko00998]	0.0	0.0	0.0	0.0	0.0	0.0	0.0007265305984442	0.0007786535298876	0.0007666701758495	0.0	0.0015761328877031	0.0015549479898591	0.0016105794281846	0.0016235274028076	0.0015549479898591	0.0016481330252436	0.0018320008071742	0.0017448885815965	0.0015832700591934	0.0008331352781829	3.498950314905e-05	0.001491841091083	0.0	0.0011966191996161	0.0016235274028076	0.0013318008118294	0.0017176825361717	0.001713066113337	7.884685388654999e-05
04928 Parathyroid hormone synthesis, secretion and action [PATH:ko04928]	0.0009788534231985	0.0008252462846012	0.000973740066534	0.0009716632198	0.0009716632198	0.0008252462846012	0.0008969916725114	0.0009225512087376	0.0008380356100423	0.0007737242242538	0.0009629195525498	0.0009101351126762	0.0010717592317929	0.0010577834738497	0.0009101351126762	0.0011066597129896	0.0011726701576755	0.0010465784069081	0.0009095504960805	0.0008131864820455	0.0005403636265042	0.0009214431684975	0.0008024804133185	0.0009246547286801	0.0010577834738497	0.001009071848148	0.0010142290273915	0.001066980831391	0.000893744531055
04650 Natural killer cell mediated cytotoxicity [PATH:ko04650]	0.0011558474921878	0.0010442219418558	0.0011620314273508	0.0011455549511984	0.0011455549511984	0.0010442219418558	0.0005675383105965	0.00058027564494	0.0006350966774393	0.0011357775597283	0.0010364009077808	0.0009284780182208	0.0008869343925316	0.0009365918269969	0.0009284780182208	0.0009957980340143	0.000978442838809	0.0008506977356954	0.0009138220853463	0.0007415298053523	0.000754212817853	0.000988049044867	0.0011663664573854	0.0008936071608127	0.0009365918269969	0.0009883523264306	0.000894398995604	0.0009031027872701	0.0009497845855641
04726 Serotonergic synapse [PATH:ko04726]	0.0009426690003396	0.000813007880489	0.0009477285836548	0.0009231040908403	0.0009231040908403	0.000813007880489	0.0007092510147759	0.0007483354541786	0.0007904629825563	0.0007737242242538	0.000959939803212	0.0008889304681316	0.0011157469451436	0.0011284200695433	0.0008889304681316	0.0012443512201164	0.0012303370548786	0.0011237336161128	0.0008883458515359	0.0008304642020762	0.0007411386763258	0.0009184634191597	0.0008024804133185	0.0011442674439721	0.0011284200695433	0.0009878672036034	0.0010784320310731	0.001122074719775	0.0007290439744951
04015 Rap1 signaling pathway [PATH:ko04015]	0.0014696704539381	0.0013240348128502	0.0014769787409489	0.0014452063147802	0.0014452063147802	0.0013240348128502	0.0006400890432929	0.0006658493513173	0.0006570469429996	0.0011605576502412	0.0008015983430177	0.0008162370537114	0.0008818060777341	0.0009283892414372	0.0008162370537114	0.0010219464822347	0.0009852715651682	0.0008997558006575	0.0007774844981844	0.0006577661095074	0.000283619561442	0.0008216385193271	0.0012292715171584	0.0008387586846926	0.0009283892414372	0.000823550192071	0.000875184406961	0.0009078150925796	0.0006610236157209
04966 Collecting duct acid secretion [PATH:ko04966]	0.0013901253371064	0.0014334527868184	0.0013584283919704	0.0013781366144787	0.0013781366144787	0.0014334527868184	0.0007257315146477	0.000751391436773	0.0007436652436013	0.0013727852267849	0.0006842413852584	0.0006956809972094	0.0007673082658317	0.0007510510441138	0.0006956809972094	0.0007697579855101	0.0006919093252146	0.0008015685416829	0.0007151469933613	0.000718606499863	0.001399656552555	0.0007252139482375	0.0013796452212954	0.0008200451935627	0.0007510510441138	0.0007069612862077	0.0007198702158043	0.0007304768952562	0.001081197003209
04925 Aldosterone synthesis and secretion [PATH:ko04925]	0.0007707729504234	0.0008729712505943	0.0006972598935209	0.0007745634027756	0.0007745634027756	0.0008729712505943	0.0007946763237867	0.0007546728929325	0.0007996236445067	0.0006364377843727	0.0011548620413782	0.0011474972920425	0.0011480212384402	0.0010582639105897	0.0011474972920425	0.001069579015048	0.0010924394498175	0.0010459959798945	0.0011864292843464	0.0007611800544605	0.0008335877692077	0.0011459819182726	0.0006394922986934	0.0011803474058661	0.0010582639105897	0.0012055080402219	0.0010225046712089	0.0010274026873033	0.000962584061268
04664 Fc epsilon RI signaling pathway [PATH:ko04664]	0.0011510603963723	0.0010442219418558	0.0011662929196671	0.0011409325492736	0.0011409325492736	0.0010442219418558	0.0004820980953069	0.0005080591751295	0.0006342456324225	0.0011357775597283	0.0010395110737112	0.0009840481931195	0.0009736559022736	0.0010152814324677	0.0009840481931195	0.0010615727486159	0.0010190559694233	0.0009211086925097	0.000958018283903	0.0007268175572014	0.0005840645612848	0.001007169429352	0.0011663664573854	0.0009366813761547	0.0010152814324677	0.0010617589747158	0.0009730886010749	0.0009688775018717	0.0008603520836744
04611 Platelet activation [PATH:ko04611]	0.0012531435636952	0.0011061238949575	0.0012497167348025	0.0012553904226972	0.0012553904226972	0.0011061238949575	0.0007078138525354	0.0007335741605599	0.0006885354918243	0.0008985356142348	0.0009451657433031	0.0009925005244969	0.0010246863589374	0.0010249394000836	0.0009925005244969	0.0010627598072721	0.0010955971291067	0.0010210708079568	0.0009919159079012	0.0006629382201452	0.0004029114364988	0.0009363104651064	0.0009279027061635	0.0009062584595243	0.0010249394000836	0.0009966430373074	0.0009891801607028	0.0010199079585356	0.0006499978821171
00590 Arachidonic acid metabolism [PATH:ko00590]	0.0005732550747829	0.0006077141615807	0.0005856767184582	0.0005805658573343	0.0005805658573343	0.0006077141615807	0.0010344607079865	0.0010731072511661	0.0010540808719674	0.0006240569499045	0.0010757000559962	0.0011200978442765	0.0012307956344986	0.0012235378726064	0.0011200978442765	0.0012831070116608	0.0011780026842737	0.0012708570213248	0.001109487921307	0.0010290502763978	0.0008463957869997	0.0010885443948884	0.0006271114642251	0.0010663684331649	0.0012235378726064	0.0010677081149481	0.001205224228321	0.0012469640292371	0.0006547465261348
04961 Endocrine and other factor-regulated calcium reabsorption [PATH:ko04961]	0.0009307261459728	0.0011865099636795	0.0008769967931058	0.0009940718985955	0.0009940718985955	0.0011865099636795	0.0008867284071261	0.0008729872137917	0.0008521308362211	0.0010234870672207	0.0010465607348138	0.0009256742873271	0.0009419071285476	0.0009114211077403	0.0009256742873271	0.0009187092851484	0.0009185650063425	0.0008398818700019	0.0009391609870102	0.0008267431802835	0.0013385333316002	0.0009793387237677	0.0010157591772285	0.0009744566887383	0.0009114211077403	0.0010077400537094	0.0008944690785202	0.0009050757579721	0.0009794218818524
04920 Adipocytokine signaling pathway [PATH:ko04920]	0.0009149384784223	0.001360136197876	0.0009403439416968	0.0008328806249523	0.0008328806249523	0.001360136197876	0.0007489764934806	0.000774736801505	0.0007115156736827	0.000986110285379	0.0010042934295277	0.0008954948118644	0.0010626585174033	0.0010571611180531	0.0008954948118644	0.0010370227006779	0.0009862188683182	0.0010537882454462	0.0009431034405738	0.0006865762264024	0.000896065686499	0.0009309343530981	0.000990997508292	0.000885654660647	0.0010571611180531	0.0009885506420915	0.0010751002790237	0.0010689862920348	0.0010539230391391
03450 Non-homologous end-joining [PATH:ko03450]	0.0007631904284687	0.000813867021972	0.0007569527199565	0.0007807863642398	0.0007807863642398	0.000813867021972	0.0011644793546985	0.0011372132581877	0.0011588976112018	0.0008736797298663	0.0010290734882577	0.0009485685313904	0.0010351905212984	0.0010198525018412	0.0009485685313904	0.0009882449773958	0.0010656547797573	0.0009989538644623	0.0009607065611051	0.0011609937686163	0.0010149500909893	0.0009958212530354	0.0008649976463905	0.0010232448722045	0.0010198525018412	0.0010234502486593	0.0010488036658952	0.0010316776758229	0.0009178178202693
04016 MAPK signaling pathway - plant [PATH:ko04016]	0.0007463020729444	0.000766189798138	0.0007315779522242	0.0006909552176343	0.0006909552176343	0.000766189798138	0.001070610988927	0.0010828827464017	0.0011335677739579	0.0010607852767561	0.0009239285692979	0.0009474333244162	0.0010908001042653	0.0011342606439124	0.0009474333244162	0.0011849959419701	0.0009084767166627	0.0011034951062124	0.0009327773915417	0.0011479095506838	0.0009679516606771	0.0009035615700269	0.0010412332253089	0.0008885844392813	0.0011342606439124	0.000984757359244	0.0011173086146923	0.0011279152941442	0.0011567435501822
04623 Cytosolic DNA-sensing pathway [PATH:ko04623]	0.0015775900251855	0.0016265892464932	0.0015272337278619	0.001611021731628	0.001611021731628	0.0016265892464932	0.000836292362894	0.0008092270381814	0.0007490532693029	0.001647277013955	0.0006867793372831	0.0006340042088839	0.000701005557609	0.0006555462840189	0.0006340042088839	0.0006765759025338	0.0007560744283931	0.0007294647224853	0.0006775668276884	0.0006587871176799	0.0016680008788242	0.0006571254451164	0.0016428706414538	0.0007297917014083	0.0006555462840189	0.0006415111048958	0.0006702686489835	0.0007048022223879	0.0010408383644647
00740 Riboflavin metabolism [PATH:ko00740]	0.0012703304355346	0.0012124423001637	0.0013884167104738	0.0012487399566156	0.0012487399566156	0.0012124423001637	0.0009894218687595	0.0010542302635599	0.0009021354264536	0.0012356388499089	0.0009016742065834	0.0009532770100798	0.0008684027895311	0.0009154807608499	0.0009532770100798	0.0008977153636753	0.0008729133875564	0.000891607233431	0.0009613690298896	0.0008774387888551	0.0006513534596746	0.0008911803604836	0.0012166571066703	0.0009547669884634	0.0009154807608499	0.0009549280981347	0.0008765047254631	0.0008833056293433	0.0007204368259731
04130 SNARE interactions in vesicular transport [PATH:ko04130]	0.0017413639962757	0.0017104139018565	0.0018000991591087	0.0016646920663667	0.0016646920663667	0.0017104139018565	0.0009219956763611	0.0009606300572548	0.0008400683735629	0.0016725902529237	0.0007308640707113	0.0007642183927313	0.0006964801564471	0.0006887496466161	0.0007642183927313	0.0006945920402251	0.0006646037054861	0.000719684600347	0.0007836843888832	0.000763244193591	0.0004834887197335	0.0007508898385501	0.0016930070400576	0.0006953273069743	0.0006887496466161	0.0007766618653288	0.0007048336266461	0.0006694894059787	0.0008828670742748
01040 Biosynthesis of unsaturated fatty acids [PATH:ko01040]	0.0013591605462018	0.001645491736696	0.0013274636010658	0.0013347971174733	0.0013347971174733	0.001645491736696	0.0011773339649006	0.0011765308777079	0.0012092981058205	0.001709654184022	0.0006578840379072	0.0006882655305264	0.0006517909581935	0.0006761880654471	0.0006882655305264	0.0007226341905815	0.0006789864332502	0.0006965606759975	0.0006595382813732	0.0012372914699391	0.0010457425968078	0.0006749369763452	0.0017429536963059	0.0007622351086622	0.0006761880654471	0.0006324400477833	0.0006482240331436	0.0007085873882864	0.0011837431683148
04115 p53 signaling pathway [PATH:ko04115]	0.0007014456135998	0.0009962113198947	0.0006952079050875	0.0007068315371608	0.0007068315371608	0.0009962113198947	0.0010117459801353	0.0010372051304624	0.001088600763799	0.0009607858441365	0.0011988556349333	0.0011951025121597	0.0011558202534879	0.0011738711721013	0.0011951025121597	0.0012053885384625	0.0011330057686463	0.0011958816403141	0.0012326858344953	0.0011165941279175	0.0012060273773459	0.001205400318801	0.001002923065017	0.0011765399743456	0.0011738711721013	0.001167787102714	0.0011160879265538	0.0011300950579457	0.0012901092440179
04720 Long-term potentiation [PATH:ko04720]	0.0016861444084848	0.0014680682131907	0.0016566961670444	0.0016710533482661	0.0016710533482661	0.0014680682131907	0.000542943506071	0.0005819275595746	0.0005965830485098	0.0012729697841775	0.0010094759708157	0.000982135698599	0.0010245093351551	0.0010198530960862	0.000982135698599	0.001076524723194	0.0010985884290967	0.000982471567344	0.0009815510820033	0.0006633770630427	0.0007019379203379	0.0010052569348315	0.0013041695846987	0.0009791925278543	0.0010198530960862	0.001014325477539	0.0009808770606994	0.0009876779645796	0.0007871750875479
00643 Styrene degradation [PATH:ko00643]	0.0002449368238439	0.0001215428323161	0.0002358882357121	0.0002430119648536	0.0002430119648536	0.0001215428323161	0.0016808117678468	0.0017321316120975	0.0017071511489932	0.0001248113899808	0.0013920407690892	0.0014732071963341	0.0012840577420717	0.0015794749832744	0.0014732071963341	0.0014916632272789	0.0013602119669861	0.0013351749608493	0.0013361348636329	0.0017619083309502	0.000509137111465	0.0014475603371517	0.000125422292845	0.0014533570616116	0.0015794749832744	0.0013592588825874	0.0014900173435421	0.0014284380175049	0.0009799051852988
04390 Hippo signaling pathway [PATH:ko04390]	0.0011652533812542	0.0013124823532277	0.0011516536123818	0.0012009760614366	0.0012009760614366	0.0013124823532277	0.0008963644787816	0.000882422513649	0.000930926645128	0.0013354982195234	0.0010453054806818	0.0010799948125764	0.0011934556553701	0.0011269045267579	0.0010799948125764	0.0011413290459538	0.0011136443333079	0.0012340634321948	0.0011162294649437	0.0008929022865647	0.0007099943637402	0.0010415245238027	0.0013050676214109	0.0010663612881398	0.0011269045267579	0.001084356180327	0.0011843132889906	0.0011801021897875	0.0007863249812065
04270 Vascular smooth muscle contraction [PATH:ko04270]	0.0013985637471106	0.0012617097549206	0.0013470830979391	0.001411260453223	0.001411260453223	0.0012617097549206	0.0009046794072112	0.0009827634184772	0.0008873527049937	0.0011606334440968	0.0010612484874996	0.0010495140925285	0.0010867658811289	0.0010086841828385	0.0010495140925285	0.0010683540080567	0.0010398121876726	0.0010394733923414	0.0010502781459011	0.0008495098140031	0.0011677807909594	0.0010603170237597	0.0011787472918536	0.0010375817799626	0.0010086841828385	0.0010872220398536	0.0010091777487137	0.0010178815403797	0.0011999576651761
04926 Relaxin signaling pathway [PATH:ko04926]	0.0012673146695997	0.0011058014040667	0.0012836715447423	0.0012447114059708	0.0012447114059708	0.0011058014040667	0.0005564001179803	0.0005559985743839	0.0006407197323489	0.0012604947342773	0.0012100359186134	0.0011629585178532	0.0012476007137227	0.0012736351833133	0.0011629585178532	0.0013264376633395	0.0013569478659278	0.0012119104468851	0.0011637225712258	0.0006941910716885	0.000810540619699	0.0011555365538777	0.0012536453593939	0.0010103950625418	0.0012736351833133	0.0012590873646355	0.0012080567306884	0.0012440878682471	0.0011057899241172
00903 Limonene and pinene degradation [PATH:ko00903]	0.0007186425676349	0.0003629548486425	0.0007220156231783	0.0007125658593756	0.0007125658593756	0.0003629548486425	0.0017510298956006	0.0017234748036784	0.0017408298968984	0.0002620220360064	0.0010845551919279	0.001184803728305	0.0014066642716319	0.0014136616024463	0.001184803728305	0.0015336738028919	0.0014326795613341	0.0014851478752886	0.0011233032200938	0.0017044543160979	0.0007377426478125	0.0011227070787089	0.00025084458569	0.0015317457201839	0.0014136616024463	0.0011166850378485	0.0013512999458273	0.0014758324316844	0.0010217584645691
00450 Selenocompound metabolism [PATH:ko00450]	0.0013229787073735	0.0010569406925785	0.0013506328743437	0.0013119387859943	0.0013119387859943	0.0010569406925785	0.0010924025018429	0.0010654375630293	0.0011226802077355	0.0011481256694633	0.0009652468985011	0.0010750435424429	0.0010429599732994	0.0010876597742556	0.0010750435424429	0.0010664325607697	0.0009080264705993	0.001082474970127	0.0010617362795367	0.0012294132706733	0.0015107108938797	0.001055303273466	0.0010769670215066	0.0010854668210186	0.0010876597742556	0.0010526435339449	0.0010234429366961	0.0010283409527905	0.0014122099308311
00720 Carbon fixation pathways in prokaryotes [PATH:ko00720]	0.0009579837948846	0.0008635305709616	0.0010642106020725	0.0009507935914861	0.0009507935914861	0.0008635305709616	0.0013014191180819	0.001274052635672	0.0012256805855163	0.0008736797298663	0.0011545819482211	0.0011026812892859	0.0012179824146274	0.0012106762994414	0.0011026812892859	0.0011698720019624	0.0011658651420235	0.0011759446468163	0.001112121979064	0.0011752913111835	0.0017954069289469	0.0011193908107228	0.0008779560499152	0.0010866821442222	0.0012106762994414	0.0011329824109076	0.001228615460412	0.0012354163642922	0.0013194500353892
00960 Tropane, piperidine and pyridine alkaloid biosynthesis [PATH:ko00960]	0.001061247107912	0.0012745768617395	0.0010566959271714	0.0010528794259129	0.0010528794259129	0.0012745768617395	0.0011617270070186	0.0012002246493865	0.0011410062121759	0.00137292528979	0.0010575332153673	0.0011386308834765	0.0010975494323799	0.0011371166006603	0.0011386308834765	0.0011739044991687	0.0011174494489333	0.0011865424779893	0.0011594455495967	0.001103644723783	0.0010428745688942	0.0010459910336722	0.0013416241217721	0.001186693766473	0.0011371166006603	0.0010824426638739	0.0011486221696189	0.0011333990673324	0.000929172862116
00980 Metabolism of xenobiotics by cytochrome P450 [PATH:ko00980]	0.0005226272819988	0.000863050224351	0.0005254381616184	0.0005185761431593	0.0005185761431593	0.000863050224351	0.0016755661058812	0.00176647231903	0.00181192389228	0.0007488683398854	0.0011042502260229	0.0011726293535291	0.0013669269550108	0.0014775456460906	0.0011726293535291	0.0014741958527806	0.0012414216876636	0.0014174977837897	0.0011265488315649	0.0017880946948217	0.0007577443338367	0.0011223458843442	0.0007525337570702	0.001523428282376	0.0014775456460906	0.0010408155474581	0.0013569071780488	0.0015125727853702	0.0006691030150662
04260 Cardiac muscle contraction [PATH:ko04260]	0.0017186311325439	0.0015342165425784	0.0017281881232504	0.0016910767613976	0.0016910767613976	0.0015342165425784	0.0007724896527955	0.0007720240759268	0.0008972826393211	0.0013726236413204	0.0010032566387468	0.0010167707990145	0.0009019272858562	0.0008256543034016	0.0010167707990145	0.0008075763172721	0.0008581351001412	0.0008867095129256	0.0010757534040661	0.0009248286237881	0.0018672666527763	0.0010093488350389	0.0013794674452334	0.0010069159388904	0.0008256543034016	0.0009960327495947	0.0008591838785269	0.0008219367700737	0.001697184592352
04360 Axon guidance [PATH:ko04360]	0.0017246399939223	0.0016413171386779	0.0017036781646898	0.0017232537066931	0.0017232537066931	0.0016413171386779	0.0008330402455225	0.0008324534484877	0.0008346789350354	0.0016598032101649	0.0010035711865996	0.0009197239217822	0.001003749856196	0.0010637206587072	0.0009197239217822	0.0011774298183256	0.0011636071861067	0.0010443576330207	0.0009204879751548	0.000888569505858	0.0006984603105585	0.0009305268530135	0.0017309606885386	0.0010014471189007	0.0010637206587072	0.0009377106600527	0.0010421902184157	0.0010729180162485	0.0009094559604777
04962 Vasopressin-regulated water reabsorption [PATH:ko04962]	0.0012233215348912	0.0014468694760566	0.0011803272979277	0.0012142064725024	0.0012142064725023	0.0014468694760566	0.0010104167073241	0.0009833513826115	0.0009385176496979	0.0012104094819832	0.001133773692944	0.0011708866890904	0.0011797051453842	0.0010751758575348	0.0011708866890904	0.0010778690237875	0.0010799026290411	0.0011271579356203	0.0011843733887735	0.000887890611455	0.0016573533784154	0.0011875962105273	0.0012540331860948	0.0011783193995217	0.0010751758575348	0.0012125868843421	0.0010536454172433	0.0010714583242069	0.0016572372501313
99988 Secondary metabolism	3.224300683441243e-05	0.0	2.263224277867e-05	4.370563865467243e-05	4.370563865467243e-05	0.0	0.0016249688924033	0.0016371524262648	0.0015609283666434	0.0	0.0015832441628985	0.0017773272709291	0.0018516011178433	0.0017732731685434	0.0017773272709291	0.0019985655968749	0.0018635992715097	0.002008021935158	0.0017052168397483	0.0016276644268273	0.0005379618538998	0.0016831720473549	0.0	0.0015717397787087	0.0017732731685434	0.001519332690154	0.0018123682864906	0.0018369820973344	0.0008177132078782
04090 CD molecules [BR:ko04090]	0.0004310638203322	0.0003997362639572	0.0004135288199925	0.0004280254662026	0.0004280254662026	0.0003997362639572	0.0015890791016509	0.0016010982163409	0.0016955695567122	0.0003869092198428	0.0013647118978847	0.0013814560809807	0.001528919368098	0.0015326710746514	0.0013814560809807	0.0014673820930691	0.0014068090379076	0.001449005773455	0.0013494468752952	0.0017111980050613	0.0014829449256221	0.001342985792207	0.0004138327003151	0.0013512973988851	0.0015326710746514	0.0013828158023895	0.0015648390347113	0.0015587250477224	0.0016072625578669
00730 Thiamine metabolism [PATH:ko00730]	0.0014167085915952	0.001478973920707	0.0015234975747069	0.001369038633586	0.001369038633586	0.001478973920707	0.0016427188127539	0.0016148989157612	0.0016378812385642	0.0012356388499089	0.0009865010854963	0.0009676530220823	0.0009510883650142	0.0010707022819794	0.0009676530220823	0.0010017958687254	0.0010613885989519	0.0009853486408654	0.0009952110380441	0.001601204893733	0.0009987523622088	0.0009355944481043	0.001191606929446	0.0010248199746388	0.0010707022819794	0.0009135974120258	0.0010634006407773	0.0010424688751334	0.0013220432678661
04916 Melanogenesis [PATH:ko04916]	0.0011186849382796	0.0009345507128052	0.0011050851694072	0.0010848844471506	0.0010848844471506	0.0009345507128052	0.0012824424716278	0.001347387604954	0.0012917766043526	0.0008985356142348	0.0011998546504785	0.0011939115622864	0.0014318634470454	0.0014961740752451	0.0011939115622864	0.0015632868868575	0.0015004837366427	0.0014614153919188	0.0011833016393169	0.0013718643169042	0.0004441380209428	0.0011800778835152	0.0009279027061635	0.001368108208872	0.0014961740752451	0.0011758877142123	0.0014305956226202	0.0014924565419172	0.0008477481885151
00511 Other glycan degradation [PATH:ko00511]	0.0001293845253281	0.0001215428323161	0.0001203359371963	0.0001283717406183	0.0001283717406183	0.0001215428323161	0.0017725266142537	0.0017448953267732	0.0017436512086967	0.0003744341699426	0.001659644328276	0.0016435378123908	0.0016528234624528	0.0017025589388975	0.0016435378123908	0.0017316025988942	0.0017544182712241	0.0016829217973248	0.0016028519702998	0.0017856864145162	0.0009625558218938	0.0016163755794384	0.000376266878535	0.0014692937593173	0.0017025589388975	0.0015165629739116	0.0017333652838921	0.0017454695274982	0.0010711332952836
04210 Apoptosis [PATH:ko04210]	0.0013758758400155	0.0012154283231616	0.0013628382470671	0.0013639878278172	0.0013639878278172	0.0012154283231616	0.0006870653703188	0.0007130264501415	0.0008410529783658	0.0012354987869038	0.0012323847296934	0.0011672224108252	0.0012879333874287	0.0012356331175827	0.0011672224108252	0.001267150483944	0.0011855118750069	0.0012790631154717	0.00117936044054	0.0009602702535311	0.0014841840157752	0.0012573366376795	0.0012917887502304	0.0012523187885656	0.0012356331175827	0.0012762299787705	0.001239343479464	0.0012203146016058	0.0018607283780688
03060 Protein export [PATH:ko03060]	0.0019289296660799	0.0019652850442456	0.0019904757085325	0.0019002496941918	0.0019002496941918	0.0019652850442456	0.0008534780285494	0.0008395360634168	0.0008747846275576	0.0019722552160574	0.0010759604372193	0.0010297803262545	0.0009610497458318	0.0008971484933368	0.0010297803262545	0.0008785565459245	0.0009154849878538	0.0009516330838762	0.0010619689687169	0.0008764615534892	0.0008803639449659	0.0011134828383132	0.0019428862299903	0.0010976284672714	0.0008971484933368	0.0010754264965071	0.0008866300561287	0.0008934309600089	0.0008927074893165
04935 Growth hormone synthesis, secretion and action [PATH:ko04935]	0.0013837357518374	0.0013097981745124	0.0013808710988686	0.0013601197034987	0.0013601197034987	0.0013097981745124	0.0007045953400776	0.0007173171560613	0.0008163337438838	0.0012729697841775	0.0012969522151603	0.0012609227714084	0.0013423156584218	0.0013598234161256	0.0012609227714084	0.0014254904439391	0.0014391796613655	0.0013013706706078	0.001261686824781	0.0008961215214104	0.0009197792389497	0.0012470890926372	0.0013041695846987	0.0012046547643201	0.0013598234161256	0.0013616254579168	0.001269004161328	0.0013289621928392	0.0014207240304353
00333 Prodigiosin biosynthesis [PATH:ko00333]	0.0002743236789526	0.0003277434348665	0.0002754480308005	0.0002721973991035	0.0002721973991035	0.0003277434348665	0.002129718965716	0.0021677146785884	0.0021170912508849	0.0002372235239171	0.0015143346095037	0.0016314769200232	0.0015596420623486	0.0016694195931471	0.0016314769200232	0.0016858587866212	0.0016966196902752	0.0015728834542942	0.0015144552000696	0.0021201502134948	0.0005919833649276	0.0015008719060353	0.0002128234861667	0.0016403786250578	0.0016694195931471	0.0015145729140175	0.0017048043492131	0.001748447037915	0.0004632386051974
04660 T cell receptor signaling pathway [PATH:ko04660]	0.0016416805859106	0.0015678064219721	0.0016303295207339	0.0016397116121825	0.0016397116121825	0.0015678064219721	0.0009306847511875	0.0009562598057735	0.00093727115822	0.001534991820184	0.001226409829942	0.0011805422294541	0.0011925073672602	0.0011838873438539	0.0011805422294541	0.0012820463465296	0.0013220630898194	0.0012004940382294	0.0011799576128584	0.0010176877829709	0.0009285557247985	0.0011849334458897	0.0016055383956935	0.0011225328853205	0.0011838873438539	0.0012436872335213	0.0011940312977472	0.001209941316925	0.0010868351685834
04612 Antigen processing and presentation [PATH:ko04612]	0.0013840505736276	0.0013245271534867	0.0013913588606385	0.0013604345252889	0.0013604345252889	0.0013245271534867	0.0009840384585676	0.0009965595027531	0.0011339647812853	0.0013478351269845	0.0012475410920581	0.0012458072922273	0.0012435478940776	0.0011609550165999	0.0012458072922273	0.0011345639014794	0.0011318402954037	0.0012346776221206	0.001273365308189	0.0012008491151016	0.0018378531907123	0.0012989666040778	0.0013537284142461	0.0011884400152534	0.0011609550165999	0.0012435124052813	0.0011568701714038	0.001134035517974	0.0017694636813095
04214 Apoptosis - fly [PATH:ko04214]	0.0013862768860554	0.0012754036872927	0.0013834122330866	0.0013742881634276	0.0013742881634276	0.0012754036872927	0.0010868164819219	0.001112275632249	0.0010394937906114	0.0012354987869038	0.0013649268191694	0.0012631736078247	0.0012007503403702	0.0012076467306563	0.0012631736078247	0.0012258359310295	0.0012194124506642	0.0011592589625576	0.0012893829538182	0.0010548223039355	0.0016433111656633	0.0013222395098809	0.0013423129755352	0.0012423416220194	0.0012076467306563	0.0013312551884777	0.0011971282934482	0.0011651845247209	0.0017521916342971
00982 Drug metabolism - cytochrome P450 [PATH:ko00982]	0.0009624710854648	0.0007415073920348	0.00096753066878	0.0009184861515456	0.0009184861515456	0.0007415073920348	0.0020702905723875	0.0021347337762182	0.0020777368886667	0.0006240569499045	0.0012900196104838	0.0012886580287985	0.0013843204908305	0.0014869072776392	0.0012886580287985	0.0015362517210943	0.001312759238263	0.0014138724357039	0.0012680227994551	0.0020017562174322	0.0007789159022362	0.0012383745596136	0.0006271114642251	0.0016141492397269	0.0014869072776392	0.0012220864344385	0.001476388840431	0.0015090195260496	0.0007525829695096
00670 One carbon pool by folate [PATH:ko00670]	0.0017252837695136	0.0016542534813054	0.0017760946960626	0.0016980466805462	0.0016980466805462	0.0016542534813054	0.0011571546335142	0.0011432645393681	0.0011203150224403	0.0017473594597327	0.0010821688970974	0.0011049442652999	0.0010699477501109	0.0010212428522598	0.0011049442652999	0.0010202682437588	0.0010770125540001	0.0010773880310816	0.0011284562713568	0.001187408971998	0.001415501784375	0.0010911105865287	0.0017429536963059	0.001115679455123	0.0010212428522598	0.0011081424494514	0.0010534108123198	0.0010343819344617	0.0015160803417818
00565 Ether lipid metabolism [PATH:ko00565]	0.0008313773528172	0.001032085089482	0.000816091056173	0.0008242878598481	0.0008242878598481	0.001032085089482	0.0014367119154841	0.0014882325315329	0.0014216020952266	0.0009359738867752	0.0014506485637927	0.0015107301747065	0.0015532206444881	0.0015992861020268	0.0015107301747065	0.0016526092940588	0.001595417396312	0.0016001759222864	0.0014854643188625	0.0013973818144541	0.000782067320151	0.0014594364563416	0.0009279027061635	0.0013791750834276	0.0015992861020268	0.0013767363446712	0.0015575868365093	0.0015620795289722	0.0008521301122316
01006 Prenyltransferases [BR:ko01006]	0.0017759428391858	0.0014926825552308	0.0018341158260949	0.0017492884367174	0.0017492884367174	0.0014926825552308	0.0013661649996323	0.0013650607547422	0.001332719084384	0.0016851841658017	0.0011269954894167	0.0011854521925213	0.0010768948814609	0.0012213006116392	0.0011854521925213	0.0012078793165844	0.0011949850351023	0.0011553784851175	0.0011507456468992	0.0012693982181723	0.0010979907498816	0.0011593002087489	0.0017678182159619	0.0012122404063213	0.0012213006116392	0.0011077043011214	0.0011997701713477	0.001191753296573	0.0009441892565676
04724 Glutamatergic synapse [PATH:ko04724]	0.0012470448995582	0.0010560935451214	0.0012447424225133	0.0012252897267485	0.0012252897267485	0.0010560935451214	0.0013939958290008	0.001353490468651	0.0014007580624431	0.0010233470042157	0.0014843843965274	0.0013825940900561	0.0015657375092107	0.0015632660273287	0.0013825940900561	0.0016141087622732	0.0016627347421966	0.0015142830794439	0.0013987781296757	0.0013249588587815	0.0012621808556332	0.0013864801819017	0.0010533249990086	0.001396130788935	0.0015632660273287	0.0014691149115328	0.0015293619688885	0.0015634902186614	0.0011411616351153
04725 Cholinergic synapse [PATH:ko04725]	0.0009687626955309	0.000813007880489	0.0009738222788461	0.0009606604178519	0.0009606604178519	0.000813007880489	0.0015064410218819	0.0014790105061997	0.0016348035306431	0.0007737242242538	0.0016642923437517	0.0015506442642365	0.0016498112585353	0.0018089405954186	0.0015506442642365	0.0017804327616219	0.00181010430217	0.0016193757126741	0.0015226810684559	0.0016498984968229	0.0005859592019842	0.0015919903956758	0.0008024804133185	0.0016396978990483	0.0018089405954186	0.0016018627190999	0.001721338136627	0.0017535634986141	0.0008308476151973
04976 Bile secretion [PATH:ko04976]	0.0007866138107555	0.0007637923621802	0.0007125385779292	0.0008388630463075	0.0008388630463075	0.0007637923621802	0.0018092297820598	0.0018080251512707	0.0019429380419398	0.0005116263943918	0.0016189654068879	0.0016769702371184	0.0015847644786314	0.0016459261891578	0.0016769702371184	0.0016746572601996	0.0015326434118106	0.0015275089378896	0.0016262590886535	0.0019455777730668	0.0019332790178587	0.0015833201381342	0.0005140700058483	0.0015224017453316	0.0016459261891578	0.0016042263708676	0.0016023717426996	0.0016034639832224	0.0017652910687477
00563 Glycosylphosphatidylinositol (GPI)-anchor biosynthesis [PATH:ko00563]	0.0025025483151055	0.0021059582946975	0.0024075112530467	0.0025650385891394	0.0025650385891394	0.0021059582946975	0.0012806739120275	0.0012927570599899	0.0012000216222685	0.0018218258135518	0.0010756299191152	0.0011101626070592	0.0011840838278251	0.0011994848703213	0.0011101626070592	0.0011762979117537	0.0012415116190085	0.0012241452146512	0.0011490945993631	0.0011233780808636	0.0007002573195714	0.0010598791378743	0.001856271696677	0.0010903589522207	0.0011994848703213	0.0010966914230734	0.0011765928149645	0.0012126239525232	0.0010082735471367
04727 GABAergic synapse [PATH:ko04727]	0.0016518644813379	0.0017631770997344	0.0016614214720443	0.0016377862058291	0.0016377862058291	0.0017631770997344	0.0015017361603412	0.0014216444310934	0.0014691124384357	0.0014975024013339	0.001276949490732	0.0013082813911871	0.0014831024048852	0.0014245568869271	0.0013082813911871	0.0014891410629785	0.0015217476457198	0.0014805796339017	0.0012976714682176	0.0012884667135092	0.0011355806343649	0.0012757176926191	0.0015174483486087	0.0013453312267399	0.0014245568869271	0.0013185448398203	0.0014016648315703	0.0014376959691289	0.0011282290643264
00290 Valine, leucine and isoleucine biosynthesis [PATH:ko00290]	0.0012664801110912	0.0012872275483991	0.0013139179820968	0.0012792775276331	0.001279277527633	0.0012872275483991	0.0017363783385921	0.0017086103125858	0.0016751892919049	0.0013853245458346	0.0014333225132206	0.001453423002792	0.001381178992225	0.0014276170960465	0.001453423002792	0.0014172443421841	0.0013592859055081	0.0014270414900262	0.0014937036650642	0.0015733966874783	0.0025753346200751	0.001420859304224	0.0013796452212954	0.0014988666771434	0.0014276170960465	0.0014337332739898	0.0013620386434215	0.0014109846718494	0.001637078319168
04062 Chemokine signaling pathway [PATH:ko04062]	0.0017516372878322	0.0018824857139631	0.0017606321026148	0.0017495676036746	0.0017495676036746	0.0018824857139631	0.0011424449280636	0.0011546803329116	0.0010821792415959	0.0016721840446331	0.0014641214166446	0.0014116682352298	0.0014930571818747	0.0015239525783866	0.0014116682352298	0.0016190126967879	0.0016082383314568	0.0014631680260121	0.0013896843359181	0.0010707431080757	0.0009621924537157	0.0014160594516654	0.0017433415230068	0.0012974216441309	0.0015239525783866	0.0015154227626556	0.0014648077177737	0.0015228628614991	0.0012910945660564
04540 Gap junction [PATH:ko04540]	0.0015762358024312	0.001517776072136	0.0015739333253863	0.0015383841724627	0.0015383841724627	0.001517776072136	0.0008139171756284	0.0008002763681932	0.0008857126542103	0.0016349289042201	0.0015628642257478	0.0015885291889742	0.0017408186556046	0.0017631610466125	0.0015885291889742	0.0018331172473492	0.0016344772714922	0.0017167306107169	0.0015906419123151	0.0009660389596778	0.0009584336659919	0.0015372354706093	0.0016428706414538	0.0014093208862102	0.0017631610466125	0.0016331585188616	0.0016425225785708	0.0017077839498079	0.0015821286069458
00621 Dioxin degradation [PATH:ko00621]	0.0	0.0	0.0	0.0	0.0	0.0	0.0024731185588535	0.0024710589698852	0.0024707725428407	0.0002496227799617	0.0019809201688744	0.0020974839610268	0.0020675404113119	0.0021981154434288	0.0020974839610268	0.0022401754868328	0.0019917063683329	0.0021413156839907	0.001955781001825	0.0024478712986258	0.0007364781202062	0.0021131832332837	0.00025084458569	0.002132367804915	0.0021981154434288	0.0019777838312816	0.0021564161779112	0.0021738237612433	0.000660616078021
00624 Polycyclic aromatic hydrocarbon degradation [PATH:ko00624]	0.0	0.0	0.0	0.0	0.0	0.0	0.0024731185588535	0.0024710589698852	0.0024707725428407	0.0002496227799617	0.0019991450640812	0.0020974839610268	0.0020675404113119	0.0021981154434288	0.0020974839610268	0.0022401754868328	0.0019778501954079	0.0021413156839907	0.001955781001825	0.0024478712986258	0.0007661077498359	0.0021314081284906	0.00025084458569	0.0021505927001218	0.0021981154434288	0.0019777838312816	0.0021564161779112	0.0021738237612433	0.0007093260358323
04977 Vitamin digestion and absorption [PATH:ko04977]	0.0009885575637561	0.0013953057274202	0.000965347030828	0.0009781124344785	0.0009781124344785	0.0013953057274202	0.001037514651932	0.0010630741881582	0.0010129547789495	0.0008860789859109	0.0018775147262287	0.0018465685302283	0.0015675449417966	0.0017787802964784	0.0018465685302283	0.0016380691516497	0.0016514841851262	0.0015860410547187	0.0018186053344477	0.0009748451468743	0.002997449076575	0.0018750912320764	0.0008779560499152	0.0017888804370038	0.0017787802964784	0.0017866822095027	0.001796719457449	0.0016614565617683	0.0017348000931465
00900 Terpenoid backbone biosynthesis [PATH:ko00900]	0.0019407219285418	0.0017884488169553	0.0020220516750297	0.0019598173429251	0.0019598173429251	0.0017884488169553	0.0014368623767309	0.0014358066467535	0.0013900701323532	0.0022467054610578	0.0013113401954862	0.0013185116934593	0.0011862348427463	0.0013039916905817	0.0013185116934593	0.001288761679691	0.0012249232749301	0.0012320973405474	0.0012724311714951	0.0013404630246488	0.0018996273646944	0.001322397785305	0.0023072274598033	0.0012621130260385	0.0013039916905817	0.0012373743215703	0.0012778828392188	0.001289987082825	0.001421295880667
02044 Secretion system [BR:ko02044]	0.0018237952120927	0.0018086344449206	0.0019458167184993	0.0018075906567348	0.0018075906567348	0.0018086344449206	0.0010965719663484	0.0010824292294177	0.0010635714334142	0.001747488320464	0.0015422115093346	0.0015176703340627	0.001468133619612	0.0014406251629791	0.0015176703340627	0.0013971352563446	0.0014408749281901	0.0014371516837522	0.0015411823401195	0.0010526738278349	0.0017645030966641	0.0015767362361189	0.0017549467040732	0.0018373897628672	0.0014406251629791	0.0015758787615443	0.0014190947226876	0.001423992738782	0.0011376258051865
00130 Ubiquinone and other terpenoid-quinone biosynthesis [PATH:ko00130]	0.0013778679380265	0.0011802728139937	0.0013359980529108	0.0013920594049184	0.0013920594049184	0.0011802728139937	0.0018515664038772	0.0018899481419862	0.001802934088568	0.0013107253483131	0.0014441178226995	0.0014979125986306	0.0014990702198465	0.0016817741683105	0.0014979125986306	0.0017778727397405	0.0014651739905411	0.0016765099210668	0.0014859540056927	0.0018709857975496	0.0013681981908544	0.0014653489000625	0.0013289667453096	0.0019497122321183	0.0016817741683105	0.0013598551504554	0.001620774126757	0.0016237692550656	0.0013053943495359
04510 Focal adhesion [PATH:ko04510]	0.0019651603623403	0.0019812512354974	0.0019560580008592	0.0020430636966044	0.0020430636966044	0.0019812512354974	0.0012579611642327	0.0012831346752223	0.0012015345559048	0.0020091472173022	0.0015145535552595	0.0014452814726715	0.0013572194253887	0.0014108703328768	0.0014452814726715	0.0014392384718817	0.0014624147635713	0.0013215291585511	0.0014601168423229	0.0011378847774937	0.0009266068183755	0.0014250360791047	0.0020437449382443	0.0013267219330255	0.0014108703328768	0.0015065629167084	0.0013957734845974	0.0013968657251202	0.0014331686546768
04310 Wnt signaling pathway [PATH:ko04310]	0.0021242084715282	0.0019659975999569	0.0020862738178799	0.0021199485240601	0.0021199485240601	0.0019659975999569	0.0013490707433103	0.0013087176398461	0.001289070280309	0.001822257527273	0.0013981774404798	0.0012980269605508	0.0014594651032165	0.0014471792948447	0.0012980269605508	0.0015687447159761	0.0014927288970873	0.0014464328902802	0.0012773917312075	0.0012910189930968	0.0011471618272323	0.0013324562526045	0.0018308101673709	0.0013004182138525	0.0014471792948447	0.0013691815577589	0.0014715520478272	0.0015003769578742	0.0011110402873281
04022 cGMP-PKG signaling pathway [PATH:ko04022]	0.001848383507625	0.0018500167289243	0.0017895407980934	0.0018915176807881	0.0018915176807881	0.0018500167289243	0.0015038819644889	0.0015027258486124	0.0014862422932907	0.0015102117296711	0.001469534745947	0.0014475790555968	0.001468658361292	0.0013847558095345	0.0014475790555968	0.0014843102529271	0.001472539561359	0.0014766450322612	0.0015019310341478	0.0014623790728863	0.0015301548760692	0.0014150153570288	0.0015426333359205	0.0014208577488911	0.0013847558095345	0.0014654470092357	0.0013935381483623	0.0014664110707427	0.0014539660221777
00910 Nitrogen metabolism [PATH:ko00910]	0.0007927635956531	0.0008385494280751	0.0008277798229833	0.0007876996721037	0.0007876996721037	0.0008385494280751	0.0025014478202531	0.0025126274951237	0.0025568880934265	0.0008736797298663	0.0015948902254038	0.0016740570774299	0.0017590087289146	0.0018130840310477	0.0016740570774299	0.0018276100427818	0.0017618790613505	0.0017617406789075	0.0016306738954023	0.0025089007863105	0.0015254790052532	0.0015799018538557	0.0008779560499152	0.0017189059812455	0.0018130840310477	0.0016254220267648	0.0018438903760423	0.0018430797287793	0.0015560848449272
00983 Drug metabolism - other enzymes [PATH:ko00983]	0.0016547652272626	0.001567818415998	0.0016750573338727	0.0016538730217056	0.0016538730217056	0.001567818415998	0.0022443492524627	0.0022029404190212	0.0021923143597132	0.0016101672352836	0.0015170723749724	0.0014445887837341	0.0012825302953462	0.0013491928002913	0.0014445887837341	0.0013375756349578	0.0013210050815899	0.0012789147443656	0.0014125795780487	0.0021161795400688	0.0017718698563304	0.0014977480955847	0.0016051505689926	0.0016177965890844	0.0013491928002913	0.0014047613116349	0.0013606983692499	0.0013196454852251	0.0018820590922686
04137 Mitophagy - animal [PATH:ko04137]	0.0021363098789393	0.0021990813332159	0.0020882022853113	0.0021305551706917	0.0021305551706917	0.0021990813332159	0.0013460318337429	0.0013712902122718	0.0014234170643393	0.0019849214752723	0.0015147065708523	0.0014348117192385	0.0014026903518579	0.001315660942104	0.0014348117192385	0.0013625736564218	0.0014137949069674	0.0013780559169717	0.0014369244425794	0.0014511718355419	0.0015612956356098	0.0015426457167096	0.0020577471951753	0.0014729963549303	0.001315660942104	0.0015459479750799	0.0013730697043367	0.0013042841507877	0.0013892910405391
00950 Isoquinoline alkaloid biosynthesis [PATH:ko00950]	0.0007405593672082	0.0009226791095396	0.0007439324227516	0.0007230200271287	0.0007230200271287	0.0009226791095396	0.0025079184501644	0.0026245001037983	0.0023744861304137	0.0009984911198472	0.0016714990916536	0.0016833206966893	0.0018274598421897	0.0019581095212175	0.0016833206966893	0.0020323083315358	0.0019320623673102	0.0019780795485294	0.0017008534062773	0.0023645794781985	0.0012064944214815	0.0016143072077076	0.0010033783427603	0.0021602529036137	0.0019581095212175	0.0016116725654743	0.0019824822742001	0.0019854774025087	0.0010939048240896
00790 Folate biosynthesis [PATH:ko00790]	0.0012649844853265	0.0013593004355787	0.0013118601804081	0.0012292591352072	0.0012292591352072	0.0013593004355787	0.0020642400222222	0.002049595355796	0.0021585358038107	0.0014601714670652	0.0016898484437638	0.0016123321881634	0.0015686195094406	0.0016565081442894	0.0016123321881634	0.0015688016605724	0.0016616702290546	0.0015655503484585	0.0016680328366827	0.0021624622065608	0.0017680655152883	0.0015920867945966	0.0014295245184986	0.0015020622075206	0.0016565081442894	0.0016569442640631	0.0016574952760399	0.001674902859372	0.0018332276137173
04912 GnRH signaling pathway [PATH:ko04912]	0.0017461746055763	0.0016616038745976	0.0017059912482323	0.0017055500257983	0.0017055500257983	0.0016616038745976	0.0010185864686158	0.0010310071269022	0.0011339629659429	0.0016597089947329	0.0017880675342243	0.0017428087803506	0.0018115053134673	0.0017683795026138	0.0017428087803506	0.0018117800575384	0.0017372505846705	0.0017326844988214	0.0017603414899385	0.0012143795906938	0.0010457053003547	0.0017772380724043	0.0017057757012267	0.0016536835574398	0.0017683795026138	0.001859484380215	0.0016982226389175	0.0017156302222496	0.0017012702307473
04261 Adrenergic signaling in cardiomyocytes [PATH:ko04261]	0.001859167095393	0.0016396732674888	0.00178110285775	0.0019005411034565	0.0019005411034565	0.0016396732674888	0.0013721188936505	0.0013447368928809	0.0014100747558226	0.0015476827269448	0.0017052245731253	0.0016805129601338	0.0017702095230979	0.0016937431274678	0.0016805129601338	0.001719838932436	0.0017826535035208	0.0016966434294285	0.0017275369722475	0.0013726792444836	0.0012514733681701	0.001660267566567	0.0015550141703888	0.0016083286545976	0.0016937431274678	0.0017209562844424	0.0016520438619502	0.0016952812270206	0.0015583717833183
04013 MAPK signaling pathway - fly [PATH:ko04013]	0.0019459797807581	0.0019537595952181	0.0019555367714646	0.0019640624104316	0.0019640624104316	0.0019537595952181	0.0013045450368086	0.0012771145211263	0.0014381035964229	0.0020220724025	0.0015648430647513	0.0015706523243377	0.0016226015393513	0.0016213693187786	0.0015706523243377	0.0016647698737031	0.0015580507417979	0.0016253334893442	0.001600907680236	0.0014277445187844	0.0011759999190647	0.0015809501309789	0.0020067566855207	0.0015172447338587	0.0016213693187786	0.0016180934645646	0.0015952604674157	0.0015686200384144	0.0015674037994338
04915 Estrogen signaling pathway [PATH:ko04915]	0.0017215408574967	0.0014685605538272	0.0017305356722793	0.0016826764428183	0.0016826764428183	0.0014685605538272	0.0010767398874377	0.0010891605457241	0.0012404313986554	0.0014975024013339	0.0018171519452588	0.0017834891801249	0.0017045697355041	0.0017304812048899	0.0017834891801249	0.0017609668689453	0.0016971359682132	0.0016746805796415	0.0018023705596812	0.0013341706985995	0.0018055594766097	0.0018120118819731	0.0015550141703888	0.0016118002476745	0.0017304812048899	0.0018263776562636	0.0016350835390209	0.0016505882345672	0.0026969283679094
00780 Biotin metabolism [PATH:ko00780]	0.0007402884719418	0.0004861055256596	0.0007640074074445	0.0006982283970128	0.0006982283970128	0.0004861055256596	0.0026961684538152	0.0027205752302389	0.0026602904900003	0.0005617627929956	0.001941199098596	0.0021559937654241	0.0019935418875549	0.0021616002712933	0.0021559937654241	0.0021538132467968	0.0021578058125781	0.0020346960543782	0.0020075474563807	0.002664187915576	0.0008494175808033	0.00196379722643	0.0005642064044522	0.0020984252782761	0.0021616002712933	0.0020014383896335	0.0021846114092105	0.0022058247681142	0.0008552326708262
04020 Calcium signaling pathway [PATH:ko04020]	0.0017831518085316	0.0017614221414679	0.0017050875708886	0.0017672126574938	0.0017672126574938	0.0017614221414679	0.0014787480607412	0.0014251038224517	0.0014476557732242	0.0016599289057825	0.0018011660946941	0.0017457070433512	0.0018824933591878	0.0016893940058352	0.0017457070433512	0.001759037617617	0.0018052209355592	0.0017710514386865	0.0017773110692179	0.0014502282874647	0.0012633860686501	0.0017855378010206	0.0016678706430163	0.0018292374270194	0.0016893940058352	0.0018472564495249	0.0017124051437524	0.0017336185026562	0.0016382300919998
02022 Two-component system [BR:ko02022]	0.0007741495217492	0.0006823911693867	0.0009210680888557	0.00075586280128	0.00075586280128	0.0006823911693867	0.0025943984698653	0.0025663292861618	0.0026562705462319	0.0007612922434759	0.0021216702248764	0.0019823580548899	0.0018898260539597	0.0018476898583376	0.0019823580548899	0.0017311508086572	0.0018652243570735	0.0018099124593167	0.0020621553260617	0.0028039617591076	0.0018210422549779	0.0021138184131835	0.0008030579823749	0.0021327931754182	0.0018476898583376	0.0020199472175834	0.0018720626113202	0.0017717386126754	0.0016733469399663
00100 Steroid biosynthesis [PATH:ko00100]	0.002280065290355	0.0021010502604156	0.0022523035766864	0.0023091804536379	0.0023091804536379	0.0021010502604156	0.0018585321401086	0.0018176407545223	0.0018483014660853	0.0021465456443071	0.0015237787323267	0.001526408273604	0.0013740625810744	0.0015781114257067	0.001526408273604	0.0015457344448284	0.0015242241576292	0.0014804589596087	0.0015312183368815	0.0018121976721411	0.0012163806312735	0.0015002562898315	0.0021061398800031	0.001369153335592	0.0015781114257067	0.001505196545993	0.0015157497690878	0.0015111333462531	0.0017617470959784
04621 NOD-like receptor signaling pathway [PATH:ko04621]	0.0016697221624346	0.0017741324793567	0.0016883277412729	0.0016566199446676	0.0016566199446676	0.0017741324793567	0.0015641969679604	0.0015761312151111	0.0013624956755864	0.0019969822396946	0.001478116598329	0.0015069516836671	0.0018059148541508	0.0015600651309624	0.0015069516836671	0.0016688222917373	0.0017330789290498	0.0018912923487796	0.0015117617469446	0.0013523462136894	0.001536359600127	0.0015359795101052	0.0020184057002514	0.0015179122937326	0.0015600651309624	0.0015621372891691	0.0017157138717552	0.0017297210031472	0.0046704220439511
00600 Sphingolipid metabolism [PATH:ko00600]	0.0015583396383061	0.0016401934721645	0.0015079833409825	0.0016166214673794	0.0016166214673794	0.0016401934721645	0.001698602252828	0.0017237965980846	0.0017678674836696	0.0018473661116549	0.0016684773956645	0.0017919652155468	0.0020079459866176	0.0020378814565837	0.0017919652155468	0.0020432715688293	0.0021029532657954	0.0020333359905117	0.0017285314207716	0.0019142728539279	0.0008237741593741	0.0016618653261489	0.0018689535582074	0.0016871817657281	0.0020378814565837	0.0018061099707749	0.0020375069732688	0.0021377072415419	0.0009454237758517
02024 Quorum sensing [PATH:ko02024]	0.0010503380873849	0.0013744763584442	0.0011978188304153	0.0010527863672458	0.0010527863672458	0.0013744763584442	0.0023633350088507	0.0022825405783092	0.0022977528023527	0.0011233025098281	0.0019994229335281	0.0020046891333458	0.0019570273949784	0.0020049278619701	0.0020046891333458	0.0019753371764113	0.0019278541517165	0.0019650140659477	0.002008150526655	0.0022489833286084	0.0011339832411312	0.0019539005395709	0.0011288006356053	0.0018878752208257	0.0020049278619701	0.0019709574997814	0.002010493404792	0.0020077798697432	0.0014189954780703
04072 Phospholipase D signaling pathway [PATH:ko04072]	0.0016834853764834	0.0017838002505177	0.001692480191266	0.0017160689921067	0.0017160689921067	0.0017838002505177	0.0014277355120778	0.0014661327685466	0.0014546739114423	0.0021342686795757	0.0019414618493217	0.0017879840951011	0.0018668396442355	0.0018932238615602	0.0017879840951011	0.0019781621351347	0.0018547573312915	0.001810676883491	0.0017941428283469	0.0015090740330312	0.0014900929418991	0.0018465448725673	0.0021697448001458	0.0017514714872186	0.0018932238615602	0.0019522882098801	0.0018515245960426	0.0018560172885055	0.0019527273063303
04371 Apelin signaling pathway [PATH:ko04371]	0.002102705850545	0.0021369684644953	0.002085117076856	0.0020239076407869	0.0020239076407869	0.0021369684644953	0.0011796571348343	0.0012182396447415	0.0012550907069371	0.0018970267340821	0.0018389349965024	0.0017291422686869	0.0019114864054377	0.0019440675175806	0.0017291422686869	0.0019829234044318	0.0018661054212162	0.0018547772546946	0.0017875402571427	0.0012967356584482	0.0017490633116495	0.0017453466655338	0.0019442394524486	0.0016467160567348	0.0019440675175806	0.0018617696062695	0.0018551034437236	0.0018797172545674	0.0022242660070737
03320 PPAR signaling pathway [PATH:ko03320]	0.0013160240590363	0.0019199909169296	0.0012741541739206	0.0013155346951969	0.0013155346951969	0.0019199909169296	0.0021945972757396	0.0021666284779352	0.0022123158380866	0.0018470806869082	0.0017927551546323	0.0016665715868977	0.0017773387181275	0.0018052599455335	0.0016665715868977	0.0018039794988005	0.0018237098717979	0.0018184928849509	0.0017349948817274	0.0021499859252389	0.0025832596404633	0.0016822708591546	0.0018813343926756	0.0016888739736831	0.0018052599455335	0.0016742287477937	0.0018457166785461	0.0018391973679256	0.002435578065822
04024 cAMP signaling pathway [PATH:ko04024]	0.0018675836100446	0.0018720723470833	0.0017996923123813	0.0018869444287481	0.0018869444287481	0.0018720723470833	0.001939462947275	0.0019116100537294	0.0018597860899632	0.0016223137913148	0.0019253798104296	0.0017832571333326	0.0018867279987542	0.0018094687961366	0.0017832571333326	0.0019221965965312	0.00191166663618	0.0018137082950833	0.0018061845227938	0.0017841906272655	0.0014796490181724	0.0018300047303876	0.0016804364632338	0.001762944521295	0.0018094687961366	0.0018959655825583	0.0017884319217204	0.0018536932929575	0.0019837378856023
00254 Aflatoxin biosynthesis [PATH:ko00254]	0.0002927934282475	0.0001215428323161	0.0002549125479484	0.0002908685692572	0.0002908685692572	0.0001215428323161	0.0024378489425125	0.0023966927518556	0.002354975041556	0.000137286439881	0.0027421860601949	0.0027360368388146	0.0025121481910567	0.0028748544635053	0.0027360368388146	0.0028740468072022	0.0026301508321096	0.0025759604117813	0.0025160647151861	0.0023975197981419	0.000787318574993	0.0028246356918989	0.000125422292845	0.002705606224483	0.0028748544635053	0.0025518874196408	0.0027399871963743	0.0027923336767422	0.0005151083162008
04361 Axon regeneration [PATH:ko04361]	0.0017577960997118	0.0015882225688397	0.0016689967461653	0.0017897330453748	0.0017897330453748	0.0015882225688397	0.0022740830908825	0.0023249010056376	0.0021361063875845	0.0013475577794252	0.0018418973218134	0.0017625357344349	0.0018890728169089	0.0019203663144487	0.0017625357344349	0.0019304483442734	0.0019222581463276	0.0018102520022631	0.0017727404775856	0.0020341995324715	0.0019121695561865	0.0017546086458693	0.0013784900831825	0.0019797193971865	0.0019203663144487	0.0018976333211353	0.0019039078511039	0.0019103034313526	0.0016943436592378
04666 Fc gamma R-mediated phagocytosis [PATH:ko04666]	0.0019895213850183	0.0019898296661479	0.001990029787593	0.0019943172343106	0.0019943172343106	0.0019898296661479	0.0016090023613109	0.0015944735991436	0.0015682925999766	0.0022838601600695	0.00194858649183	0.0017887050756487	0.001843018850835	0.001882269605735	0.0017887050756487	0.0018653383158953	0.0017809677757205	0.0018084213639946	0.0018671536768522	0.0015055384098744	0.0013562680406808	0.0018349475481137	0.0023451137492391	0.0016980594049227	0.001882269605735	0.0019421917085974	0.0018658111423901	0.0018334620500313	0.0017118036554368
04722 Neurotrophin signaling pathway [PATH:ko04722]	0.0024265153340466	0.0023181534687898	0.0024094887362816	0.0023808908141806	0.0023808908141806	0.0023181534687898	0.0012908406016032	0.001302875234653	0.0012464927467479	0.0022713851101693	0.0017347662893794	0.0017656948222527	0.0018690183225544	0.0017992215696814	0.0017656948222527	0.0018661292292257	0.0018040852352778	0.0018775513835223	0.0017818788618723	0.001262121195097	0.0013166714862542	0.0017695809140983	0.0023205063309837	0.0016752884565231	0.0017992215696814	0.0018419836753487	0.0017859799023425	0.0018163023765438	0.0016965008189356
03410 Base excision repair [PATH:ko03410]	0.0018797228525617	0.0021130731676519	0.0018423503748373	0.0018645310819137	0.0018645310819137	0.0021130731676519	0.0018384029246099	0.0017449351929974	0.0017995766472834	0.0021093943736308	0.0019724172119243	0.0018764098569237	0.0017069937876839	0.0016710103675265	0.0018764098569237	0.001646741363571	0.0017265345691159	0.0016881604637726	0.0018879632700427	0.0018155953499409	0.0022487813414217	0.0019955519102161	0.0021321789783657	0.0020184774210551	0.0016710103675265	0.0018755472030926	0.0016940215054437	0.0016764901917399	0.0022726848282329
00860 Porphyrin and chlorophyll metabolism [PATH:ko00860]	0.0021489712596235	0.0022110987981754	0.0021494796621981	0.002143799237875	0.002143799237875	0.0022110987981754	0.0016499312760942	0.0016090398905079	0.0015495004572128	0.0020468013467032	0.0019321714416695	0.0018477469431389	0.0016574435642063	0.0017676370217691	0.0018477469431389	0.0017413533435354	0.0017607589590341	0.0016822871781019	0.0018539056763847	0.0014337273531941	0.0026666011225321	0.0018885879499883	0.0020061791164642	0.001836308592922	0.0017676370217691	0.0018574327216225	0.0017525401734896	0.0016761430687973	0.0019353744777614
00830 Retinol metabolism [PATH:ko00830]	0.0008955141753162	0.001201033829104	0.0009096223467633	0.0008996219098473	0.0008996219098473	0.001201033829104	0.0024082885761348	0.0024065820158502	0.0024811364637668	0.0006240569499045	0.0018120077229514	0.0022761822182205	0.0025778200950097	0.002715917793114	0.0022761822182205	0.0029991384056194	0.0026505990364331	0.0028564014537878	0.0019584749340135	0.0024041682269283	0.0005917622913667	0.0020411241740171	0.0006396271087808	0.0021937718222041	0.002715917793114	0.0018857961612248	0.0027380608818411	0.0029024302808285	0.0010206502072474
00710 Carbon fixation in photosynthetic organisms [PATH:ko00710]	0.0017221478811176	0.0020410534026351	0.0018125262157374	0.0016965062633591	0.0016965062633591	0.0020410534026351	0.0020314264922936	0.0019509487378092	0.0019187841098066	0.0022213747938459	0.0018200847084674	0.0017451054355294	0.0018213426169662	0.0018170140659545	0.0017451054355294	0.0018131524759701	0.001804250270805	0.0018677515047659	0.001798108744112	0.0018697147010373	0.0027722106277191	0.0018041713375856	0.0022576012712107	0.0017479874608331	0.0018170140659545	0.0018336914179888	0.0017863268035203	0.0018314670563766	0.0021549157242657
00920 Sulfur metabolism [PATH:ko00920]	0.0018698340536155	0.0016791090844019	0.0018799532202459	0.0018782509435364	0.0018782509435364	0.0016791090844019	0.0023123362675578	0.0022972537049085	0.0022481544468497	0.0018721708497136	0.001926202438648	0.0019192766504696	0.0018114775600267	0.0019352599491815	0.0019192766504696	0.0018386151585636	0.0017522678224364	0.0018194642309959	0.0019522293463045	0.0022643537880742	0.0016950375638589	0.0019349759227265	0.0018424591821016	0.001898234659366	0.0019352599491815	0.001917085755482	0.0018793318845745	0.0018450799044299	0.001672782798956
04066 HIF-1 signaling pathway [PATH:ko04066]	0.0023743907056685	0.0021747534941848	0.0023686613997309	0.0023173402809503	0.0023173402809503	0.0021747534941848	0.0017755472788142	0.001774141876227	0.0017761751313214	0.0022337740498905	0.0019503007237638	0.0018128223417144	0.0018613651544679	0.0018610037828619	0.0018128223417144	0.0018200514271197	0.0019132241699724	0.0018267676676274	0.0019080395991333	0.0017398617216358	0.0017846325704559	0.0018408399189725	0.0022951670929908	0.0016446347056774	0.0018610037828619	0.0019321870456367	0.0019202677260352	0.0018419677335571	0.00258445815638
04728 Dopaminergic synapse [PATH:ko04728]	0.0022255197202914	0.0021258445967535	0.0021700500663034	0.0022285554044841	0.0022285554044841	0.0021258445967535	0.0017165284213142	0.0017152078862662	0.0017071072028782	0.0021592646269492	0.0018443831254982	0.0018652549176495	0.0021714045619939	0.0020583782509432	0.0018652549176495	0.0021166639722818	0.002229411101936	0.0021641734600325	0.0019122789297632	0.0016831868571307	0.0016557866481385	0.0018203729140802	0.002144559812834	0.0019705974184666	0.0020583782509432	0.0019197613223581	0.0020437749685389	0.0021310603459428	0.0015310408968123
00625 Chloroalkane and chloroalkene degradation [PATH:ko00625]	0.0013151262211939	0.0010443952238049	0.0013416560363163	0.0013164610059155	0.0013164610059155	0.0010443952238049	0.002818953656904	0.0028567607602641	0.002944045250362	0.0008860789859109	0.0018853764824066	0.0021217360940103	0.0024637340119518	0.0024413358777183	0.0021217360940103	0.0027932531652951	0.0023518687204997	0.0026701792680468	0.0019405165259089	0.0030142220939325	0.001265158313644	0.0020152625654349	0.0008779560499152	0.0025626560840844	0.0024413358777183	0.0018738374429965	0.0023826845829807	0.0025785924270638	0.0014142613898066
00300 Lysine biosynthesis [PATH:ko00300]	0.0020334286379795	0.002016700039172	0.0021068341481835	0.0020523593584721	0.0020523593584721	0.002016700039172	0.0021502123839171	0.0021352302071669	0.002020444680631	0.0019969822396946	0.0019572336146492	0.0019235739814955	0.0019079828216779	0.0019255686213612	0.0019235739814955	0.0019282685383368	0.0019947604636333	0.0018949506087416	0.0018487662103781	0.002037030059398	0.0023269478815485	0.001945684968548	0.0020067566855207	0.0020762831798649	0.0019255686213612	0.0019414921297099	0.0019517965552844	0.0019711070264023	0.0021234207641139
03020 RNA polymerase [PATH:ko03020]	0.0031617601183728	0.002998715911139	0.0030819555796088	0.003182025623587	0.003182025623587	0.002998715911139	0.0015421966919691	0.0015145290518619	0.0014896525748574	0.003182363049571	0.0016387884849792	0.0015186445651313	0.0015458179374396	0.0015049998839781	0.0015186445651313	0.0014878604710876	0.0016169394091786	0.0015322393345048	0.0015957444963665	0.0013743276794961	0.0035588874594343	0.0015707936278019	0.0031855039773744	0.0017172088850601	0.0015049998839781	0.0015930447609091	0.0015247942258893	0.0015349955817096	0.0023010259847475
03440 Homologous recombination [PATH:ko03440]	0.0021959625718732	0.001994235320284	0.0022806653739047	0.0021630148893962	0.0021630148893962	0.001994235320284	0.0019128439317771	0.0018982511363374	0.0019669789133897	0.0020220724025	0.0021393544066014	0.002063942008771	0.0020826441633535	0.0019473308553251	0.002063942008771	0.0019650631882204	0.0021004147516276	0.0020264814026089	0.002112314690853	0.0019703046170842	0.0025934672978369	0.0021279042518528	0.0019562324602159	0.0025665707358434	0.0019473308553251	0.0021448509745187	0.0019877875883377	0.0019683533868481	0.0022592843716839
00340 Histidine metabolism [PATH:ko00340]	0.0017508251265055	0.001372824603161	0.0017807279971713	0.0017241707240371	0.0017241707240371	0.001372824603161	0.0024128766207222	0.0023456711266296	0.0024722760444129	0.0015349191112152	0.0021006439770159	0.0021829438560271	0.0022435791340887	0.002279011164533	0.0021829438560271	0.0023429769133974	0.0023545436794333	0.0023015902438384	0.0021322327075623	0.0025156600929704	0.0024943093511019	0.0021139303670453	0.0014669789635749	0.0024303797150061	0.002279011164533	0.0021891041154021	0.0022799982962835	0.0022844909887464	0.0020699691970546
04914 Progesterone-mediated oocyte maturation [PATH:ko04914]	0.0023046930295261	0.002090188862855	0.002296152843969	0.0023101355487788	0.0023101355487788	0.002090188862855	0.0017531953480559	0.0017650777242201	0.001749051706253	0.0021092112415035	0.0021310646735479	0.0020594451237884	0.0022675038341335	0.0023092856988861	0.0020594451237884	0.0023559475041683	0.0022672280053773	0.0022008316314362	0.0020696498669392	0.0017395651145265	0.0015266540303399	0.0020623209664541	0.0021441484607522	0.0021012170048929	0.0023092856988861	0.0022128380693933	0.0022157432139577	0.0022604781431824	0.0019362721419635
00626 Naphthalene degradation [PATH:ko00626]	0.0004903842751644	0.0007292569938969	0.000523151798799	0.0004863331363249	0.0004863331363249	0.0007292569938969	0.0033753984084027	0.0033990991274588	0.0034682947721365	0.0008736797298663	0.0024648887260163	0.0025949926483094	0.0026625219282409	0.0028330367749209	0.0025949926483094	0.0029344578343285	0.0024934670754062	0.0027810669187237	0.0024473103926386	0.00343351001475	0.0011063683509404	0.0025914567761794	0.0008779560499152	0.0028306079642008	0.0028330367749209	0.0024029337063032	0.0027459278820045	0.0028256017082651	0.0010960958801083
00510 N-Glycan biosynthesis [PATH:ko00510]	0.0029183848273973	0.0026700140999663	0.0028357694090137	0.0029195108034903	0.0029195108034903	0.0026700140999663	0.0023000107039769	0.0023245663812122	0.0023137573780512	0.0027458936487023	0.0018042284992577	0.0018663633221468	0.0017407680917592	0.0017779121314515	0.0018663633221468	0.0017255913548031	0.0018036782812794	0.0017056242149202	0.0018410974663028	0.002356302134637	0.0012547427116665	0.0017850315281638	0.0026713226868194	0.0015895057919433	0.0017779121314515	0.0019091369353038	0.0018183688644641	0.0017731048812362	0.0014633387206586
04922 Glucagon signaling pathway [PATH:ko04922]	0.0027811929136486	0.0028380792662697	0.0027601773110669	0.00266101802589	0.00266101802589	0.0028380792662697	0.001486538189082	0.0015248195412919	0.0014812216690517	0.0026458950739676	0.0020293035284618	0.0020411869221075	0.002055813655259	0.001985893902181	0.0020411869221075	0.0020094618779625	0.0019569322180564	0.00203227200037	0.0020895596041895	0.0015228376433883	0.0024725898022027	0.0020504744795688	0.0026712677545513	0.0018345480262745	0.001985893902181	0.0020894747819997	0.0019648570277648	0.0019526290537869	0.0023992778801484
04721 Synaptic vesicle cycle [PATH:ko04721]	0.0029358248525787	0.0031836988492601	0.0029023876063217	0.0029460706088933	0.0029460706088933	0.0031836988492601	0.0020380562312424	0.0020888741459976	0.0019260771058211	0.0029953332965368	0.0017184858831789	0.0016429482757462	0.0017700264694611	0.0017237076215809	0.0016429482757462	0.0017141118812486	0.0017324517444173	0.0017622489775012	0.0016732036316446	0.0018240459084785	0.0028458235419516	0.0017438654338318	0.003010135028281	0.0018760843239626	0.0017237076215809	0.0017118554004266	0.0017214779573254	0.0017407884284433	0.0024586394940046
04211 Longevity regulating pathway [PATH:ko04211]	0.002099450641876	0.0025717475388973	0.0020920348081667	0.0019861638262277	0.0019861638262277	0.0025717475388973	0.0019855950757811	0.0019972645178613	0.002024856229514	0.0026584774621396	0.0022433952829446	0.0021648219323483	0.002221225933603	0.0023004648563599	0.0021648219323483	0.0023666030594714	0.0022280451585158	0.0021929759477361	0.0021623040291886	0.0020940753136607	0.001621019622762	0.0021617911848084	0.0025963023279659	0.0020671573036547	0.0023004648563599	0.00236582221723	0.0023014519881105	0.0022672000079659	0.0021702040257404
04031 GTP-binding proteins [BR:ko04031]	0.0030848689644221	0.0034612455856107	0.0030604803062969	0.0031201814151171	0.0031201814151171	0.0034612455856107	0.0016521456733167	0.0016508770092552	0.0015804432678715	0.0030949284414319	0.0019330496757663	0.0019540926540139	0.0019811160941701	0.0020568784111966	0.0019540926540139	0.0021897543506719	0.0018809361580452	0.0020286177619669	0.0019375034345755	0.0015177231007154	0.0012457942304963	0.0019633802114752	0.0031353675787706	0.0018905098225449	0.0020568784111966	0.0019777227282659	0.0019064207299108	0.0019382407682664	0.0012649350276954
04136 Autophagy - other [PATH:ko04136]	0.0021723894468384	0.0024644639620194	0.0020558821529725	0.002226556153611	0.002226556153611	0.0024644639620194	0.0020192134670945	0.0020044684147692	0.001864221665825	0.0025712312848643	0.0020636718719125	0.0020217005390464	0.0021219396194522	0.0018647156611439	0.0020217005390464	0.0017909083985025	0.0021766643835829	0.0020762863006604	0.0020800985275023	0.0018801781973677	0.0020861141633292	0.0021167111069263	0.0025214042604255	0.0021094896470517	0.0018647156611439	0.0021033098812254	0.002044243589044	0.0019879676027327	0.0052657249878083
04212 Longevity regulating pathway - worm [PATH:ko04212]	0.0020714247993859	0.0021773317656747	0.0020244415576057	0.0020656700911383	0.0020656700911383	0.0021773317656747	0.0022344871304242	0.0022459402823464	0.0023454586981203	0.0021467437294759	0.0022793251491485	0.0022767272244278	0.0022320481717559	0.0022158989313026	0.0022767272244278	0.0021884303569088	0.0021220089415614	0.0021811401319878	0.0023210538966049	0.0024141102771517	0.0021772769143946	0.0022672847620923	0.0020941703976167	0.0022805891809682	0.0022158989313026	0.0024158920320754	0.0022246812701304	0.0021942350655575	0.0024806141323777
00362 Benzoate degradation [PATH:ko00362]	0.0001776288324976	0.0003645149511843	0.0001685802443657	0.000200288691818	0.000200288691818	0.0003645149511843	0.0038355302958837	0.0038328165205344	0.0037635025010043	0.0002496227799617	0.0025985558015459	0.0029247054764495	0.0030877168851442	0.0031132641761279	0.0029247054764495	0.003204973694845	0.0030075228472053	0.0032057154856284	0.002726132635537	0.0036633859935034	0.0009777364184577	0.002787688747666	0.0002378861821653	0.0031424692150079	0.0031132641761279	0.0025446450751784	0.0031050944857357	0.0032273187601755	0.0021572733223661
04217 Necroptosis [PATH:ko04217]	0.0025102581148647	0.0024059352396217	0.0024864316326634	0.0025375124026186	0.0025375124026186	0.0024059352396217	0.0020964918760343	0.0020817986946955	0.0022580639108664	0.0025338610724406	0.0020931196832426	0.002103783258765	0.0021552583606037	0.002126439390819	0.002103783258765	0.0021190174629678	0.002061987365911	0.0021975053074242	0.0020898913792631	0.0021964880164785	0.0022417866408802	0.0021253891212275	0.0025460791297232	0.0019554252014697	0.002126439390819	0.0021332942382617	0.0021591009167542	0.002135860939693	0.002403773816691
04613 Neutrophil extracellular trap formation [PATH:ko04613]	0.0031512769324528	0.0038775579580031	0.003078272278125	0.0032092859694363	0.0032092859694363	0.0038775579580031	0.0012068125826947	0.001245495478501	0.0014219173016407	0.0029329561264698	0.0020324436869757	0.0020291871256946	0.0020799668100657	0.0020534555976729	0.0020291871256946	0.0020161206736024	0.0021202232597738	0.0020453693232253	0.0019825219871347	0.0014756885760053	0.0021253443908738	0.0020020248927422	0.002947617795209	0.0017356343231768	0.0020534555976729	0.0020851045878803	0.0021430323199655	0.0021456221246426	0.0025227746259098
04921 Oxytocin signaling pathway [PATH:ko04921]	0.0028637885872774	0.0029990559005961	0.0028399621050761	0.0027541275300905	0.0027541275300905	0.0029990559005961	0.0014682852588832	0.0014671810139932	0.0014608842702264	0.0030078541940101	0.0021664477523895	0.0022437164928396	0.0024163770683338	0.0023063987344281	0.0022437164928396	0.0024317355874598	0.0022984196983566	0.0023933818034433	0.0022679925522691	0.0015160896608408	0.0015365929796811	0.0021790942202935	0.0030225158627493	0.0021371005987698	0.0023063987344281	0.0023038411362419	0.0022555426467678	0.0023131924668617	0.0019213527300998
99997 Function unknown	0.0017365911909362	0.0012890973393711	0.0018789585773021	0.0017337101429275	0.0017337101429275	0.0012890973393711	0.0032108108696076	0.0032874894782863	0.0032807477628324	0.0015477538719483	0.0025259544927867	0.0025791044792572	0.0026274214092315	0.002558592211913	0.0025791044792572	0.0025775080827342	0.0027315924870948	0.0026085880853202	0.0025974012422177	0.0033108704783057	0.0013129242549116	0.0025213990460967	0.0014666350625354	0.0028656721239948	0.002558592211913	0.0024591988269097	0.0025361937224314	0.0026067584333944	0.0013414141597367
00400 Phenylalanine, tyrosine and tryptophan biosynthesis [PATH:ko00400]	0.0022730113661691	0.0025031351313818	0.0023068494683023	0.0022423058248613	0.0022423058248613	0.0025031351313818	0.0030315981611988	0.0030420784908496	0.0027572239345057	0.0023589413597371	0.0021777570197698	0.0022275806167652	0.0021821864767723	0.002271411079518	0.0022275806167652	0.0023570752171662	0.0021458174066991	0.0022459986974969	0.0022605333126002	0.0025262170834151	0.0024992285172366	0.0020910690125717	0.0023584161458005	0.002138524808275	0.002271411079518	0.0022075744240291	0.002218699810917	0.0022342045064633	0.0023340414479112
00220 Arginine biosynthesis [PATH:ko00220]	0.0021826278365408	0.0022838523245099	0.0022452982308413	0.0021894125282847	0.0021894125282847	0.0022838523245099	0.0025434202075983	0.0025413761369897	0.0024134723454644	0.0022716951824618	0.0022810226273974	0.0024175917342092	0.0023491542926359	0.0023358780301607	0.0024175917342092	0.0023738126249589	0.0023638653119943	0.0024350781772632	0.0025000863453176	0.00223417463427	0.00266068732674	0.0022495266806276	0.0022822086894661	0.0022986631481249	0.0023358780301607	0.0023743309700099	0.0023180579517505	0.0023297568717252	0.002857882446931
00053 Ascorbate and aldarate metabolism [PATH:ko00053]	0.0015465018527128	0.001056839225796	0.0015249778475565	0.0015218730196642	0.0015218730196642	0.001056839225796	0.0030273926428683	0.0030253485722597	0.0029531087053297	0.0010233142794824	0.0025914466497994	0.0027246447818469	0.0029464802427426	0.0030095770643782	0.0027246447818469	0.0031929793724861	0.0029830144462108	0.0030760810651767	0.0025856391625816	0.0030504404500529	0.001529654117841	0.0026674444732764	0.0010033783427603	0.00305972469555	0.0030095770643782	0.002601917908472	0.0029587209767179	0.003029285687681	0.0021333913095811
03430 Mismatch repair [PATH:ko03430]	0.0025596074980868	0.0025021635309243	0.0026069915957431	0.0025375276553284	0.0025375276553284	0.0025021635309243	0.0023000612382784	0.0022588168240083	0.0023734187470721	0.0025834281293204	0.0023459937378692	0.0023087974252365	0.0023320448075127	0.0022385767364711	0.0023087974252365	0.0022315117963082	0.0023034270934207	0.0022648262148168	0.0023103255319817	0.0023773392750448	0.0028645619949266	0.0023604413633171	0.0025826121047036	0.0027696900140447	0.0022385767364711	0.0023690659505583	0.0022492142562396	0.0022609131762143	0.0026003779541938
04068 FoxO signaling pathway [PATH:ko04068]	0.0023614405434494	0.0027581740680685	0.00235402470974	0.0023279620523321	0.0023279620523321	0.0027581740680685	0.0019515955280104	0.0020156890592312	0.0020901868697629	0.0028580468566557	0.0025243281704097	0.0025096987662037	0.0024654162066653	0.0026144368633551	0.0025096987662037	0.0026870862303444	0.002340556571265	0.0024703337166525	0.002544000132007	0.0021852741834392	0.0018436545896019	0.0024268515984507	0.002845837524862	0.0022311824703198	0.0026144368633551	0.0026346817088197	0.0025397015885874	0.0025126558359545	0.0022617485565894
04010 MAPK signaling pathway [PATH:ko04010]	0.0029273665644113	0.0027874599424253	0.0029137130221897	0.0029018822527738	0.0029018822527738	0.0027874599424253	0.0015328832436859	0.0015187560251149	0.001643243452208	0.0026331099517748	0.0026421475767302	0.0024197218859147	0.0024631804846157	0.00246760539302	0.0024197218859147	0.0024924140005323	0.0026198917620092	0.0023586324550865	0.0024948885305859	0.0017772507127566	0.0019381553285227	0.0025014038996134	0.0027091540439871	0.0024052747468895	0.00246760539302	0.002559654518557	0.0024452069035384	0.0024253673784173	0.0024255604423846
04990 Domain-containing proteins not elsewhere classified [BR:ko04990]	0.0027023949416973	0.002134499720392	0.0026961034598358	0.0027151482435013	0.0027151482435013	0.002134499720392	0.0027844810847589	0.0028347451990322	0.0026281336755108	0.0024212089776826	0.0023574674330048	0.0023583933501601	0.0023009194784433	0.0023496206320308	0.0023583933501601	0.0022548454307939	0.0022096277851357	0.0023047442084334	0.0023980893958366	0.0025017015588288	0.0026813419398657	0.0024036255734451	0.0023822672592505	0.0024381696614936	0.0023496206320308	0.0023708934002978	0.0022969093634299	0.0022865842772378	0.0026408530309233
04530 Tight junction [PATH:ko04530]	0.003095127496695	0.0033511861866011	0.0030713010144937	0.0030557369912091	0.0030557369912091	0.0033511861866011	0.0019070521858658	0.0019317567639129	0.0018705795362706	0.0031950108872096	0.0022988684689415	0.0021962240294169	0.0022166916673872	0.0022646924866346	0.0021962240294169	0.0023062910764463	0.0020404850994026	0.0021773858495689	0.0022345714051251	0.0017685432931564	0.0026491972400309	0.0022601862724987	0.0031978848118426	0.0021562765332977	0.0022646924866347	0.0022835954922089	0.0021725116167717	0.0021344538610554	0.002577993368102
04014 Ras signaling pathway [PATH:ko04014]	0.002782230211855	0.0027191882117832	0.0027476686137502	0.0027818614271685	0.0027818614271685	0.0027191882117832	0.0020790402698474	0.002129922217875	0.002000981673077	0.0024334332189869	0.0025622808811376	0.0024740422400058	0.0025839422633324	0.0024823939347258	0.0024740422400058	0.0025784391897078	0.0025514667548805	0.0024630836808755	0.0024400997477563	0.0019649060273015	0.00189814255837	0.0025562293782945	0.0025082561145453	0.0024330625243437	0.0024823939347258	0.0026604441256134	0.0024632122412502	0.0024931293918199	0.0023784573740628
00460 Cyanoamino acid metabolism [PATH:ko00460]	0.0005661045281595	0.0010462624759639	0.000599434227718	0.00056205338932	0.00056205338932	0.0010462624759639	0.0033369456059125	0.0033474744504759	0.0030071294817532	0.0011233025098281	0.0030483437389217	0.003237595999407	0.0032918643018261	0.0033021923396172	0.003237595999407	0.0032011644406351	0.0032118997520863	0.0033119995847439	0.0031039850600149	0.0029730025487655	0.0013582875474963	0.0031793854416565	0.0011158422320806	0.0033791017943365	0.0033021923396172	0.0030865053959688	0.0034092146570052	0.003371156901289	0.0024051409023773
03022 Basal transcription factors [PATH:ko03022]	0.003426869712338	0.0034037717035779	0.0033860704057209	0.0033966508649326	0.0033966508649326	0.0034037717035779	0.0020825148055134	0.0020547467795072	0.002164779182344	0.0033199879810746	0.0022552051323781	0.0021943840139939	0.002159590489914	0.0020896223835421	0.0021943840139939	0.0020467102827182	0.0021337068877485	0.0021581604989276	0.0023063699276281	0.0021679855895805	0.0022213954339735	0.0022337096470733	0.0032980353177371	0.0023248280798775	0.0020896223835421	0.0022309351606845	0.002104838314382	0.0020576714433682	0.0017150164235089
00030 Pentose phosphate pathway [PATH:ko00030]	0.0022701565835839	0.0023318162911014	0.0023542972096915	0.0022623763059167	0.0022623763059167	0.0023318162911014	0.0032242343183162	0.003129513441002	0.0030630503823113	0.00248384696515	0.0023429808478273	0.0023890157024593	0.0023507196992095	0.0024406666959719	0.0023890157024593	0.002461966117457	0.0023391765313705	0.0024197866409105	0.0023805185028307	0.0030159578344985	0.0034179330484447	0.0023559468793013	0.0024960650224326	0.0023672418945157	0.0024406666959719	0.0023498989114059	0.0023218834088708	0.0024163750137865	0.0026279561683591
00040 Pentose and glucuronate interconversions [PATH:ko00040]	0.0007784931236606	0.0010569526866043	0.0007931634710316	0.0008085644759618	0.0008085644759618	0.0010569526866043	0.0046714583632927	0.0046937448735495	0.004588946297778	0.0008612046799661	0.0024772128766574	0.0027817946418384	0.0029701120202932	0.0030098134634553	0.0027817946418384	0.0031253892390887	0.002803800334499	0.0030071042461373	0.0025731964945521	0.0046221792264268	0.0021367610185023	0.0026250376440781	0.0008403902281352	0.0027602459561386	0.0030098134634553	0.0025370941749761	0.0028883069462234	0.0030579796849368	0.0034291627437229
04810 Regulation of actin cytoskeleton [PATH:ko04810]	0.003005577988254	0.0030243017686807	0.0030004108582403	0.0030375075461473	0.0030375075461473	0.0030243017686807	0.0021436029918009	0.002168073801497	0.0021470046961446	0.0031826300527414	0.0026039655238677	0.0024231927966287	0.0022996271727647	0.0023481490932449	0.0024231927966287	0.0024457971056205	0.0022798103155635	0.0022387560810423	0.0024715654787107	0.0020977538198025	0.0022493542338197	0.0024807433249149	0.0032230697991544	0.0022739766105165	0.0023481490932449	0.0025799963983604	0.0023064498277274	0.0022592829567136	0.0028609879948797
00360 Phenylalanine metabolism [PATH:ko00360]	0.001892482618556	0.0015899898403792	0.001852861437136	0.0018419908781667	0.0018419908781667	0.0015899898403792	0.00388870753273	0.0039909093250083	0.0037579592709597	0.0017973628968434	0.0026751197528642	0.0027596071135622	0.00246072177168	0.0028098866269585	0.0027596071135622	0.0027786517562555	0.0025664823234959	0.0026287448109446	0.0026587694332282	0.0035918300865485	0.001669146930971	0.0027083133951973	0.0017809011679914	0.0031501051674571	0.0028098866269585	0.00263405117586	0.0027539585623516	0.0026422172369919	0.0021446903251427
00061 Fatty acid biosynthesis [PATH:ko00061]	0.0014116538964166	0.0017987014246515	0.0013703461872249	0.0014127232768181	0.0014127232768181	0.0017987014246515	0.0033433074352027	0.0033672122821308	0.0032713898631508	0.0013854761335457	0.0029939858927016	0.002935831416763	0.0028948969280854	0.0030512830773322	0.002935831416763	0.0029678221741794	0.0030599659337025	0.0029103238800254	0.0028450190428029	0.0032496900170473	0.0027970228183316	0.0029495101906599	0.0013416241217721	0.0031242501237446	0.0030512830773322	0.0028538062937551	0.0030780045771307	0.0030801890581763	0.001523704138836
00940 Phenylpropanoid biosynthesis [PATH:ko00940]	8.465524185987e-05	0.0004515882188221	0.0001050011218191	9.611787368013e-05	9.611787368013e-05	0.0004515882188221	0.0036131520343835	0.0036105420010072	0.0032907321696437	0.0003744341699426	0.0035723670351743	0.0036713812805985	0.0036274676418948	0.0037001590832276	0.0036713812805985	0.0036008308480626	0.0033579234594785	0.0036691681987167	0.0036328081618484	0.0032043012724816	0.0012983148601391	0.003661938818263	0.0003633084750103	0.0040883153296913	0.0037001590832276	0.003543957861216	0.0037107966029961	0.0036191763960174	0.0025005820131317
04919 Thyroid hormone signaling pathway [PATH:ko04919]	0.0030402455579958	0.0026458301304183	0.0030175434276423	0.0030495792400299	0.0030495792400299	0.0026458301304183	0.0020620235005728	0.0020738054908379	0.0023185088496372	0.0026331579329709	0.0026182592244833	0.0025167639038347	0.0023998986860092	0.0023785158723519	0.0025167639038347	0.0023610668414891	0.0025089391717756	0.0023058600984328	0.0025551112795429	0.0024393119024448	0.0027033060979037	0.0025679027173254	0.0027092026342576	0.0025978032236938	0.0023785158723519	0.0026261829428798	0.0023276597846916	0.0023078202595705	0.0032098988295374
00480 Glutathione metabolism [PATH:ko00480]	0.002906647040777	0.0024910256143074	0.0028720854426722	0.0028948156242702	0.0028948156242702	0.0024910256143074	0.0026932626743513	0.0027831650285091	0.0026246635830564	0.002508719991998	0.0024524029965926	0.0024289749234253	0.0022848424566439	0.0025711228071478	0.0024289749234253	0.0023712175985134	0.0022485195942619	0.0022660091327326	0.0023863557947703	0.0025640114251461	0.0034606955531199	0.0023830826706761	0.0025079796457559	0.0022991448103694	0.0025711228071478	0.0023519839859969	0.0025831219419817	0.0025120281770154	0.0031260633144901
00760 Nicotinate and nicotinamide metabolism [PATH:ko00760]	0.0022843848760388	0.0023918598042514	0.0023962334424657	0.0022291585998815	0.0022291585998815	0.0023918598042514	0.0031709816516704	0.0031028241695733	0.003253931079273	0.0024087460993584	0.0026517676614916	0.0027794881130927	0.0027024066011149	0.0029177663086328	0.0027794881130927	0.0028213342271802	0.0026745959073242	0.0027551629898881	0.0027254950080956	0.0033244070288626	0.0012254261597108	0.0027148658405466	0.0023957969818312	0.0028869991764409	0.0029177663086328	0.0026636575249924	0.0028669102209725	0.0028470706958513	0.0016359710311101
03460 Fanconi anemia pathway [PATH:ko03460]	0.0024962898297507	0.0025486716914996	0.0024317715876308	0.0024494238478228	0.0024494238478228	0.0025486716914996	0.0026261427024031	0.0026108472056698	0.0025734614427207	0.0026585174061754	0.0027029114180119	0.0026581314422681	0.0026724563595048	0.0025543010614463	0.0026581314422681	0.0025734859288634	0.0026109378254577	0.0026284422107087	0.0027259701205021	0.0025382864310257	0.0040072304442603	0.0026905402359619	0.0025694201251591	0.0026363535496324	0.0025543010614463	0.0027256840870116	0.0025571433741374	0.0025521216276712	0.0028037732261299
00240 Pyrimidine metabolism [PATH:ko00240]	0.0033839840224887	0.0035823404722018	0.0035268598114293	0.0033445935170029	0.0033445935170029	0.0035823404722018	0.0031680552875574	0.0031262085578927	0.0031747025689347	0.003794590085155	0.0022346925717903	0.0021703668407271	0.0021701875679769	0.0021685385817679	0.0021703668407271	0.0022075560283282	0.0021937392268423	0.0022176892357738	0.0022428361454617	0.0031535643531692	0.0024247540030399	0.0021550177881859	0.0037372307814261	0.0023156578140974	0.0021685385817679	0.0021822602017774	0.0021791761015364	0.0022037899123802	0.0026640338391411
04070 Phosphatidylinositol signaling system [PATH:ko04070]	0.0024597447906488	0.0023596903180813	0.0023957887244528	0.0025195628253025	0.0025195628253025	0.0023596903180813	0.0029231659826344	0.002841921493584	0.0028913502720839	0.0027706347242819	0.0028691434481266	0.0029266646060336	0.0028978333950334	0.0027658957522073	0.0029266646060336	0.0027345039079098	0.0027938845742616	0.0028643286881901	0.002970406661615	0.0028297676739127	0.0030584200275821	0.0029344367897249	0.0027713320406288	0.0029290358043793	0.0027658957522073	0.0029126856617763	0.0027894004559997	0.0027676580430928	0.0031742451272244
00513 Various types of N-glycan biosynthesis [PATH:ko00513]	0.0044316191140611	0.0035354113828995	0.0043472633945565	0.0043719681965451	0.0043719681965451	0.0035354113828995	0.0031491560873698	0.0030942223507519	0.0031013960222632	0.0033823314330751	0.0024249329600501	0.0023629991624589	0.0022061010318011	0.0023682333876039	0.0023629991624589	0.0022676653270823	0.0022898695789989	0.0021662488239843	0.0022949347411831	0.0030531360992852	0.0009968178729837	0.0024205496907452	0.0033358776815114	0.0023848079876388	0.0023682333876039	0.0023764686385435	0.0023536301051997	0.0022730219013043	0.0011061980875771
00410 beta-Alanine metabolism [PATH:ko00410]	0.0024526838936798	0.0020784785475127	0.0024441437081226	0.0024923128875343	0.0024923128875343	0.0020784785475127	0.0034190174122465	0.0034296069340085	0.0035513904931195	0.0022214390629954	0.002563994378776	0.0027235224244347	0.0029804669334149	0.0028427752044243	0.0027235224244347	0.0030997435878435	0.0030977316257588	0.0031111605358462	0.0025858654751377	0.0035577701136522	0.0025845820107675	0.0026781352962754	0.0022200354494307	0.0032043877640045	0.0028427752044243	0.0025784275892229	0.0028791470922408	0.0029918569277515	0.0028573580740271
00020 Citrate cycle (TCA cycle) [PATH:ko00020]	0.0028374171707254	0.0028557018534151	0.0028633310365745	0.0028377957664286	0.0028377957664286	0.0028557018534151	0.0024115405972199	0.002435795116758	0.0022516706176515	0.0027331243776354	0.002659768656363	0.0027138635235662	0.0028228485952286	0.002832134430554	0.0027138635235662	0.0028357691410284	0.0027448438761793	0.0028440766581435	0.0027167403002797	0.002124218570431	0.0041257157133583	0.0026728676118426	0.0027342167399857	0.0027032981924378	0.002832134430554	0.0027163928115389	0.0028051575300011	0.00281835401413	0.0035639514291775
00640 Propanoate metabolism [PATH:ko00640]	0.0016436619196896	0.0024212893401109	0.0016730026144315	0.0017287066247816	0.0017287066247816	0.0024212893401109	0.0031934141965116	0.0032829426877188	0.0031500714019918	0.0028204797233841	0.0027716725257044	0.002871227302099	0.0030259815604668	0.0029615702308162	0.002871227302099	0.0030235266978911	0.0032660997075248	0.003096141282165	0.0027349190227704	0.0030776781297648	0.0034585006804413	0.0029100478105884	0.0027587128735345	0.003115351152957	0.0029615702308162	0.0027081772088692	0.003012170917722	0.003073221189756	0.0032358020974949
04152 AMPK signaling pathway [PATH:ko04152]	0.0032580769315287	0.0033751978081356	0.0031890075086683	0.0031921768487418	0.0031921768487418	0.0033751978081356	0.0024969338138429	0.0024949746107737	0.0024348138744561	0.003519903297703	0.0025984869354872	0.0024872363334536	0.0025767905098545	0.0025941303091279	0.0024872363334536	0.0025422295583212	0.0024944324484404	0.0024832983122766	0.0025423523653771	0.0023603857869236	0.0035326520007528	0.0024777938711181	0.003499443365193	0.0024683012224795	0.0025941303091279	0.0026203727511298	0.0025497078134796	0.002538977403656	0.0035006839863439
04145 Phagosome [PATH:ko04145]	0.0038024909557494	0.003788357369896	0.0037532052369244	0.003722736556973	0.003722736556973	0.003788357369896	0.0023142989429519	0.0023123916108692	0.0022740302314939	0.0037565824708906	0.0022665843701975	0.0023605598008129	0.002538698696224	0.0024161552191832	0.0023605598008129	0.0024457203975598	0.0023291624418226	0.0025378150952362	0.0023393399548738	0.0021990636160205	0.0037237837536696	0.0023875671288911	0.0037620912162949	0.0022755896536467	0.0024161552191832	0.0023734437634479	0.0024001903217135	0.0024282045844975	0.0035432997466477
00052 Galactose metabolism [PATH:ko00052]	0.0010972084858553	0.0011412759719219	0.0012062461726627	0.001087181349186	0.001087181349186	0.0011412759719219	0.005216750296938	0.0051073847531975	0.0050774030100744	0.0013854346246493	0.0032592600022489	0.0032312581904978	0.0032759458375669	0.0033751190416842	0.0032312581904978	0.0033494118110269	0.003380340220869	0.0033571613912164	0.0033131681850105	0.0049814174752935	0.0020091112112365	0.0032213106035723	0.001404629606055	0.0033327371614823	0.0033751190416842	0.0032113810870079	0.0033513589371372	0.003336822751742	0.0024788786695011
00770 Pantothenate and CoA biosynthesis [PATH:ko00770]	0.0033341917352862	0.0024286768022702	0.0033810136570186	0.0033780291741013	0.0033780291741013	0.0024286768022702	0.0032172623876649	0.0032279246146803	0.0032156741460868	0.0026457681338023	0.0025899195036828	0.002773775370644	0.0029535294507546	0.0029988362745314	0.002773775370644	0.0031115754117634	0.0028602429773784	0.0030836766631873	0.0027666268409837	0.0031686727465633	0.002784363550778	0.0026480666976817	0.002620787454908	0.0030356049644489	0.0029988362745314	0.0026803299983684	0.0028993537634663	0.0030340876051437	0.00254056726698
04218 Cellular senescence [PATH:ko04218]	0.0032249955859278	0.0030006544941355	0.0031350181071842	0.0032576357972427	0.0032576357972427	0.0030006544941355	0.0026472330297526	0.0026713993256774	0.0027562277807461	0.0032949701837893	0.0029292263114548	0.0028921192207005	0.0029177298848347	0.0028090909138944	0.0028921192207005	0.0028604513874785	0.0029523591749628	0.002851604072136	0.0029131133235977	0.0028397264705039	0.002674356877598	0.0029427529096012	0.0033481042652986	0.0029365889010386	0.0028090909138944	0.0029642496268202	0.0027995596084368	0.0027850234230416	0.0028542317714602
04723 Retrograde endocannabinoid signaling [PATH:ko04723]	0.0045554072105721	0.004214216597035	0.0045281538994781	0.0046267717292309	0.0046267717292309	0.004214216597035	0.0024608406999706	0.0025379848855181	0.0025075415261994	0.0041431204743778	0.0024659563122975	0.0023992544399053	0.0024360129111929	0.0025072419893555	0.0023992544399053	0.0024367357896906	0.0024483404247401	0.0023356268226429	0.0024489757919556	0.0024985023141245	0.0027632657243676	0.0023903171021597	0.0040996255758498	0.0026055445925029	0.0025072419893555	0.0025461888101158	0.0024467355136772	0.0024067748701751	0.0029081736597656
00537 Glycosylphosphatidylinositol (GPI)-anchored proteins [BR:ko00537]	0.0021396433520015	0.0025947989451343	0.002141276106424	0.0021545717662253	0.0021545717662253	0.0025947989451343	0.0039409994296218	0.003872160080498	0.0037490308747076	0.002808483853965	0.0034127580325563	0.0031630429293723	0.0034368176865244	0.0036433340181754	0.0031630429293723	0.003401128385181	0.0036598892462763	0.003381747705777	0.0031593557930212	0.0036241332851021	0.0009639303376042	0.0032624447136879	0.0028093766655329	0.0031678889891498	0.0036433340181754	0.0031595516706735	0.0036705490838491	0.0036814373565607	0.0013620617133099
00627 Aminobenzoate degradation [PATH:ko00627]	0.000217479484424	0.0004140172122506	0.0001988201322364	0.0002155546254337	0.0002155546254337	0.0004140172122506	0.0049175813464313	0.0049537667570462	0.0049184784952846	0.0005619970714326	0.0037660040045394	0.0042458050434432	0.0041667140704491	0.0044449438520736	0.0042458050434432	0.004381635674116	0.0042375871579532	0.0043358298897109	0.0039014832334239	0.0048588446099012	0.0011975206176178	0.0040402799502679	0.000539278518541	0.0043068295259948	0.0044449438520736	0.0037188375829981	0.0043932197152231	0.0044519617758398	0.0032208584280686
04213 Longevity regulating pathway - multiple species [PATH:ko04213]	0.0034165605930734	0.0035693245953955	0.0033661505224006	0.0033398445484266	0.0033398445484266	0.0035693245953955	0.0027757060103934	0.002786773137079	0.003063492243312	0.0035943459312091	0.0031715927966929	0.0031128578213856	0.0029646359755218	0.0030472726231578	0.0031128578213856	0.0030503895926091	0.0028801931196699	0.002910112384773	0.0031238266179089	0.003159956547895	0.003537287192953	0.0031206300050769	0.0036120615051945	0.0030451557035844	0.0030472726231578	0.0032218243578773	0.0030248741336762	0.0029404601542092	0.0036081087319992
00680 Methane metabolism [PATH:ko00680]	0.0022527706702397	0.0022977817612442	0.0023176897682357	0.0022696758213125	0.0022696758213125	0.0022977817612442	0.0038429005489106	0.0039056527108165	0.0036740020841325	0.0025835251232032	0.0034517421342547	0.0034999678697153	0.0035731263949249	0.0034931019449941	0.0034999678697153	0.0036303828601342	0.0037861521847949	0.0036554347285716	0.0033630749737909	0.0036671493487555	0.0033249923244469	0.0035254598240234	0.0025833439244412	0.0034718471094214	0.0034931019449941	0.0032909654469136	0.00359282262118	0.0036758968993807	0.0032168636448729
00071 Fatty acid degradation [PATH:ko00071]	0.0017073434160008	0.0031334401219002	0.0017366841107427	0.0017160896937031	0.0017160896937031	0.0031334401219002	0.004196445341609	0.0042594589525117	0.0044026496562409	0.0021091027229147	0.0032276890973667	0.0033172119864014	0.0035794247843943	0.0035999915433203	0.0033172119864014	0.0037402668768307	0.0033992305655429	0.0037217206087756	0.0032672648913092	0.0044482823526112	0.0037504500108317	0.0032633926450866	0.0021321789783657	0.0037874610716867	0.0035999915433203	0.003121055344175	0.0035624962055593	0.0036599829387835	0.0039042089637596
00562 Inositol phosphate metabolism [PATH:ko00562]	0.0024603288405167	0.0024466057299994	0.0024263294183358	0.0025448323039106	0.0025448323039106	0.0024466057299994	0.003824939211024	0.0037168301690591	0.0038928947383693	0.0027831097741821	0.003456915673849	0.0034552398370348	0.0035970025565255	0.0034406491418374	0.0034552398370348	0.0034581327303055	0.0035315261428924	0.0035867022935821	0.0034816286198052	0.0038712222114287	0.0032469828196908	0.0034743200765474	0.0028088978624088	0.00370334444001	0.0034406491418374	0.0034282673086328	0.0034724426185825	0.0034890395546516	0.0034552474449002
00650 Butanoate metabolism [PATH:ko00650]	0.0014999554359301	0.0016045456223601	0.0015694257146667	0.0015125514316131	0.0015125514316131	0.0016045456223601	0.0055422939473929	0.0054460949622379	0.0054454268740767	0.0015975337008019	0.0032758712135753	0.0036378729993432	0.0038442727267379	0.0039322252234977	0.0036378729993432	0.0039580814562677	0.0038020151439	0.0039970779930719	0.0034574174846144	0.0053869255119066	0.0028618969242018	0.0034747042867873	0.0016304898069855	0.0040634625097403	0.0039322252234977	0.0033939769008705	0.0038428866663258	0.0040581049815269	0.0028628893663333
02020 Two-component system [PATH:ko02020]	0.0017079774452489	0.001654733827916	0.0018819880034016	0.0016817531409914	0.0016817531409914	0.001654733827916	0.0042127703873049	0.0041306554217155	0.0043634653811808	0.001747308313423	0.004031524092128	0.0040836392936715	0.0039140559861085	0.0038686775612938	0.0040836392936715	0.0037669725261879	0.0039947771008403	0.0038584396153625	0.0040973054301314	0.0043046758335406	0.0033573990078335	0.0040849997625672	0.0017684277443863	0.0038806540390983	0.0038686775612938	0.0039767798813589	0.0038953990610923	0.0037813495243153	0.0031470872246134
04151 PI3K-Akt signaling pathway [PATH:ko04151]	0.0035067592046163	0.0035742204903095	0.0034569113098673	0.0034994016373901	0.0034994016373901	0.0035742204903095	0.0025139160737347	0.0025511935669537	0.0025053714379391	0.0040064395292894	0.0034165571009221	0.0033456415653457	0.0034109782704208	0.0034264864553096	0.0033456415653457	0.0033955612001956	0.0034035115826411	0.0033733116225983	0.0033820556544899	0.0025366854599805	0.0034598808787779	0.0033657320540382	0.0039746381604674	0.0031069490199927	0.0034264864553096	0.0034574371661647	0.0034518463400427	0.0033560150338608	0.0040599220784737
04139 Mitophagy - yeast [PATH:ko04139]	0.0042290970659798	0.0043586568944621	0.0041453035223992	0.0042404122026958	0.0042404122026958	0.0043586568944621	0.0027118111636368	0.0027099401841807	0.0028227996214657	0.0045182490558087	0.0032657957726619	0.0030836702855436	0.0029835841945771	0.0028895984173711	0.0030836702855436	0.0028743781281859	0.003011615190047	0.0029127500509005	0.0031160383647829	0.0028795966644998	0.0034446410913376	0.0032190167356829	0.0045648287310141	0.003041276261974	0.0028895984173711	0.0032172695103878	0.0029447775153483	0.0028953024329172	0.0034461962357003
03050 Proteasome [PATH:ko03050]	0.0040803784620854	0.0041808547714224	0.004003384802941	0.0040819271486195	0.0040819271486195	0.0041808547714224	0.0029534403524646	0.0029379440839331	0.0027939206609812	0.0039689366651673	0.0032597668782706	0.0033316943983526	0.0031857700437039	0.0030777788198692	0.0033316943983526	0.0030362651307449	0.0029071216459037	0.0032564761554006	0.0034363523455496	0.0027724875559623	0.0037657823994369	0.0033759163724576	0.0039246679788382	0.0031965570079491	0.0030777788198692	0.0033560312320004	0.0030792595174949	0.0030149666564089	0.0042329269667498
00350 Tyrosine metabolism [PATH:ko00350]	0.0019639885101179	0.0026115480172173	0.0019746698526722	0.0019240106003002	0.0019240106003002	0.0026115480172173	0.0050618351696886	0.0052293351239768	0.0050215899921466	0.0025835497707491	0.0034746951988583	0.0035652380877622	0.0037964634963267	0.0040128170530163	0.0035652380877622	0.0041370823911233	0.0038268713206889	0.004031367917298	0.0035634842379751	0.0050011188633173	0.0023430758581606	0.00343902429021	0.0025963023279659	0.0045470100193362	0.0040128170530163	0.0033343316517842	0.0039670329423026	0.0040261803265508	0.0024623313758756
00561 Glycerolipid metabolism [PATH:ko00561]	0.0037006935829443	0.0033031994281549	0.0036440458037592	0.0038103051855194	0.0038103051855194	0.0033031994281549	0.0044744456009826	0.0044711450285984	0.0046113166846231	0.0033071744395519	0.0029753374737738	0.003188410198605	0.0032487467147404	0.0032981174245107	0.003188410198605	0.0034008857461617	0.0033146956256948	0.0033357633793649	0.0031993789951283	0.0046584738165266	0.0029168456894901	0.0029710719250185	0.0033234293960009	0.0033759192958755	0.0032981174245107	0.0031035560112698	0.0032270925116243	0.0032972518989559	0.0031081146032028
04114 Oocyte meiosis [PATH:ko04114]	0.0040122145270546	0.0035702508332474	0.0038956534598394	0.0040598151617286	0.0040598151617286	0.0035702508332474	0.0031043410163862	0.0031149547284889	0.0030699272804091	0.0033948145601628	0.0034390927945242	0.0033856008093523	0.0036294734175496	0.003550342126862	0.0033856008093523	0.0035844595304091	0.0035141163656967	0.0035323656689911	0.0034260609084014	0.0030369063804776	0.0035007498028186	0.003386456153658	0.0033983713892026	0.0033304865810176	0.003550342126862	0.0035096171061788	0.0035206419961782	0.0035573600506282	0.00357447994245
00310 Lysine degradation [PATH:ko00310]	0.0028791927645836	0.0023441249392614	0.0029407388070362	0.0029165307846984	0.0029165307846984	0.0023441249392614	0.00427250982391	0.0042563870496431	0.0043937114092717	0.0023338511969317	0.0036677802844001	0.0037288296923638	0.0038334158283752	0.003921955605398	0.0037288296923638	0.003950025463268	0.0037251047030945	0.0038388797283609	0.0036092900692505	0.0044261970232441	0.0036466785767688	0.0037124703906426	0.0022698708209724	0.0042434030817148	0.003921955605398	0.0037344649374794	0.0038968338857857	0.0039263457127239	0.0038241193302859
00051 Fructose and mannose metabolism [PATH:ko00051]	0.002275709302634	0.0029757914299757	0.0023892443968327	0.0022337425503647	0.0022337425503647	0.0029757914299757	0.0047697503791978	0.0048054372163911	0.0047144091665865	0.0027334513235354	0.003751962755863	0.0041156746992864	0.0042020901267935	0.0042320809907899	0.0041156746992864	0.0042012647876945	0.0039587862962968	0.0042896531814166	0.0040410463649459	0.0048002699258376	0.0023303796622724	0.003926354002958	0.0027212693430676	0.0039576254211035	0.0042320809907899	0.0038834965996922	0.0040560080240165	0.0042248701154668	0.0025850031278153
04910 Insulin signaling pathway [PATH:ko04910]	0.0041914547798424	0.0042144041656689	0.0041268827643732	0.0040830645239157	0.0040830645239157	0.0042144041656689	0.00296865770053	0.0030188732998907	0.0030124642057453	0.0041186816539382	0.0037433046467614	0.0035330937174758	0.0035552848228822	0.0035511601208509	0.0035330937174758	0.0035755584242269	0.0035092917863451	0.0034413201313974	0.0036344697081404	0.0030309369551911	0.0035365300723814	0.0035832222817864	0.0040761848547946	0.003294385268806	0.0035511601208509	0.0037386204276653	0.0035292551972445	0.0034793747911819	0.0039017677152619
03030 DNA replication [PATH:ko03030]	0.0037731864427788	0.0037055481406166	0.0037464953076088	0.0037530240712411	0.0037530240712411	0.0037055481406166	0.0032213832125094	0.0031794360969457	0.0032325233763418	0.0038441571420348	0.0036894566528403	0.0038326226066625	0.0035209943574376	0.0032415133414367	0.0038326226066625	0.0032644696407541	0.0034602655598506	0.003483327709615	0.0038376121067169	0.0031726756584512	0.0056333663025473	0.00390047094159	0.0038627518402034	0.0039768554081821	0.0032415133414367	0.0038517565943664	0.0032448492200031	0.0032356163743338	0.0043117797559326
00280 Valine, leucine and isoleucine degradation [PATH:ko00280]	0.0017549796249418	0.0013364107507782	0.0017645366156483	0.0017646379769246	0.0017646379769246	0.0013364107507782	0.0051224976073244	0.0051975458512768	0.0051698219536226	0.0015101359358155	0.0039022851139609	0.004145300519726	0.0043702852259743	0.0043544450089698	0.004145300519726	0.0045007724742718	0.0043287615358207	0.004524729662304	0.0040338529164225	0.0052175117386895	0.0050247845919911	0.0040599277290231	0.0015050675141405	0.0047169967112582	0.0043544450089698	0.0039320431824467	0.004307792849066	0.0044584367099212	0.0047499049549592
00250 Alanine, aspartate and glutamate metabolism [PATH:ko00250]	0.0031492783920012	0.0037317692405679	0.0033187377694134	0.0031003501136855	0.0031003501136855	0.0037317692405679	0.0041575140742383	0.0041146149706702	0.0040057589683878	0.0038567538333637	0.0036796821106304	0.003704883379107	0.0036932331503805	0.0037268193863718	0.003704883379107	0.0036531812405367	0.0037255319732147	0.0037755414840271	0.0037172008455986	0.0037637070670912	0.0041753243522797	0.0037298702088252	0.0038880910781964	0.0039136550167365	0.0037268193863718	0.0036212135510088	0.0037664080701942	0.0037480661092274	0.0039094798003932
03420 Nucleotide excision repair [PATH:ko03420]	0.0041676396113849	0.0041177761487241	0.0041426350039866	0.0040960808129471	0.0040960808129471	0.0041177761487241	0.0035112108964316	0.0034691633949688	0.0036504739005673	0.0041936961494541	0.0037729233354211	0.0037093286956275	0.0036155565257135	0.0034981490764168	0.0037093286956275	0.0034313241529515	0.003558578388353	0.0035015918342287	0.0037752340872974	0.0036561335255863	0.004396680664437	0.0037530455451425	0.0040624947235296	0.0038461729657217	0.0034981490764168	0.0038029713591262	0.0035124969580666	0.0034793372184448	0.0036301168078197
04071 Sphingolipid signaling pathway [PATH:ko04071]	0.0036317822911512	0.0039006953365296	0.0035627128682908	0.0036943412664791	0.0036943412664791	0.0039006953365296	0.0028324229137126	0.0029090374891189	0.0028213484269763	0.003744487061169	0.0042078946464008	0.0041279202093747	0.0038882441588311	0.0040858568983721	0.0041279202093747	0.0039856052041624	0.0041530140679902	0.0038616333429599	0.0040901111439972	0.0027988382660757	0.0049989031953987	0.0041475055734773	0.0037748953691385	0.0039825999071745	0.0040858568983721	0.0041550465362316	0.0041461079732959	0.0039948113280658	0.0044381423296749
04140 Autophagy - animal [PATH:ko04140]	0.004280258010261	0.0047243248678192	0.0041455997667822	0.0042924212377962	0.0042924212377962	0.0047243248678192	0.0029195512321783	0.0029304661019783	0.0028092013435195	0.0043308315160603	0.0036748196944094	0.003713267146403	0.0038183658746009	0.0035304582483694	0.003713267146403	0.003455158636204	0.0036655022858236	0.0037370222889715	0.0037309792927678	0.0028927622043921	0.0037968815125142	0.0038614370261335	0.0043143046129798	0.0037429109530354	0.0035304582483694	0.0038635686799722	0.0036301789245552	0.0035453596214567	0.0070433730883236
01008 Polyketide biosynthesis proteins [BR:ko01008]	0.0	0.0	0.0	0.0	0.0	0.0	0.0036082696744931	0.003579385241311	0.003924472716602	0.0002496227799617	0.0062938253707488	0.0062862682602575	0.006460220892579	0.0065892406272594	0.0062862682602575	0.0070884475837631	0.0073916806258481	0.0067348494893873	0.0060787930398976	0.0040583972623929	0.0007028952908495	0.0061352629478285	0.00025084458569	0.0053049146956225	0.0065892406272594	0.0057536291983066	0.0067070195469763	0.0066604158624821	0.0006034155829601
00630 Glyoxylate and dicarboxylate metabolism [PATH:ko00630]	0.0028097745109118	0.0031333552022605	0.0029057746047708	0.0027874932472947	0.0027874932472947	0.0031333552022605	0.0055905302140729	0.0054544523743036	0.0054679777382617	0.0028081447364889	0.00429744322194	0.0045486293254832	0.0044235766353127	0.0046468486419653	0.0045486293254832	0.004688411196515	0.004411777414305	0.0045401452448106	0.0044699549812378	0.005228112313663	0.0041207716161679	0.0043105405337399	0.0028347111469196	0.0042190227369823	0.0046468486419653	0.0044585073049553	0.0045620884958648	0.0045634623296473	0.0046084966043154
04142 Lysosome [PATH:ko04142]	0.0035248840844011	0.0034369604512926	0.0033868527853787	0.0036170156125252	0.0036170156125252	0.0034369604512926	0.0045113641750842	0.0045601985621984	0.0043829779463627	0.003345312422317	0.0046594855747196	0.0046808200011752	0.0045224057994789	0.0047103834456372	0.0046808200011752	0.0046635098750392	0.0046720550859934	0.004622663856049	0.0046979475309443	0.0043118806082963	0.0043789057932103	0.0046023640498579	0.003348681834355	0.0042260901877405	0.0047103834456372	0.0046217221146734	0.0046747432888168	0.0046981411287661	0.0043125337897553
00380 Tryptophan metabolism [PATH:ko00380]	0.0022402820173073	0.0016154299211827	0.0022317418317501	0.0022222165864203	0.0022222165864203	0.0016154299211827	0.0061790535624077	0.0062010995921657	0.0062370898399151	0.0018594799429528	0.0048678877196548	0.0051168327831792	0.0049322777975161	0.0051688890896829	0.0051168327831792	0.0051844204901664	0.0048448400183591	0.0050441380760362	0.0048870147899539	0.0063252962700457	0.0044696049279167	0.0049831970216514	0.0018433258119266	0.0053986386272579	0.0051688890896829	0.0049730907200031	0.0051740801491899	0.005116588191984	0.0056159180603791
04150 mTOR signaling pathway [PATH:ko04150]	0.00502372645595	0.0052867597817113	0.0049218357361057	0.0050297122647965	0.0050297122647965	0.0052867597817113	0.0038869096119941	0.0039362372566227	0.0038509754178496	0.0054913452392945	0.0041698716675335	0.0041483886917441	0.0041280945230317	0.0040430897916427	0.0041483886917441	0.0040083503186436	0.0041136097832757	0.0040699553813022	0.0041701468480139	0.0038187018325946	0.0050093622978622	0.0042034135970804	0.0055431883034374	0.0041240192878422	0.0040430897916427	0.0043109898159914	0.004026256844983	0.0040166186756822	0.0051792977629041
00564 Glycerophospholipid metabolism [PATH:ko00564]	0.0044306146589604	0.0052558552793903	0.0043649182916435	0.0044643609776449	0.0044643609776449	0.0052558552793903	0.0046178750522722	0.0045618215524045	0.0046987010678509	0.0050422747062452	0.0045066578885829	0.0045447011719097	0.0043953572395989	0.0046914148379756	0.0045447011719097	0.0046835444061178	0.004529134763983	0.0044798511332398	0.0045036101499999	0.0046646917733095	0.002739689302317	0.0044588232566168	0.0050163455516326	0.004419382634556	0.0046914148379756	0.0044033924956136	0.0045515946764583	0.0045821987439193	0.0031150724740706
02010 ABC transporters [PATH:ko02010]	0.0035548072413885	0.0028886357588351	0.0037898016660699	0.0036338166830222	0.0036338166830222	0.0028886357588351	0.0043713731039845	0.0043682611411127	0.0043300249842352	0.002321546156319	0.0054556354493279	0.0053483157858723	0.0048886189400939	0.0051987744577468	0.0053483157858723	0.0051139722343158	0.0049453803370644	0.0048841197881255	0.0052777334614368	0.0042709586039672	0.0065822216709737	0.0053861260451817	0.0023706427295876	0.0051731076915905	0.0051987744577468	0.0053557460009624	0.0052177007504679	0.0050481858746426	0.0048394924577788
01004 Lipid biosynthesis proteins [BR:ko01004]	0.0030172307146952	0.003563338557706	0.0029459125881392	0.0030374962199094	0.0030374962199094	0.003563338557706	0.0046624163264083	0.0047907678080214	0.0049231202727862	0.0032699008775625	0.0054229546905721	0.0052229058223478	0.0052096274394461	0.005599044527805	0.0052229058223478	0.0055411121518897	0.0058288833576997	0.0051688916306414	0.0050754030034539	0.0050725837766485	0.003626860865109	0.0052207304191135	0.0032482977524408	0.0051928193926342	0.005599044527805	0.0052353790672965	0.0055372955196217	0.0055986273849155	0.0026057693377495
00199 Cytochrome P450 [BR:ko00199]	0.0005469339846763	0.0015180221947432	0.0005299611602605	0.0005419707715564	0.0005419707715564	0.0015180221947432	0.0060276920408076	0.006062608787361	0.0057474226677431	0.0006240569499045	0.0057694345445158	0.0066665028569397	0.0068101555825338	0.00717161411427	0.0066665028569397	0.0076318362788749	0.0068175993610213	0.0073236413622832	0.006061343644424	0.005623299711977	0.0020303385681158	0.0062066845751742	0.0006141530607005	0.0055245694744773	0.00717161411427	0.0056607885949441	0.0070190458512891	0.0072953144385242	0.0029111338073297
00970 Aminoacyl-tRNA biosynthesis [PATH:ko00970]	0.0046659084528534	0.0045937934336113	0.0047058767168004	0.0047216312339298	0.0047216312339298	0.0045937934336113	0.0048016325880949	0.0046927171028634	0.0045992465565264	0.0046054247379649	0.0047681095898093	0.0045242393863959	0.0046188966138945	0.0045966576210155	0.0045242393863959	0.0045315940412867	0.0046627379759923	0.0045391921982609	0.0046022828077806	0.0045152117518036	0.0064699240244296	0.0047127451483858	0.0045375351761256	0.005165167072584	0.0045966576210155	0.0046229477157265	0.0045357766620224	0.0045185269415783	0.0051261081633514
03015 mRNA surveillance pathway [PATH:ko03015]	0.0054747172803881	0.0053435652245893	0.0054660695481325	0.0054996411974971	0.0054996411974971	0.0053435652245893	0.0038433635683673	0.0037745397376033	0.0038341849065947	0.0057660351116334	0.004927958201113	0.0048430048263916	0.0047200509004636	0.0044902790672903	0.0048430048263916	0.0043506177099444	0.0045638357098217	0.0045856137150718	0.0049833128093601	0.0038547878364011	0.0053866269181739	0.0049452824533728	0.0057063416753502	0.0048100755629423	0.0044902790672903	0.0049381797933136	0.0045322164979287	0.0044743192170913	0.0048694623302163
03018 RNA degradation [PATH:ko03018]	0.0061625556746658	0.0058790836576382	0.00613918382169	0.0061798808662428	0.0061798808662428	0.0058790836576382	0.0036925576100123	0.0036505464611763	0.0038075817981619	0.0064154199070849	0.0047677326975539	0.0046502480919014	0.0040856178688602	0.0039543313682082	0.0046502480919014	0.0037991168829368	0.0041385541840654	0.0039116656866408	0.0046874262344182	0.0038783917057226	0.006064837381045	0.0047904908830663	0.006345551182049	0.004489557561511	0.0039543313682082	0.0047413307405884	0.0039847632298879	0.003942089051337	0.0056275198955466
00330 Arginine and proline metabolism [PATH:ko00330]	0.0042829546149679	0.0034481589472518	0.0042930200082491	0.0043680606335843	0.0043680606335843	0.0034481589472518	0.0061247368282976	0.0061466461195298	0.0060838462517578	0.0039191194787246	0.0049058973386536	0.0050625159199981	0.00491000625373	0.0052455230391226	0.0050625159199981	0.0053088343255381	0.0051623125030836	0.0051028729068902	0.0049859542990936	0.00613349062439	0.0037880724361578	0.0048983369582622	0.0037480561323063	0.0054972151111845	0.0052455230391226	0.0049075473652065	0.0050111732609264	0.005133679128626	0.0042162040921553
00270 Cysteine and methionine metabolism [PATH:ko00270]	0.0047871181829267	0.0052002335479916	0.0048745780912285	0.0047344974927513	0.0047344974927513	0.0052002335479916	0.0056674408716029	0.0056629875394161	0.0052696720230816	0.0055792574087281	0.0045998293858122	0.0044197945236331	0.0046994471738267	0.0049347445577732	0.0044197945236331	0.0050011555348374	0.0046226709203936	0.0048165621733231	0.0045687791430072	0.0052000310746563	0.0052750573963433	0.004352646628137	0.0055176154894246	0.0047889111548921	0.0049347445577732	0.0045126584911139	0.0048991044009528	0.0048837575682946	0.0047817564226573
03051 Proteasome [BR:ko03051]	0.0061182614797267	0.0063054422777785	0.0060711706912481	0.0060790208925921	0.0060790208925921	0.0063054422777785	0.0041123193327438	0.0041091588549594	0.0039840531763999	0.0062152316125312	0.0047503312405463	0.004761514233662	0.0045819911343181	0.0044234116498855	0.004761514233662	0.0043089104976347	0.0042287142039254	0.0046001500362509	0.0049078015130995	0.0040039982818075	0.0054955248571444	0.0048712138246188	0.0061946500845173	0.0046761413977472	0.0044234116498855	0.0048429214084801	0.0044790843137379	0.0043349938960195	0.0057560700797804
00520 Amino sugar and nucleotide sugar metabolism [PATH:ko00520]	0.0034879902020197	0.0030500217157883	0.0036591361072036	0.0034718422423533	0.0034718422423533	0.0030500217157883	0.0065580146181333	0.0064872315843	0.0065468406252323	0.0036197277278391	0.0056791462795279	0.0057094470654264	0.005720592155513	0.0060311313435257	0.0057094470654264	0.0061508121985572	0.0056982606318819	0.0059377560325702	0.0056918680495734	0.0064636766484098	0.0044052708292165	0.0055240124609436	0.0035616377043996	0.005460700761569	0.0060311313435257	0.0054594890699859	0.005961587128265	0.0060578578905947	0.0043209801547336
04120 Ubiquitin mediated proteolysis [PATH:ko04120]	0.0057469272426198	0.005039116899428	0.0057162471026331	0.0056881291337557	0.0056881291337557	0.005039116899428	0.0050909881439022	0.0050213767443052	0.0050448999350355	0.00499223594805	0.0051214201077241	0.0048418437840611	0.0050606946870267	0.0049140436227007	0.0048418437840611	0.0048110627269764	0.0050481711671981	0.0048999838967529	0.0049212358754141	0.0050937629700451	0.005313587090154	0.004950533125838	0.0050299975467342	0.0048990589818329	0.0049140436227007	0.005097859553745	0.0050904738371553	0.0050158558898771	0.0061068281993886
00190 Oxidative phosphorylation [PATH:ko00190]	0.0085256352848163	0.0076193131131147	0.0085299175988106	0.0085648833535725	0.0085648833535725	0.0076193131131147	0.003542053593072	0.0036182302722552	0.0036852071764396	0.0077995865442756	0.0040398867968814	0.0040790066586103	0.0041064930959634	0.0039680158513214	0.0040790066586103	0.0038895670117997	0.0037993104756545	0.0040798822800922	0.0041944539655536	0.0036117078711564	0.0069483430245765	0.0041404432787422	0.0076733778804394	0.0045225072737577	0.0039680158513214	0.0041592255525414	0.0039855805289772	0.0038988583380929	0.0064779667220599
00010 Glycolysis / Gluconeogenesis [PATH:ko00010]	0.0052154053364097	0.0046660505099762	0.0053802597597321	0.0051580868374344	0.0051580868374344	0.0046660505099762	0.0059390312408158	0.0058692157133468	0.0060592805308468	0.0053292999089278	0.0050509966714351	0.0051456631128413	0.005396091832736	0.0054384578217604	0.0051456631128413	0.0056172298898253	0.0051099992238897	0.0055032437802783	0.0050717988318734	0.0061472202198927	0.0055865055253866	0.0051080481683734	0.0053551374928137	0.0053970456579545	0.0054384578217604	0.0049926428206314	0.0053794320437078	0.0054559870112881	0.0058590216354148
04110 Cell cycle [PATH:ko04110]	0.0056415610344653	0.0054067952466804	0.0055916593663672	0.0056767428483007	0.0056767428483007	0.0054067952466804	0.005491720960331	0.0054873161430569	0.0051368398117069	0.0052170393627026	0.0054639070731931	0.0053681404820388	0.0052674054903197	0.0051189722543746	0.0053681404820388	0.005087288879665	0.0052007601246802	0.0051677749707776	0.0054502299133284	0.0049637641848752	0.0076317729228133	0.0054206397644251	0.0052176548331562	0.0051604357241643	0.0051189722543746	0.0055197540037559	0.0051453192708582	0.0051314700023542	0.0066533590828527
00230 Purine metabolism [PATH:ko00230]	0.0058741525639423	0.0062033122793515	0.0060401313391125	0.0059203941678803	0.0059203941678803	0.0062033122793515	0.0062688840727124	0.006159068470463	0.006333358818521	0.0060406257630875	0.0050977791747688	0.0052694684039186	0.0051621944934484	0.0051982889407435	0.0052694684039186	0.0051860248700583	0.0051980141717411	0.0052030114492825	0.0052156547356984	0.0064607502785968	0.0056400097530505	0.0051766736492401	0.0060572583092858	0.0051696845830495	0.0051982889407435	0.0051378889988744	0.005142479958697	0.0051913022567531	0.0055364433406921
00500 Starch and sucrose metabolism [PATH:ko00500]	0.0029259393254308	0.0033875600563822	0.0031892038663555	0.0029377805529543	0.0029377805529543	0.0033875600563822	0.0079060205491143	0.0077811587368423	0.0073507730646597	0.0034947189194656	0.0063774348727105	0.006335961283476	0.0064625638557082	0.0064501502133963	0.006335961283476	0.0062659160976538	0.0064577422731602	0.0063844986100703	0.0064315374144486	0.0071544672814139	0.0049682552797685	0.0062485679944131	0.0035239159733609	0.0060895743843708	0.0064501502133963	0.0063288956309151	0.0065527132022733	0.0064757870435778	0.0071613079547188
01003 Glycosyltransferases [BR:ko01003]	0.0082094201287469	0.0068700858023605	0.0080994976259201	0.0082010181430267	0.0082010181430267	0.0068700858023605	0.0057929287341053	0.0057358868936064	0.0056139151185045	0.0063778578594928	0.0048158019161709	0.0047385409581093	0.004952218526529	0.0049519244119024	0.0047385409581093	0.0049618705266754	0.0049623369080484	0.0048888246638231	0.0047088239125416	0.0055570011919883	0.0041113574355212	0.004737880928645	0.006434446749914	0.0050335986901444	0.0049519244119024	0.0048443761926044	0.0050268978517908	0.0050651134703951	0.0052036364639216
04146 Peroxisome [PATH:ko04146]	0.0051915562733892	0.0056721760380568	0.0051591896056308	0.0053766748082264	0.0053766748082264	0.0056721760380568	0.0063136805991907	0.0063348838330554	0.0066890093567086	0.0056287152971345	0.0056792396323407	0.005700275158549	0.0056757071912593	0.0058026828565179	0.005700275158549	0.0059592996683211	0.0056266014174801	0.0058439394095333	0.005636436183955	0.0066974204765235	0.0046146745222063	0.0056680616796967	0.005632200465096	0.005596170972341	0.0058026828565179	0.0056789390167553	0.0057881986566741	0.0058552391853253	0.0046199657081626
03010 Ribosome [PATH:ko03010]	0.0124733917897925	0.0121838781409315	0.012540290724738	0.0124883502591076	0.0124883502591076	0.0121838781409315	0.0028890691645838	0.0029395737593559	0.0029965477898478	0.013304826833211	0.0037113361113724	0.0036186574577477	0.0035770003696431	0.0036269662392848	0.0036186574577477	0.0035045555114564	0.0032746604256421	0.0036203400964607	0.003780949340028	0.0030139153352433	0.0052970269131574	0.0037116475272677	0.0132040652235088	0.0037199827613741	0.0036269662392848	0.0036405530612155	0.0035274837282197	0.0034814090977287	0.0049217776011889
00620 Pyruvate metabolism [PATH:ko00620]	0.006087278312074	0.0055054486566273	0.0061526520392955	0.0061343680068312	0.0061343680068312	0.0055054486566273	0.0070035279834086	0.0069726116419038	0.0072669745294418	0.0066896512343689	0.0060692912537199	0.006178989604314	0.0062187948679963	0.0064158765601765	0.006178989604314	0.0065561204445394	0.0061868419618437	0.006403337639198	0.0060154821825774	0.0074485010280336	0.0073727413032923	0.0061950390962866	0.0066093604212641	0.0066235846462924	0.0064158765601765	0.0058496936950175	0.0063050075627131	0.0064218047670553	0.0063825133805411
03013 Nucleocytoplasmic transport [PATH:ko03013]	0.0076624837164626	0.0073747048184121	0.0076944739707763	0.0075466991663417	0.0075466991663417	0.0073747048184121	0.0051446167728876	0.0051799747717379	0.0050742400084769	0.0076255724268655	0.0064433301431366	0.0061672889796511	0.0061623983035391	0.0060051174577867	0.0061672889796511	0.0058370489528079	0.0059921688750899	0.0058775505908169	0.0062387684879712	0.0050307508259923	0.0080081357385962	0.0063104076134817	0.0076384454284377	0.0061233885412625	0.0060051174577867	0.0063715389630819	0.0061329212488364	0.0060191533053192	0.0070844329267609
00260 Glycine, serine and threonine metabolism [PATH:ko00260]	0.0046253155190578	0.0041040671894959	0.0047116510755118	0.0046820510848441	0.0046820510848441	0.0041040671894959	0.0080427192267371	0.0080631987908102	0.0076629536250655	0.0044306058101115	0.0072740393960978	0.007306821785015	0.007432383110065	0.0077091081264901	0.007306821785015	0.007894608396815	0.0076478834262385	0.0076138567202846	0.0072672588698504	0.0078721496213481	0.0056466171219424	0.0070662073703217	0.0044776367206416	0.0071697881776616	0.0077091081264901	0.0071273367246746	0.0076776718974262	0.007664914869445	0.0063773859629974
03008 Ribosome biogenesis in eukaryotes [PATH:ko03008]	0.0085988419194839	0.0082275313632039	0.0084001738364598	0.0085754936987123	0.0085754936987123	0.0082275313632039	0.0057681325677248	0.0056978029484744	0.0056484814535099	0.0082751665899864	0.0062139020230397	0.0058208207040357	0.00546807316904	0.0055206286870334	0.0058208207040357	0.0054010215333271	0.0055945139214947	0.0054342312512074	0.0060187626220875	0.0056191424886352	0.0106433393635105	0.0059826693576632	0.0082017114746811	0.0057742784599299	0.0055206286870334	0.0060316383179619	0.0055708548906243	0.0054479778318096	0.0076770324389848
01007 Amino acid related enzymes [BR:ko01007]	0.0069658718137818	0.0065358388819103	0.0070464780642982	0.0069671524260588	0.0069671524260588	0.0065358388819103	0.0069463417252167	0.0069015716421925	0.0066033375518472	0.006752308530446	0.006487091796459	0.0063228962496965	0.0064962771131001	0.0065543896584143	0.0063228962496965	0.006396092761297	0.0066256116670078	0.006435615200387	0.0064425690033217	0.0064840382451518	0.0090371146898497	0.0063689838172873	0.0067202383797962	0.0069533239313109	0.0065543896584143	0.006492816895268	0.0065417606395111	0.0064701378205415	0.0070757762195532
04714 Thermogenesis [PATH:ko04714]	0.0093768511814347	0.0098057494277177	0.0093262797907142	0.0094168880753816	0.0094168880753816	0.0098057494277177	0.004567900442652	0.004604073690981	0.0047980359046623	0.0092597261444924	0.0058293238626068	0.0057029828622467	0.0056058528856331	0.0054530009431482	0.0057029828622467	0.0054045695633665	0.0053830058307174	0.0054783095912134	0.0058600595014306	0.0048439916384545	0.0082406996578265	0.0058111670794336	0.0091283089959762	0.0058040600443139	0.0054530009431482	0.0059493694309873	0.0054256495592803	0.0053194931669064	0.0084487379261139
03011 Ribosome [BR:ko03011]	0.0137161233865404	0.0135825246423119	0.0138089899606844	0.0137202706118285	0.0137202706118285	0.0135825246423119	0.0033077461408386	0.0033580499638124	0.0033602070283797	0.0147649983002763	0.0043185305051278	0.0042185583712386	0.0041184267486015	0.0042662372443952	0.0042185583712386	0.0041188240914404	0.0038040581571981	0.00414600231249	0.0043976189097341	0.003351739538186	0.005429427783527	0.0042740884011649	0.0146456501088199	0.0042873252846248	0.0042662372443952	0.0042329534616591	0.0041259235170026	0.0040574195567134	0.0053005725375131
04144 Endocytosis [PATH:ko04144]	0.0077959202335604	0.0081203124946653	0.0077108947914335	0.007881903647385	0.007881903647385	0.0081203124946653	0.0062309701909493	0.0061469148967243	0.0060202542933923	0.0084989922584322	0.0065962233293288	0.0065195149834684	0.0064580352586339	0.0063042796225054	0.0065195149834684	0.0062127859214115	0.0063373178920375	0.006404267236893	0.0065387552365785	0.005885529450306	0.0072421954580687	0.0067483566277176	0.0085031749668211	0.0064973100194768	0.0063042796225054	0.0067836694355394	0.0063168914057749	0.0062471714745912	0.0064935496176594
04812 Cytoskeleton proteins [BR:ko04812]	0.0068322095394587	0.0071563983885926	0.0068568915067615	0.0068001150409847	0.0068001150409847	0.0071563983885926	0.0066557393495671	0.006742308134788	0.0065317518770067	0.0076261610480507	0.0074686390857761	0.007214365923038	0.0069487581886503	0.0069337466691831	0.007214365923038	0.0068842001821177	0.0070325044014161	0.006836095456172	0.0073903239417781	0.0064514569616897	0.0090392700762852	0.0072032531820582	0.0076749120040599	0.0067192915753839	0.0069337466691831	0.0074271421041604	0.0069436352223218	0.00688452197059	0.0090198375364126
03012 Translation factors [BR:ko03012]	0.00882962550274	0.0076769904431205	0.0088694862199885	0.0087423168337114	0.0087423168337114	0.0076769904431205	0.0065597689069118	0.0065018391116808	0.0065181285644552	0.0079753531240283	0.006700523265375	0.0066525973940419	0.0065351404066841	0.0063989813552388	0.0066525973940419	0.0062247713691419	0.006253485193218	0.0064144910032365	0.0066926523132722	0.0064636787762707	0.0117009176454556	0.0068016226180781	0.0080140917719419	0.0065833571097726	0.0063989813552388	0.0067542953571984	0.0064510627397704	0.0063315861328958	0.0095483970037668
03040 Spliceosome [PATH:ko03040]	0.0075445767851334	0.0070029537356511	0.0074177352312401	0.0075417055481415	0.0075417055481415	0.0070029537356511	0.0072277850327353	0.0072090608970731	0.0073349288100902	0.0069891513806518	0.0080242347818219	0.007667832209108	0.0073528669864354	0.0072094238794809	0.007667832209108	0.0069587638075719	0.007337569760598	0.0071138817715144	0.0079000754929631	0.0074121464863522	0.0133363563297409	0.0078630999056092	0.006959207204558	0.0076843957117653	0.0072094238794809	0.0078072263546398	0.0072069388144709	0.0071124813420716	0.0096349609507631
04138 Autophagy - yeast [PATH:ko04138]	0.0085396781320001	0.0095318127813524	0.0082901453490778	0.00853867248837	0.00853867248837	0.0095318127813524	0.0064010826215375	0.0063696730225183	0.0064167323354942	0.0094107379471591	0.0072493106016548	0.0074481653802004	0.0072057666199164	0.0066441844004832	0.0074481653802004	0.0065155495905495	0.0072260468279933	0.0070820480554867	0.0074608417202458	0.0064138904473733	0.0076176007692728	0.0075661422794386	0.009393479983834	0.0071347529899477	0.0066441844004832	0.0076466925665705	0.006883095354117	0.0067670191991825	0.0120752832047078
04141 Protein processing in endoplasmic reticulum [PATH:ko04141]	0.008917506257998	0.0088190203254481	0.0088652483395057	0.0088897407836374	0.0088897407836374	0.0088190203254481	0.0073824702630888	0.0073899875306795	0.007607896231805	0.0089864113079957	0.0077664646904293	0.0076749663159269	0.0076514104334807	0.0074661517782249	0.0076749663159269	0.0073147327543793	0.0075770682695562	0.0075445488119773	0.0077130879485932	0.0076722675896999	0.0084041221000238	0.0078530193664013	0.0090411138419112	0.0072836593833518	0.0074661517782249	0.0078921304224231	0.0076027379081025	0.0074456088691431	0.0077172011751755
04113 Meiosis - yeast [PATH:ko04113]	0.0102015255159782	0.0111667493203958	0.010078565420203	0.0100999738775501	0.0100999738775501	0.0111667493203958	0.0077738492383193	0.0077417005853797	0.0077592294716405	0.010334133796213	0.0075475225841738	0.0077198869520593	0.0078253789401284	0.0077794436640125	0.0077198869520593	0.0077258231346953	0.0077321226508943	0.0076206540010586	0.0076388741414311	0.0077061516285909	0.0082000115323951	0.0075925080004528	0.0103848605622208	0.0075730336261787	0.0077794436640125	0.0078047877776544	0.0076429593810616	0.0077934795115451	0.0080463920943295
04011 MAPK signaling pathway - yeast [PATH:ko04011]	0.009931758037084	0.0104449435104015	0.0097500090051265	0.0099800791361964	0.0099800791361964	0.0104449435104015	0.0071127027854584	0.0071336479264003	0.0071855945564804	0.0113075481584998	0.0081842111563962	0.0080241927193581	0.0078390942762133	0.00759012862051	0.0080241927193581	0.0075446639896914	0.0079322173996864	0.0076506798900712	0.0079859784741618	0.0072874509159919	0.0090277299920076	0.0082446021504517	0.0113128353840358	0.0076882145114857	0.00759012862051	0.0082718915950893	0.0076840283531196	0.0076431333319828	0.0091295378467488
03000 Transcription factors [BR:ko03000]	0.0120999978103537	0.0113083072162404	0.0122562045014205	0.0121865794369192	0.0121865794369192	0.0113083072162404	0.0092438016377481	0.009276674313693	0.008911567937263	0.0107957021322763	0.0083677152598726	0.0087827200274705	0.0089001752290377	0.0087230672443176	0.0087827200274705	0.0086862326606616	0.0086674735506285	0.0089685677487602	0.0086328787421938	0.0091245848796973	0.0035630418488438	0.0086982025810734	0.0107580336569631	0.0092300420930886	0.0087230672443176	0.0085130212860024	0.0087697021685877	0.0086585240297476	0.0037360468261153
03032 DNA replication proteins [BR:ko03032]	0.0097671436836545	0.0091376459342848	0.0098227991001218	0.0097908160809948	0.0097908160809948	0.0091376459342848	0.0087213467189154	0.0086223214102261	0.0091530306250108	0.0091987234490252	0.0100105281507623	0.0100394429410639	0.0085585556469722	0.0080706739875835	0.0100394429410639	0.0080385404937355	0.0085294302174597	0.0084422773635132	0.0101673871512758	0.0089729497724039	0.0116262205804256	0.0102026520635871	0.0092429520290158	0.008970187516126	0.0080706739875835	0.0101339369992913	0.0081728624931456	0.0080928174757698	0.0109050805388006
01009 Protein phosphatases and associated proteins [BR:ko01009]	0.0087899753744511	0.0098959149138692	0.0087597498636898	0.0088099213029006	0.0088099213029006	0.0098959149138692	0.0093577344132253	0.0093242443909708	0.0091924645039956	0.0094980949102247	0.0107509705491022	0.0107591840701184	0.0108857118037143	0.0102535423300174	0.0107591840701184	0.0101614458654074	0.0109557570485506	0.010920053226595	0.0108204125290227	0.009221928420286	0.0101458604301474	0.0109701510388765	0.0095178499892857	0.0108194484949132	0.0102535423300174	0.0107585145382945	0.0106353539229804	0.0105335664926977	0.0094196288962024
04111 Cell cycle - yeast [PATH:ko04111]	0.0124149045833089	0.01179593446453	0.0122251775417181	0.0124755337351237	0.0124755337351237	0.01179593446453	0.0087831507251836	0.0086579480465137	0.0083346597128558	0.0113822584159122	0.0097204463359179	0.0095429859629859	0.0094282430543057	0.0089732410947039	0.0095429859629859	0.0089162142277483	0.009493323000624	0.0090952192518082	0.009587266328898	0.0082207961071289	0.0123564515541698	0.0096933716559178	0.0113266918242727	0.009177418522718	0.0089732410947039	0.0098810791234887	0.009107597560326	0.0091376725737838	0.011528903762891
03110 Chaperones and folding catalysts [BR:ko03110]	0.0100699660016903	0.011053624427794	0.0101736752384363	0.0099218164555914	0.0099218164555914	0.011053624427794	0.0097841556828143	0.0098024719159461	0.0099384371838968	0.0114953541508431	0.0103409322147851	0.0100227821942543	0.0097258006015665	0.0096509629902746	0.0100227821942543	0.0093594617792504	0.0096656005406145	0.0095348634444409	0.0101119738489392	0.0100073629627603	0.0122573129295689	0.0102830223830173	0.0115226523579109	0.0099200444195772	0.0096509629902746	0.0102559969672845	0.0097912594820334	0.0095634420017393	0.0106960694726927
01001 Protein kinases [BR:ko01001]	0.0108425795130874	0.0102690974283795	0.010590128303847	0.0107997350841106	0.0107997350841106	0.0102690974283795	0.0112250717559579	0.0112298786042731	0.0111094839788595	0.0106714158135638	0.0122230182070113	0.0122455116982398	0.0117307089641267	0.0114201079124904	0.0122455116982398	0.0112022772402984	0.0115074053120933	0.011477261545283	0.0124921851719274	0.011232725434806	0.0126618753634202	0.0122820018986207	0.0106844021042395	0.0114239088291189	0.0114201079124904	0.0123186623377821	0.0113342243164453	0.0112100075563643	0.0120023991509269
03041 Spliceosome [BR:ko03041]	0.0110957749212236	0.0109214850913034	0.0109077881807538	0.011088547744167	0.011088547744167	0.0109214850913034	0.0131086544053416	0.0130458905685945	0.0131172668648589	0.0111453312498602	0.0148426406255894	0.0142649140429373	0.013522355507707	0.013261944015846	0.0142649140429373	0.0129700987643361	0.0134445452228548	0.0131795778322646	0.0145659394951759	0.0131896359858632	0.0212682739115607	0.0146328333242972	0.0110716720177196	0.0138812056802258	0.013261944015846	0.0145526613189433	0.0133510099366296	0.0132164680903566	0.0173676326584922
03016 Transfer RNA biogenesis [BR:ko03016]	0.0162291706731802	0.0158470767478762	0.0164315833367062	0.0161739613491195	0.0161739613491195	0.0158470767478762	0.0118566448279841	0.0118740090731115	0.0122784827790402	0.0154760605363869	0.0129934972198625	0.0124237176548499	0.0122271388554573	0.0126184488049003	0.0124237176548499	0.0123355876172587	0.0125198427498112	0.0120737403141743	0.012644361219321	0.0126273645465216	0.0155681889476662	0.0126060070168857	0.0154618315594453	0.0130648358210953	0.0126184488049003	0.0126980214459859	0.0124637699602243	0.0123129127711419	0.0126393029541032
03021 Transcription machinery [BR:ko03021]	0.0191156144559939	0.0193784277622881	0.0187984836845858	0.0191116126189281	0.0191116126189281	0.0193784277622881	0.0122964573860632	0.0122736606275437	0.0125607420629774	0.0192452310808489	0.0132671120926754	0.0131324736289907	0.0128916289877267	0.0121472044514889	0.0131324736289907	0.0119817223652112	0.0128241868158513	0.0126851368466813	0.0133785624860827	0.0127139726296301	0.0157747553371038	0.0134777767987082	0.0191995077642571	0.0137206781082859	0.0121472044514889	0.0134375522199396	0.0123147160089215	0.0122011059282924	0.0129627464147631
04121 Ubiquitin system [BR:ko04121]	0.014973280585229	0.0147911833981718	0.0149474449351605	0.0150480419383071	0.0150480419383072	0.0147911833981718	0.0151944571628672	0.0150251574619879	0.0151535480659179	0.0142279318911925	0.0156282120637308	0.0149963216434542	0.0149107758652466	0.0146689836570541	0.0149963216434542	0.0144001832478138	0.0152874869370135	0.0146959598422427	0.0153175771452173	0.0152442722979217	0.0139659645995284	0.0153282962589904	0.0142464432333508	0.0145782522350409	0.0146689836570541	0.0153541446097251	0.0150082279353094	0.0146924722932365	0.0141981709473734
01002 Peptidases and inhibitors [BR:ko01002]	0.0144703502594149	0.0164197072316014	0.0147135084562088	0.0144155511648416	0.0144155511648416	0.0164197072316014	0.0192444128879389	0.0192559702692788	0.0196982272356486	0.0157767115115601	0.0186049843477041	0.0189840358273791	0.0187733669732843	0.0187884827996964	0.0189840358273791	0.0186620865882378	0.0185494989769337	0.0188697534149141	0.0187888317672458	0.0198715579568613	0.0163600262523148	0.0189331327386971	0.0157617196669201	0.0186222820140773	0.0187884827996964	0.0187521692463446	0.0188432701787249	0.0187009930509369	0.0190374234261344
03029 Mitochondrial biogenesis [BR:ko03029]	0.024890693663175	0.024084685715264	0.0246847955089208	0.025067051203813	0.025067051203813	0.024084685715264	0.0151377618451567	0.014994778212617	0.0156142847863572	0.0244246280742471	0.0175866010052336	0.0177136137546288	0.0160738483128634	0.0156984522496941	0.0177136137546288	0.0155624820253451	0.0159906803830667	0.016073801427913	0.0179211294929707	0.0156780297100037	0.0214673334505404	0.0176588245741012	0.0240494705862804	0.0164293711944856	0.0156984522496941	0.0177679247402756	0.016003298903634	0.0157904570648829	0.0233261055938167
03400 DNA repair and recombination proteins [BR:ko03400]	0.0179065385020515	0.0168251458217929	0.0179387145188444	0.0178503608833699	0.0178503608833699	0.0168251458217929	0.0188105156849754	0.0186383377895753	0.0192214799749185	0.0175611299903174	0.0210872852926638	0.0209128375534716	0.0210728750440433	0.0199555121942406	0.0209128375534716	0.0197156233096857	0.0211999178713223	0.0207404787785738	0.0211523161912338	0.0192919666252374	0.0199936578086527	0.0213037231661897	0.0172412212615262	0.0218278749695463	0.0199555121942406	0.0210217792887733	0.0203798738662776	0.0203377970067626	0.0171788257253215
03019 Messenger RNA biogenesis [BR:ko03019]	0.0222319609151991	0.0212877158467458	0.0221753375784454	0.0221729389406676	0.0221729389406676	0.0212877158467458	0.0161430156038139	0.0160383565224896	0.0162422408940898	0.0227403364070328	0.0195635664985531	0.0190976022232922	0.0184028216879101	0.0178245113566259	0.0190976022232922	0.0174060706678852	0.0179533720010343	0.0177945760136554	0.0192906414655365	0.0161774163846173	0.0251428648088723	0.0195634079151977	0.0227260038066343	0.0185447847896518	0.0178245113566259	0.0195165353714076	0.0180105747234647	0.0177759904718067	0.0213589041040157
04147 Exosome [BR:ko04147]	0.0203151837594297	0.0214461676377533	0.0201817280835793	0.020393386648897	0.020393386648897	0.0214461676377533	0.0217665867825521	0.0216970000607407	0.0217333930757645	0.0220042940554913	0.0215073914854382	0.0214074788663225	0.0215758484419561	0.0215772451972392	0.0214074788663225	0.0213545235348405	0.0208720038081882	0.0215135004742969	0.0216361681443384	0.0215589263983468	0.0269165081069816	0.021427454860108	0.0221234630446903	0.0203205918274044	0.0215772451972392	0.0216370433179822	0.021527478088256	0.021363458547561	0.0251532973990581
03009 Ribosome biogenesis [BR:ko03009]	0.0272566657769574	0.0264866752256686	0.0271048978314465	0.0271733814594781	0.0271733814594781	0.0264866752256686	0.0191980058900583	0.0191569316983116	0.019355885387285	0.0272210327681751	0.0210278073172455	0.0201091009886951	0.0186515870696338	0.0185806622626512	0.0201091009886951	0.0180316966702962	0.0189193714175104	0.0182592033134298	0.020519773888185	0.019479719034714	0.0317881650748493	0.0205423429820326	0.0272387019812749	0.0199234514242362	0.0185806622626512	0.0206179307875958	0.0188287128027941	0.0183760729705144	0.0243747058165974
99980 Enzymes with EC numbers	0.0148728749937876	0.016039783533774	0.0153669836345294	0.0150335244249442	0.0150335244249442	0.016039783533774	0.0382488416309822	0.038048394267525	0.0375349284476116	0.0143284436883959	0.0283408116861822	0.0306559661770002	0.0305912771094666	0.0321084993177527	0.0306559661770002	0.0323928185631548	0.0306651046188981	0.0315643526152448	0.0292423516720257	0.0371542288628267	0.0164972196866965	0.0292308143937959	0.0142328822146723	0.0296339003635223	0.0321084993177527	0.0282149710769722	0.0317350438734015	0.0324124292595049	0.0192088714532035
02000 Transporters [BR:ko02000]	0.0341244145046134	0.0364495609783892	0.0345466672853067	0.0343765852045934	0.0343765852045934	0.0364495609783892	0.026862322448698	0.0272103322598735	0.026918382917749	0.031976294136153	0.0218187939267451	0.0232598777046425	0.0232918328520256	0.0255252329019154	0.0232598777046425	0.025106243386463	0.0233627762979043	0.0237240561931752	0.022485770084252	0.0268148966949157	0.0152576532669237	0.0219695268370203	0.0322175543801948	0.0239204250561264	0.0255252329019154	0.0225668362426624	0.0246301457030838	0.0254011779143234	0.0147782434694438
03036 Chromosome and associated proteins [BR:ko03036]	0.0331553378465973	0.0344009908737166	0.0327580798963298	0.0333043543306697	0.0333043543306697	0.0344009908737166	0.0330287651739061	0.0332394609142109	0.0323637674726011	0.0350084423488972	0.0345663442804798	0.0333718714941902	0.0335223436289428	0.0322139252864955	0.0333718714941902	0.0316387987020799	0.0333321088795425	0.0328971941268113	0.0340421199504551	0.0323967873548217	0.040740969184643	0.0341755583918376	0.0348116437492204	0.0331561211682507	0.0322139252864955	0.0341248851326576	0.0330197240681807	0.0326661026657959	0.0361425948907321
04131 Membrane trafficking [BR:ko04131]	0.042057175735301	0.0420997264731366	0.0414861467627093	0.0421174311969492	0.0421174311969492	0.0420997264731366	0.037428660304903	0.037189490202708	0.0368586239906922	0.0438453552199903	0.0420568303866557	0.0419688628973214	0.0426233228348918	0.0396427990094494	0.0419688628973214	0.0394772320514399	0.0431532849273494	0.042531248005429	0.0426866736760307	0.0369925399142464	0.0391029267959601	0.0426117518004885	0.0438567875753414	0.0410229375192154	0.0396427990094494	0.0424857059407022	0.0415136471411412	0.0409782828889533	0.0414418052979209
