KO	PY1 predicted abundance	PY2 predicted abundance	PY1 relative abundance (%)	PY2 relative abundance (%)
K00001	11020.25	2619.73	0.050645	0.049040
K00003	14744.81	4641.07	0.067761	0.086878
K00004	1955.20	15.25	0.008985	0.000285
K00005	3508.77	3504.95	0.016125	0.065610
K00006	13.00	0.00	0.000060	0.000000
K00007	44.29	0.00	0.000204	0.000000
K00008	1566.49	4.92	0.007199	0.000092
K00009	3229.52	1037.35	0.014842	0.019419
K00010	1189.10	7.90	0.005465	0.000148
K00012	15651.89	1826.93	0.071930	0.034199
K00013	13829.04	3406.20	0.063553	0.063762
K00014	16110.25	4398.77	0.074036	0.082342
K00015	1687.03	80.00	0.007753	0.001498
K00016	8591.00	4528.97	0.039481	0.084779
K00018	4305.48	529.50	0.019786	0.009912
K00019	3590.32	47.17	0.016500	0.000883
K00020	15089.82	979.57	0.069347	0.018337
K00021	228.00	15.25	0.001048	0.000285
K00023	2130.63	43.00	0.009791	0.000805
K00024	10601.09	409.20	0.048718	0.007660
K00025	9.00	0.00	0.000041	0.000000
K00027	10878.31	1637.94	0.049992	0.030661
K00028	0.00	2.00	0.000000	0.000037
K00029	7496.69	393.45	0.034452	0.007365
K00030	527.75	19.50	0.002425	0.000365
K00031	16632.50	3252.20	0.076436	0.060879
K00032	103.00	0.00	0.000473	0.000000
K00033	10048.41	1050.50	0.046178	0.019665
K00034	1268.89	4.40	0.005831	0.000082
K00035	409.00	4.00	0.001880	0.000075
K00036	10015.16	957.60	0.046026	0.017926
K00038	414.67	0.00	0.001906	0.000000
K00039	281.29	0.00	0.001293	0.000000
K00040	1836.99	274.20	0.008442	0.005133
K00041	1540.77	295.03	0.007081	0.005523
K00042	3715.96	995.40	0.017077	0.018633
K00043	3.00	0.00	0.000014	0.000000
K00045	754.17	22.00	0.003466	0.000412
K00046	2714.42	116.42	0.012474	0.002179
K00048	1092.85	514.45	0.005022	0.009630
K00050	1263.73	23.67	0.005808	0.000443
K00052	13167.96	3396.70	0.060515	0.063584
K00053	13599.96	3760.45	0.062500	0.070393
K00054	2913.50	2628.65	0.013389	0.049207
K00055	520.67	185.50	0.002393	0.003472
K00057	14887.00	4136.85	0.068415	0.077439
K00058	19218.62	3710.35	0.088321	0.069455
K00059	47678.08	7884.30	0.219109	0.147589
K00060	1882.98	281.12	0.008653	0.005262
K00064	1426.50	3.00	0.006556	0.000056
K00065	2032.98	609.95	0.009343	0.011418
K00066	96.17	0.00	0.000442	0.000000
K00067	9005.55	3837.82	0.041386	0.071841
K00068	656.22	513.65	0.003016	0.009615
K00073	434.23	258.45	0.001996	0.004838
K00074	10445.84	1239.12	0.048005	0.023196
K00075	14671.33	4139.35	0.067423	0.077486
K00076	665.73	277.20	0.003059	0.005189
K00077	8473.74	3407.43	0.038942	0.063785
K00082	302.41	3.00	0.001390	0.000056
K00086	261.20	0.00	0.001200	0.000000
K00087	652.48	718.20	0.002999	0.013444
K00088	17699.99	4368.60	0.081342	0.081777
K00090	3789.73	280.45	0.017416	0.005250
K00091	1881.04	0.00	0.008644	0.000000
K00094	283.23	258.45	0.001302	0.004838
K00096	480.33	1.50	0.002207	0.000028
K00097	8211.94	364.03	0.037739	0.006814
K00098	583.50	28.25	0.002682	0.000529
K00099	11477.16	1497.20	0.052744	0.028027
K00100	12726.24	2087.75	0.058485	0.039081
K00101	6275.12	338.28	0.028838	0.006332
K00102	1011.33	23.67	0.004648	0.000443
K00103	75.33	0.00	0.000346	0.000000
K00104	5473.68	429.87	0.025155	0.008047
K00105	243.17	192.65	0.001118	0.003606
K00106	21.67	0.00	0.000100	0.000000
K00108	6379.33	317.45	0.029317	0.005942
K00109	105.50	0.00	0.000485	0.000000
K00111	9029.71	1762.65	0.041497	0.032996
K00112	606.15	284.28	0.002786	0.005322
K00113	606.15	284.28	0.002786	0.005322
K00114	391.70	4.00	0.001800	0.000075
K00116	5634.97	290.78	0.025896	0.005443
K00117	2294.89	268.45	0.010546	0.005025
K00118	65.67	0.00	0.000302	0.000000
K00121	10522.03	327.45	0.048355	0.006130
K00122	540.37	0.00	0.002483	0.000000
K00123	7733.46	1209.38	0.035540	0.022639
K00124	2493.89	310.28	0.011461	0.005808
K00126	584.87	26.00	0.002688	0.000487
K00127	1921.56	311.78	0.008831	0.005836
K00128	16678.64	781.17	0.076648	0.014623
K00129	8.25	0.00	0.000038	0.000000
K00130	6272.22	317.45	0.028825	0.005942
K00131	974.66	2219.25	0.004479	0.041543
K00133	14948.41	4142.85	0.068697	0.077551
K00134	23575.01	4580.78	0.108341	0.085749
K00135	12412.19	731.20	0.057041	0.013688
K00137	460.32	269.45	0.002115	0.005044
K00138	6801.01	333.70	0.031255	0.006247
K00140	5039.46	105.90	0.023159	0.001982
K00141	179.67	0.00	0.000826	0.000000
K00145	13163.84	3603.60	0.060496	0.067457
K00146	532.90	255.45	0.002449	0.004782
K00147	13546.68	3991.85	0.062255	0.074725
K00148	917.83	0.00	0.004218	0.000000
K00150	827.42	0.00	0.003802	0.000000
K00151	1061.07	257.12	0.004876	0.004813
K00153	1077.83	34.25	0.004953	0.000641
K00154	6494.28	24.50	0.029845	0.000459
K00156	3544.94	292.70	0.016291	0.005479
K00158	1135.37	161.00	0.005218	0.003014
K00161	9788.07	2590.57	0.044982	0.048494
K00162	9813.07	2590.57	0.045097	0.048494
K00163	6820.31	323.70	0.031343	0.006059
K00164	9642.84	403.20	0.044315	0.007548
K00166	2269.33	10.67	0.010429	0.000200
K00167	2409.33	10.67	0.011072	0.000200
K00169	898.67	333.00	0.004130	0.006234
K00170	715.67	0.00	0.003289	0.000000
K00171	21.67	0.00	0.000100	0.000000
K00172	878.67	333.00	0.004038	0.006234
K00174	3377.56	196.50	0.015522	0.003678
K00175	3377.56	196.50	0.015522	0.003678
K00176	541.40	136.00	0.002488	0.002546
K00177	571.90	136.00	0.002628	0.002546
K00179	160.00	68.00	0.000735	0.001273
K00180	160.00	68.00	0.000735	0.001273
K00183	8.67	0.00	0.000040	0.000000
K00184	1568.87	39.50	0.007210	0.000739
K00185	1530.95	39.50	0.007036	0.000739
K00194	51.50	68.00	0.000237	0.001273
K00196	1153.50	904.00	0.005301	0.016922
K00197	51.50	68.00	0.000237	0.001273
K00198	279.50	115.00	0.001284	0.002153
K00200	137.20	0.00	0.000631	0.000000
K00201	137.20	0.00	0.000631	0.000000
K00202	137.20	0.00	0.000631	0.000000
K00208	9731.98	708.35	0.044724	0.013260
K00209	1688.30	33.50	0.007759	0.000627
K00210	448.70	0.00	0.002062	0.000000
K00211	62.00	0.00	0.000285	0.000000
K00214	772.75	0.00	0.003551	0.000000
K00215	15280.33	4193.18	0.070222	0.078494
K00216	867.69	284.70	0.003988	0.005329
K00217	430.50	0.00	0.001978	0.000000
K00218	772.75	0.00	0.003551	0.000000
K00219	7441.64	324.70	0.034199	0.006078
K00220	740.87	32.00	0.003405	0.000599
K00226	1945.42	2615.65	0.008940	0.048963
K00227	116.00	0.00	0.000533	0.000000
K00228	6851.69	354.78	0.031488	0.006641
K00230	858.32	322.28	0.003944	0.006033
K00231	3411.79	86.15	0.015679	0.001613
K00232	1181.00	22.25	0.005427	0.000417
K00239	12963.92	986.20	0.059577	0.018461
K00240	12744.92	653.20	0.058570	0.012227
K00241	11366.59	445.70	0.052236	0.008343
K00242	6314.85	358.95	0.029020	0.006719
K00243	4825.92	3523.15	0.022178	0.065951
K00244	2719.33	3371.68	0.012497	0.063116
K00245	400.82	284.28	0.001842	0.005322
K00246	349.82	284.28	0.001608	0.005322
K00247	334.82	284.28	0.001539	0.005322
K00248	4336.86	854.67	0.019930	0.015999
K00249	9920.77	127.09	0.045592	0.002379
K00252	8928.78	87.09	0.041033	0.001630
K00253	4428.96	56.50	0.020354	0.001058
K00254	9028.76	395.20	0.041492	0.007398
K00255	5701.12	0.00	0.026200	0.000000
K00257	23555.90	220.01	0.108253	0.004118
K00259	7290.33	329.57	0.033503	0.006169
K00260	1615.50	120.00	0.007424	0.002246
K00261	3298.02	78.59	0.015156	0.001471
K00262	10432.55	3523.18	0.047944	0.065952
K00263	2227.58	19.67	0.010237	0.000368
K00265	8414.71	438.37	0.038671	0.008206
K00266	14274.55	2573.60	0.065600	0.048176
K00271	118.33	1.50	0.000544	0.000028
K00273	196.66	15.25	0.000904	0.000285
K00274	1774.69	21.17	0.008156	0.000396
K00275	8444.09	369.45	0.038806	0.006916
K00276	815.51	252.20	0.003748	0.004721
K00278	9385.34	1173.95	0.043131	0.021976
K00279	8.25	0.00	0.000038	0.000000
K00280	194.00	0.00	0.000892	0.000000
K00281	5363.60	379.20	0.024649	0.007098
K00282	2903.80	84.40	0.013345	0.001580
K00283	2917.80	84.40	0.013409	0.001580
K00284	3126.08	525.67	0.014366	0.009840
K00285	11641.19	323.95	0.053498	0.006064
K00286	15171.96	4169.50	0.069724	0.078050
K00287	13426.26	4029.68	0.061702	0.075433
K00290	483.17	35.67	0.002220	0.000668
K00294	2842.15	12.84	0.013061	0.000240
K00297	12350.97	3589.70	0.056760	0.067197
K00298	17.00	0.00	0.000078	0.000000
K00299	7641.18	291.12	0.035116	0.005450
K00301	895.33	0.00	0.004115	0.000000
K00302	1669.90	25.00	0.007674	0.000468
K00303	2250.06	25.17	0.010340	0.000471
K00304	1253.90	23.50	0.005762	0.000440
K00305	1267.90	23.50	0.005827	0.000440
K00311	5019.95	56.50	0.023070	0.001058
K00313	1393.94	819.10	0.006406	0.015333
K00315	269.00	22.00	0.001236	0.000412
K00316	78.25	11.00	0.000360	0.000206
K00317	21.00	0.00	0.000097	0.000000
K00318	3429.66	12.67	0.015761	0.000237
K00320	20.00	0.00	0.000092	0.000000
K00322	3628.23	271.95	0.016674	0.005091
K00324	13124.05	760.53	0.060313	0.014237
K00325	7673.77	541.03	0.035265	0.010128
K00330	8780.97	367.45	0.040354	0.006878
K00331	8708.17	367.45	0.040019	0.006878
K00332	5223.19	47.67	0.024004	0.000892
K00333	5181.19	85.67	0.023811	0.001604
K00334	8830.85	842.95	0.040583	0.015779
K00335	8772.18	838.95	0.040313	0.015705
K00336	8308.58	865.12	0.038183	0.016194
K00337	9183.17	819.45	0.042202	0.015340
K00338	8883.17	367.45	0.040823	0.006878
K00339	8718.17	367.45	0.040065	0.006878
K00340	8701.17	367.45	0.039987	0.006878
K00341	8808.17	367.45	0.040479	0.006878
K00342	8831.50	367.45	0.040586	0.006878
K00343	8811.17	367.45	0.040493	0.006878
K00344	10633.30	396.54	0.048866	0.007423
K00346	570.59	67.33	0.002622	0.001260
K00347	600.26	67.33	0.002759	0.001260
K00348	600.26	67.33	0.002759	0.001260
K00349	600.26	67.33	0.002759	0.001260
K00350	605.01	78.33	0.002780	0.001466
K00351	600.26	67.33	0.002759	0.001260
K00354	514.00	189.00	0.002362	0.003538
K00355	1906.20	9.00	0.008760	0.000168
K00356	1458.37	33.67	0.006702	0.000630
K00360	334.33	1.50	0.001536	0.000028
K00362	9805.55	312.70	0.045062	0.005854
K00363	3394.82	307.70	0.015601	0.005760
K00364	3271.32	2846.60	0.015034	0.053286
K00365	537.33	3.17	0.002469	0.000059
K00366	2089.03	900.00	0.009600	0.016847
K00367	807.75	3.00	0.003712	0.000056
K00368	1270.33	3.00	0.005838	0.000056
K00370	3223.84	575.90	0.014815	0.010780
K00371	3477.84	575.90	0.015983	0.010780
K00372	5881.61	925.17	0.027029	0.017319
K00373	3325.84	575.90	0.015284	0.010780
K00374	3339.84	575.90	0.015349	0.010780
K00375	8297.84	98.92	0.038133	0.001852
K00376	368.00	0.00	0.001691	0.000000
K00380	7469.25	313.20	0.034326	0.005863
K00381	6164.52	319.95	0.028330	0.005989
K00382	25059.21	3414.17	0.115162	0.063911
K00383	4663.98	2657.18	0.021434	0.049741
K00384	26262.78	8575.74	0.120693	0.160532
K00385	1568.00	1760.25	0.007206	0.032951
K00387	85.00	0.00	0.000391	0.000000
K00389	1944.52	330.53	0.008936	0.006187
K00390	8670.26	390.20	0.039845	0.007304
K00392	2223.91	37.42	0.010220	0.000700
K00404	1585.09	50.50	0.007284	0.000945
K00405	1535.59	50.50	0.007057	0.000945
K00406	2889.59	96.00	0.013279	0.001797
K00407	1332.59	50.50	0.006124	0.000945
K00410	102.00	0.00	0.000469	0.000000
K00411	2165.29	56.50	0.009951	0.001058
K00412	2037.29	58.00	0.009363	0.001086
K00413	1814.09	56.50	0.008337	0.001058
K00423	8.67	0.00	0.000040	0.000000
K00425	15491.27	1030.38	0.071191	0.019288
K00426	15397.27	1030.38	0.070760	0.019288
K00427	3371.64	258.45	0.015495	0.004838
K00428	4637.35	370.78	0.021311	0.006941
K00432	15836.89	3320.35	0.072780	0.062155
K00433	3217.23	567.33	0.014785	0.010620
K00435	5.17	0.00	0.000024	0.000000
K00436	27.08	0.00	0.000124	0.000000
K00441	772.75	0.00	0.003551	0.000000
K00446	539.67	1.67	0.002480	0.000031
K00448	1450.54	0.00	0.006666	0.000000
K00449	1605.54	15.25	0.007378	0.000285
K00450	546.59	3.25	0.002512	0.000061
K00451	2725.75	34.00	0.012526	0.000636
K00452	502.33	3.00	0.002309	0.000056
K00453	2358.66	18.67	0.010839	0.000349
K00455	326.44	255.45	0.001500	0.004782
K00456	20.00	0.00	0.000092	0.000000
K00457	7436.21	61.00	0.034174	0.001142
K00459	9932.33	74.42	0.045645	0.001393
K00463	43.00	0.00	0.000198	0.000000
K00464	775.75	0.00	0.003565	0.000000
K00466	32.50	0.00	0.000149	0.000000
K00467	67.33	3.17	0.000309	0.000059
K00469	10.00	0.00	0.000046	0.000000
K00471	0.00	1.50	0.000000	0.000028
K00472	499.34	13.00	0.002295	0.000243
K00477	226.42	0.00	0.001041	0.000000
K00479	759.70	23.50	0.003491	0.000440
K00480	1275.78	25.25	0.005863	0.000473
K00481	1396.21	5.50	0.006416	0.000103
K00483	817.07	257.12	0.003755	0.004813
K00484	333.74	255.45	0.001534	0.004782
K00486	513.33	3.00	0.002359	0.000056
K00491	1178.66	9.67	0.005417	0.000181
K00493	204.83	1.67	0.000941	0.000031
K00496	3331.83	37.25	0.015312	0.000697
K00499	139.20	0.00	0.000640	0.000000
K00500	1762.58	32.50	0.008100	0.000608
K00501	20.00	0.00	0.000092	0.000000
K00505	266.17	1.50	0.001223	0.000028
K00507	9653.29	27.50	0.044363	0.000515
K00508	3952.29	33.25	0.018163	0.000622
K00510	1904.50	483.25	0.008752	0.009046
K00514	47.75	0.00	0.000219	0.000000
K00517	1765.46	10.50	0.008113	0.000197
K00518	154.33	1.50	0.000709	0.000028
K00520	887.92	0.00	0.004081	0.000000
K00523	670.17	3.25	0.003080	0.000061
K00524	35.25	0.00	0.000162	0.000000
K00525	17982.43	4545.55	0.082640	0.085090
K00526	14135.42	4391.88	0.064961	0.082213
K00527	6565.49	4958.43	0.030172	0.092819
K00528	12636.87	1173.37	0.058074	0.021965
K00529	3153.11	285.70	0.014490	0.005348
K00532	422.50	68.00	0.001942	0.001273
K00534	167.00	22.00	0.000767	0.000412
K00537	13581.77	4164.13	0.062416	0.077950
K00544	204.00	0.00	0.000937	0.000000
K00547	2216.50	2401.25	0.010186	0.044950
K00548	11736.43	1332.95	0.053936	0.024952
K00549	11176.37	2954.76	0.051362	0.055311
K00554	14620.33	4125.85	0.067189	0.077233
K00555	29.67	0.00	0.000136	0.000000
K00556	1190.65	319.45	0.005472	0.005980
K00557	3578.64	469.95	0.016446	0.008797
K00558	11444.14	3155.98	0.052593	0.059078
K00560	15503.12	4025.68	0.071246	0.075358
K00561	726.33	99.00	0.003338	0.001853
K00563	5714.98	3213.35	0.026264	0.060152
K00564	7771.31	3280.60	0.035714	0.061411
K00566	14140.33	4588.85	0.064983	0.085900
K00567	13546.38	3912.68	0.062254	0.073243
K00568	5718.35	326.95	0.026279	0.006120
K00569	456.25	24.50	0.002097	0.000459
K00570	1132.40	22.00	0.005204	0.000412
K00571	6051.60	3385.00	0.027811	0.063365
K00573	6614.18	382.28	0.030396	0.007156
K00574	12045.74	1280.70	0.055357	0.023974
K00575	7926.80	605.95	0.036428	0.011343
K00586	20.00	0.00	0.000092	0.000000
K00588	142.81	333.00	0.000656	0.006234
K00590	33.83	0.00	0.000155	0.000000
K00594	384.33	0.00	0.001766	0.000000
K00595	1920.53	25.00	0.008826	0.000468
K00596	97.00	0.00	0.000446	0.000000
K00598	1600.76	259.87	0.007356	0.004865
K00600	15105.16	3924.35	0.069417	0.073461
K00601	13.00	0.00	0.000060	0.000000
K00602	14575.43	4125.85	0.066983	0.077233
K00603	271.00	115.00	0.001245	0.002153
K00604	15150.45	4128.85	0.069625	0.077289
K00605	8820.23	410.60	0.040534	0.007686
K00606	11439.59	917.20	0.052572	0.017169
K00609	14320.60	4130.85	0.065812	0.077327
K00610	1776.99	932.95	0.008166	0.017464
K00611	9811.39	3796.10	0.045089	0.071061
K00612	1438.87	4.50	0.006612	0.000084
K00613	331.20	1.50	0.001522	0.000028
K00615	23230.52	6572.46	0.106758	0.123032
K00616	14940.16	2337.65	0.068659	0.043759
K00619	1210.15	7.17	0.005561	0.000134
K00620	10820.85	3218.32	0.049728	0.060245
K00624	52.00	0.00	0.000239	0.000000
K00625	4694.11	3478.65	0.021572	0.065118
K00626	30537.34	2152.46	0.140337	0.040293
K00627	14452.22	2918.02	0.066416	0.054623
K00631	6123.98	289.28	0.028143	0.005415
K00632	8245.12	612.90	0.037891	0.011473
K00633	3383.31	255.20	0.015548	0.004777
K00634	2294.70	615.00	0.010545	0.011512
K00635	3156.66	5.00	0.014507	0.000094
K00638	2984.71	22.00	0.013716	0.000412
K00639	6158.53	375.95	0.028302	0.007038
K00640	15716.88	4177.18	0.072228	0.078194
K00641	8969.93	110.34	0.041222	0.002065
K00643	1358.07	32.00	0.006241	0.000599
K00645	14277.26	4138.80	0.065612	0.077476
K00646	13.00	0.00	0.000060	0.000000
K00647	6887.26	337.28	0.031651	0.006314
K00648	16958.44	4122.10	0.077934	0.077163
K00651	4976.72	4075.20	0.022871	0.076285
K00652	7637.00	996.48	0.035097	0.018653
K00655	21533.51	5169.52	0.098959	0.096770
K00656	7588.38	7595.03	0.034873	0.142174
K00657	3568.71	900.28	0.016400	0.016853
K00658	11589.67	406.20	0.053261	0.007604
K00661	6338.77	3438.18	0.029130	0.064360
K00662	591.99	91.17	0.002721	0.001707
K00663	714.91	3.17	0.003285	0.000059
K00666	17819.44	540.04	0.081891	0.010109
K00672	137.20	0.00	0.000631	0.000000
K00673	1867.90	287.95	0.008584	0.005390
K00674	10527.78	3515.28	0.048381	0.065804
K00675	1026.11	270.95	0.004716	0.005072
K00677	7629.60	742.78	0.035062	0.013904
K00680	14271.80	1711.00	0.065587	0.032029
K00681	10451.30	359.87	0.048030	0.006737
K00683	47.83	1.67	0.000220	0.000031
K00684	7977.43	808.45	0.036661	0.015134
K00685	4921.95	56.50	0.022619	0.001058
K00686	357.00	5.00	0.001641	0.000094
K00687	711.67	2303.65	0.003271	0.043123
K00688	10246.26	6946.63	0.047088	0.130036
K00689	483.00	2178.00	0.002220	0.040771
K00690	1970.77	3132.20	0.009057	0.058633
K00691	2047.00	373.40	0.009407	0.006990
K00692	12.67	0.00	0.000058	0.000000
K00694	2482.93	261.45	0.011411	0.004894
K00695	72.00	0.00	0.000331	0.000000
K00696	168.20	0.00	0.000773	0.000000
K00697	5477.09	306.20	0.025170	0.005732
K00700	8728.55	4504.95	0.040113	0.084330
K00701	25.58	0.00	0.000118	0.000000
K00702	18.00	0.00	0.000083	0.000000
K00703	7561.52	4272.10	0.034750	0.079971
K00705	5551.15	3629.70	0.025511	0.067946
K00712	1833.00	184.00	0.008424	0.003444
K00713	0.00	3.00	0.000000	0.000056
K00720	304.07	0.00	0.001397	0.000000
K00721	6430.24	141.25	0.029551	0.002644
K00737	8.29	0.00	0.000038	0.000000
K00748	8369.35	739.78	0.038462	0.013848
K00752	491.00	25.00	0.002256	0.000468
K00754	4824.16	1269.00	0.022170	0.023755
K00756	4124.06	3330.07	0.018952	0.062337
K00757	1891.24	340.03	0.008691	0.006365
K00758	2673.36	322.37	0.012286	0.006035
K00759	13851.79	4076.02	0.063657	0.076300
K00760	14583.41	4641.85	0.067019	0.086892
K00761	13524.16	4117.35	0.062151	0.077074
K00762	14187.93	4125.85	0.065202	0.077233
K00763	14226.99	4084.02	0.065381	0.076450
K00764	14570.43	4125.85	0.066960	0.077233
K00765	13065.59	3289.20	0.060044	0.061572
K00766	12493.45	3029.07	0.057415	0.056702
K00767	10311.59	1203.20	0.047388	0.022523
K00768	5305.38	1357.70	0.024381	0.025415
K00769	937.32	306.28	0.004308	0.005733
K00772	2515.78	76.00	0.011561	0.001423
K00773	14108.00	4109.35	0.064835	0.076924
K00782	3596.50	396.78	0.016528	0.007427
K00783	11679.82	4081.10	0.053676	0.076396
K00784	7637.63	3813.10	0.035099	0.071379
K00785	88.00	0.33	0.000404	0.000006
K00786	501.92	1.25	0.002307	0.000023
K00788	14247.25	1387.60	0.065474	0.025975
K00789	15241.58	4452.85	0.070044	0.083354
K00790	18913.06	7161.50	0.086917	0.134059
K00791	15072.83	4125.85	0.069269	0.077233
K00793	12846.13	1436.45	0.059036	0.026889
K00794	12976.59	1436.45	0.059635	0.026889
K00795	5193.52	321.28	0.023867	0.006014
K00796	14385.89	3669.35	0.066112	0.068688
K00797	3801.80	714.95	0.017472	0.013383
K00798	7234.99	175.57	0.033249	0.003287
K00799	34997.37	1116.10	0.160833	0.020893
K00800	14476.83	3932.35	0.066530	0.073611
K00801	1066.25	0.00	0.004900	0.000000
K00803	633.67	16.75	0.002912	0.000314
K00805	6485.63	1176.20	0.029805	0.022018
K00806	15345.62	4644.18	0.070522	0.086936
K00808	405.20	0.00	0.001862	0.000000
K00809	2636.41	45.50	0.012116	0.000852
K00812	10273.34	1104.17	0.047212	0.020669
K00813	349.82	284.28	0.001608	0.005322
K00817	20831.99	3587.62	0.095735	0.067158
K00818	9187.57	2767.65	0.042222	0.051809
K00819	2903.49	11.17	0.013343	0.000209
K00820	17276.19	5039.02	0.079394	0.094327
K00821	3494.94	818.28	0.016061	0.015318
K00822	1605.66	33.00	0.007379	0.000618
K00823	2228.09	274.87	0.010239	0.005145
K00824	2722.00	717.40	0.012509	0.013429
K00826	19128.05	4563.35	0.087905	0.085423
K00830	930.48	23.67	0.004276	0.000443
K00831	11020.76	3572.18	0.050647	0.066869
K00832	4874.82	767.95	0.022403	0.014376
K00833	6493.02	815.53	0.029839	0.015266
K00835	1263.57	282.95	0.005807	0.005297
K00836	3651.92	12.50	0.016783	0.000234
K00839	190.47	6.00	0.000875	0.000112
K00840	617.14	258.45	0.002836	0.004838
K00841	3742.17	3063.65	0.017197	0.057350
K00842	21.67	0.00	0.000100	0.000000
K00845	16323.90	5315.35	0.075018	0.099500
K00847	11588.79	5225.05	0.053257	0.097810
K00848	1843.17	895.85	0.008470	0.016770
K00849	6890.49	4100.35	0.031666	0.076756
K00850	11807.95	4814.35	0.054264	0.090121
K00851	6424.71	522.85	0.029525	0.009787
K00852	10215.45	1976.77	0.046946	0.037004
K00853	1195.90	272.45	0.005496	0.005100
K00854	6023.30	1105.28	0.027681	0.020690
K00855	2416.52	299.95	0.011105	0.005615
K00856	1564.83	3.00	0.007191	0.000056
K00857	8229.22	3825.60	0.037818	0.071613
K00858	16175.91	4130.68	0.074338	0.077324
K00859	14479.33	4127.35	0.066541	0.077261
K00860	2157.81	322.95	0.009916	0.006045
K00862	159.00	0.00	0.000731	0.000000
K00863	3558.53	74.00	0.016354	0.001385
K00864	12751.31	3942.35	0.058600	0.073798
K00865	10452.63	4199.63	0.048036	0.078614
K00867	4238.19	2835.68	0.019477	0.053082
K00868	8591.17	6208.70	0.039481	0.116223
K00869	3165.50	2643.90	0.014547	0.049492
K00870	8.25	0.00	0.000038	0.000000
K00872	9285.23	3607.85	0.042671	0.067537
K00873	15380.41	5304.30	0.070682	0.099293
K00874	6429.21	961.33	0.029546	0.017995
K00875	75.00	0.00	0.000345	0.000000
K00876	9202.90	4330.77	0.042293	0.081069
K00878	8450.73	1168.68	0.038836	0.021877
K00879	308.27	264.78	0.001417	0.004957
K00880	425.07	266.78	0.001953	0.004994
K00881	8.29	3.00	0.000038	0.000056
K00882	6369.72	3857.25	0.029273	0.072205
K00883	1123.27	280.20	0.005162	0.005245
K00884	800.40	284.28	0.003678	0.005322
K00885	315.60	266.45	0.001450	0.004988
K00886	2565.49	248.42	0.011790	0.004650
K00887	3151.50	2512.65	0.014483	0.047035
K00891	13773.36	4029.05	0.063297	0.075421
K00892	320.82	277.95	0.001474	0.005203
K00895	813.50	0.00	0.003739	0.000000
K00897	209.33	3.17	0.000962	0.000059
K00899	609.17	5.00	0.002799	0.000094
K00901	7692.83	1284.45	0.035353	0.024044
K00903	78.00	0.00	0.000358	0.000000
K00906	1073.49	277.95	0.004933	0.005203
K00912	6752.85	739.78	0.031033	0.013848
K00917	1702.34	2419.65	0.007823	0.045294
K00918	44.00	0.00	0.000202	0.000000
K00919	13106.00	1813.85	0.060230	0.033954
K00924	3507.17	4.67	0.016118	0.000087
K00925	13365.15	4946.85	0.061421	0.092602
K00926	3931.81	3675.08	0.018069	0.068795
K00927	15323.00	4125.85	0.070418	0.077233
K00928	18482.45	5523.25	0.084938	0.103392
K00929	2386.16	594.67	0.010966	0.011132
K00930	13189.59	3587.60	0.060614	0.067158
K00931	12797.93	3980.85	0.058814	0.074519
K00932	308.27	258.45	0.001417	0.004838
K00936	12355.39	4791.65	0.056780	0.089697
K00937	14167.30	642.95	0.065107	0.012036
K00938	2367.17	2640.90	0.010879	0.049436
K00939	14892.41	4147.85	0.068439	0.077645
K00940	12719.76	3193.85	0.058455	0.059787
K00941	12571.52	1610.35	0.057774	0.030145
K00942	15566.20	4772.85	0.071536	0.089345
K00943	13766.99	4124.35	0.063267	0.077205
K00945	12977.85	3910.85	0.059641	0.073209
K00946	9858.60	421.53	0.045306	0.007891
K00948	17853.87	7194.00	0.082049	0.134667
K00949	6014.73	3707.32	0.027641	0.069399
K00950	14967.80	2746.35	0.068786	0.051410
K00951	15024.58	4465.35	0.069047	0.083588
K00952	20.00	0.00	0.000092	0.000000
K00954	14663.33	4125.85	0.067387	0.077233
K00955	1352.70	10.00	0.006216	0.000187
K00956	6309.35	346.53	0.028995	0.006487
K00957	6992.85	356.53	0.032136	0.006674
K00958	2101.74	33.67	0.009659	0.000630
K00960	411.00	5.00	0.001889	0.000094
K00962	14281.33	3930.85	0.065631	0.073583
K00963	14473.07	5655.13	0.066512	0.105860
K00965	6562.49	4109.35	0.030158	0.076924
K00966	1335.75	28.75	0.006139	0.000538
K00968	130.00	0.00	0.000597	0.000000
K00969	11763.42	4118.18	0.054060	0.077090
K00970	8321.31	598.20	0.038241	0.011198
K00971	7930.77	1464.70	0.036447	0.027418
K00972	201.00	0.00	0.000924	0.000000
K00973	13116.12	4013.27	0.060276	0.075126
K00974	10110.04	4107.60	0.046462	0.076892
K00975	10557.79	7351.87	0.048519	0.137622
K00978	622.87	15.75	0.002862	0.000295
K00979	6743.69	739.78	0.030991	0.013848
K00980	3401.20	351.00	0.015631	0.006570
K00981	15597.35	4387.05	0.071679	0.082123
K00982	7423.85	557.03	0.034117	0.010427
K00983	773.28	27.50	0.003554	0.000515
K00984	203.99	3.25	0.000937	0.000061
K00986	3289.77	910.00	0.015118	0.017035
K00988	61.75	0.00	0.000284	0.000000
K00989	10509.09	1367.70	0.048295	0.025602
K00990	6107.85	434.78	0.028069	0.008139
K00991	11146.76	1974.35	0.051226	0.036959
K00992	4939.95	48.00	0.022702	0.000899
K00995	15481.95	4377.93	0.071149	0.081952
K00996	39.50	3.58	0.000182	0.000067
K00997	9798.67	4102.35	0.045031	0.076793
K00998	320.82	284.28	0.001474	0.005322
K00999	42.00	0.00	0.000193	0.000000
K01000	14691.33	4125.85	0.067515	0.077233
K01002	753.77	258.45	0.003464	0.004838
K01003	218.50	0.00	0.001004	0.000000
K01004	656.50	22.00	0.003017	0.000412
K01006	4719.77	1095.65	0.021690	0.020510
K01007	7792.40	357.87	0.035811	0.006699
K01008	4109.39	1197.78	0.018885	0.022422
K01011	11985.27	1210.07	0.055079	0.022652
K01012	10909.50	1827.53	0.050136	0.034210
K01023	346.33	9.50	0.001592	0.000178
K01026	399.20	333.00	0.001835	0.006234
K01027	82.00	1.67	0.000377	0.000031
K01028	9725.45	89.17	0.044694	0.001669
K01029	9558.45	77.17	0.043927	0.001445
K01031	3795.90	0.00	0.017444	0.000000
K01032	3811.90	11.00	0.017518	0.000206
K01034	602.23	595.20	0.002768	0.011142
K01035	602.23	595.20	0.002768	0.011142
K01039	448.50	0.00	0.002061	0.000000
K01040	401.50	0.00	0.001845	0.000000
K01042	1530.81	692.43	0.007035	0.012962
K01046	8337.37	38.00	0.038315	0.000711
K01048	3322.69	975.95	0.015270	0.018269
K01051	1977.27	261.45	0.009087	0.004894
K01053	2577.71	17.67	0.011846	0.000331
K01055	4929.54	57.50	0.022654	0.001076
K01056	14760.83	4153.10	0.067835	0.077743
K01057	5113.61	362.25	0.023500	0.006781
K01058	3953.90	274.95	0.018170	0.005147
K01060	654.66	19.25	0.003009	0.000360
K01061	5355.04	562.65	0.024610	0.010532
K01066	3389.66	571.07	0.015577	0.010690
K01067	698.00	0.00	0.003208	0.000000
K01069	7425.26	677.95	0.034123	0.012691
K01070	9162.79	570.15	0.042108	0.010673
K01071	1587.17	2518.65	0.007294	0.047147
K01073	127.00	184.00	0.000584	0.003444
K01075	588.50	0.00	0.002705	0.000000
K01077	4666.20	908.28	0.021444	0.017002
K01078	572.59	0.00	0.002631	0.000000
K01079	7368.02	2803.28	0.033860	0.052476
K01081	7652.66	2371.84	0.035168	0.044399
K01082	6099.85	391.03	0.028032	0.007320
K01083	4039.50	49.50	0.018564	0.000927
K01085	520.07	258.45	0.002390	0.004838
K01086	16.00	0.00	0.000074	0.000000
K01087	5429.96	317.45	0.024954	0.005942
K01089	2370.32	323.78	0.010893	0.006061
K01090	9545.79	3417.49	0.043869	0.063973
K01091	26509.65	5112.93	0.121827	0.095711
K01092	15510.20	3198.27	0.071278	0.059870
K01093	387.73	255.20	0.001782	0.004777
K01095	4320.69	680.78	0.019856	0.012744
K01096	2931.49	284.28	0.013472	0.005322
K01101	2630.46	2598.65	0.012089	0.048645
K01104	23915.87	7508.68	0.109907	0.140558
K01113	5633.79	51.25	0.025891	0.000959
K01114	2535.47	74.00	0.011652	0.001385
K01115	137.00	0.00	0.000630	0.000000
K01118	7493.06	420.60	0.034435	0.007873
K01119	4138.35	3164.10	0.019018	0.059230
K01120	5.17	3.00	0.000024	0.000056
K01126	25400.28	4743.52	0.116729	0.088796
K01129	10918.01	1128.20	0.050175	0.021119
K01130	2366.29	272.95	0.010874	0.005109
K01133	604.17	22.00	0.002777	0.000412
K01137	20.00	0.00	0.000092	0.000000
K01138	558.46	854.40	0.002566	0.015994
K01139	4531.74	650.28	0.020826	0.012173
K01141	1073.66	284.28	0.004934	0.005322
K01142	18380.48	4215.02	0.084469	0.078902
K01144	1075.37	22.00	0.004942	0.000412
K01146	320.82	277.95	0.001474	0.005203
K01147	1504.07	285.95	0.006912	0.005353
K01150	540.82	277.95	0.002485	0.005203
K01151	5163.88	1446.68	0.023731	0.027081
K01153	18892.30	5654.55	0.086821	0.105849
K01154	18541.44	4260.28	0.085209	0.079750
K01155	256.92	75.00	0.001181	0.001404
K01156	650.17	343.25	0.002988	0.006425
K01159	11004.43	1065.20	0.050572	0.019940
K01160	610.25	516.40	0.002804	0.009667
K01163	703.34	968.00	0.003232	0.018120
K01166	3672.08	49.00	0.016875	0.000917
K01167	319.33	3.17	0.001468	0.000059
K01169	319.27	258.45	0.001467	0.004838
K01170	20.00	0.00	0.000092	0.000000
K01173	4613.04	22.25	0.021200	0.000417
K01174	2870.45	6.40	0.013191	0.000120
K01175	3003.28	284.28	0.013802	0.005322
K01176	4049.79	3314.31	0.018611	0.062042
K01178	288.25	7.67	0.001325	0.000144
K01179	3835.09	356.79	0.017624	0.006679
K01181	1871.07	15.00	0.008599	0.000281
K01182	2640.16	1209.00	0.012133	0.022632
K01183	3037.84	29.50	0.013961	0.000552
K01185	4516.30	971.10	0.020755	0.018178
K01186	3319.50	71.50	0.015255	0.001338
K01187	11433.06	2218.42	0.052542	0.041527
K01190	8618.22	3444.53	0.039606	0.064479
K01191	1821.11	3.50	0.008369	0.000066
K01192	1437.16	455.00	0.006605	0.008517
K01193	7613.34	5771.43	0.034988	0.108037
K01194	777.13	519.90	0.003571	0.009732
K01195	1504.40	307.20	0.006914	0.005751
K01197	103.00	1.50	0.000473	0.000028
K01198	1222.04	455.00	0.005616	0.008517
K01200	3999.74	3876.25	0.018381	0.072561
K01201	1957.17	32.25	0.008994	0.000604
K01205	74.00	3.00	0.000340	0.000056
K01206	4663.83	18.00	0.021433	0.000337
K01207	10211.10	1200.37	0.046926	0.022470
K01208	56.25	0.00	0.000259	0.000000
K01209	4335.67	1570.00	0.019925	0.029389
K01210	140.50	12.00	0.000646	0.000225
K01212	14.00	3.00	0.000064	0.000056
K01215	2040.92	3422.65	0.009379	0.064070
K01218	853.25	459.50	0.003921	0.008602
K01220	918.37	2215.00	0.004220	0.041463
K01222	2638.93	783.35	0.012127	0.014664
K01223	12920.23	14340.70	0.059376	0.268449
K01224	941.00	639.00	0.004324	0.011962
K01226	3408.32	3578.10	0.015663	0.066980
K01227	322.00	0.00	0.001480	0.000000
K01230	13.00	0.00	0.000060	0.000000
K01232	2730.60	596.20	0.012549	0.011160
K01235	726.50	7.00	0.003339	0.000131
K01236	2298.28	3.17	0.010562	0.000059
K01239	6562.88	974.42	0.030160	0.018241
K01241	2449.44	302.45	0.011257	0.005662
K01243	11061.83	4026.35	0.050836	0.075371
K01246	10288.32	3365.08	0.047281	0.062992
K01247	3625.74	294.12	0.016662	0.005506
K01250	822.44	269.45	0.003780	0.005044
K01251	8764.36	183.75	0.040277	0.003440
K01252	880.77	284.70	0.004048	0.005329
K01253	17.34	6.00	0.000080	0.000112
K01255	13053.73	1328.95	0.059990	0.024877
K01256	11645.44	3008.78	0.053518	0.056322
K01258	8124.96	4063.33	0.037339	0.076063
K01259	5684.17	354.42	0.026122	0.006635
K01261	1712.67	2331.65	0.007871	0.043647
K01262	17075.95	5207.43	0.078474	0.097480
K01263	179.20	0.00	0.000824	0.000000
K01265	23943.10	4692.02	0.110033	0.087832
K01266	1024.50	38.00	0.004708	0.000711
K01267	2827.57	696.75	0.012994	0.013043
K01269	28.33	333.00	0.000130	0.006234
K01270	4047.77	1504.78	0.018602	0.028168
K01271	6941.90	3928.27	0.031902	0.073535
K01273	4703.82	697.17	0.021617	0.013051
K01274	78.00	17.25	0.000358	0.000323
K01277	125.50	0.00	0.000577	0.000000
K01278	4017.50	112.00	0.018463	0.002097
K01281	1177.33	2401.75	0.005411	0.044959
K01283	685.84	10.00	0.003152	0.000187
K01284	5830.11	362.03	0.026793	0.006777
K01286	6156.48	3666.65	0.028293	0.068637
K01295	1916.25	408.67	0.008806	0.007650
K01297	5291.51	761.78	0.024318	0.014260
K01299	2722.08	924.74	0.012510	0.017311
K01301	46.00	0.00	0.000211	0.000000
K01302	13.00	0.00	0.000060	0.000000
K01303	622.00	17.00	0.002858	0.000318
K01304	5108.84	1301.07	0.023478	0.024355
K01305	1220.59	789.45	0.005609	0.014778
K01308	433.50	5.00	0.001992	0.000094
K01317	8.25	0.00	0.000038	0.000000
K01318	493.00	0.00	0.002266	0.000000
K01322	4983.34	80.00	0.022901	0.001498
K01338	11699.44	2219.62	0.053766	0.041550
K01342	304.00	0.00	0.001397	0.000000
K01354	4937.85	573.03	0.022692	0.010727
K01355	277.06	255.20	0.001273	0.004777
K01356	10176.11	1876.10	0.046765	0.035119
K01358	22503.29	5457.10	0.103416	0.102153
K01361	517.00	2212.25	0.002376	0.041412
K01372	4586.67	2983.65	0.021078	0.055852
K01387	0.00	4.50	0.000000	0.000084
K01389	72.00	0.00	0.000331	0.000000
K01392	520.37	0.00	0.002391	0.000000
K01399	22.50	0.00	0.000103	0.000000
K01401	425.00	0.00	0.001953	0.000000
K01406	457.75	28.00	0.002104	0.000524
K01407	316.07	264.78	0.001453	0.004957
K01409	15012.83	4573.85	0.068993	0.085619
K01414	4953.23	290.95	0.022763	0.005446
K01415	245.01	3.00	0.001126	0.000056
K01416	53.33	0.00	0.000245	0.000000
K01419	4871.86	1054.18	0.022389	0.019734
K01420	9840.39	1618.27	0.045222	0.030293
K01421	6886.33	3463.07	0.031647	0.064826
K01424	14237.58	4360.55	0.065430	0.081627
K01425	7417.24	1424.90	0.034087	0.026673
K01426	11688.44	441.49	0.053715	0.008264
K01427	25.00	15.25	0.000115	0.000285
K01428	5944.72	511.00	0.027319	0.009566
K01429	6269.32	489.25	0.028811	0.009158
K01430	6304.32	494.25	0.028972	0.009252
K01432	510.50	0.00	0.002346	0.000000
K01433	9166.07	400.20	0.042123	0.007491
K01434	1857.94	34.17	0.008538	0.000640
K01436	7898.82	71.17	0.036300	0.001332
K01437	35.25	0.00	0.000162	0.000000
K01438	4661.52	361.78	0.021422	0.006772
K01439	13559.28	3878.08	0.062313	0.072595
K01442	5475.18	1705.65	0.025162	0.031929
K01443	9184.80	3987.50	0.042210	0.074643
K01444	1553.00	71.00	0.007137	0.001329
K01446	0.00	6.00	0.000000	0.000112
K01447	3477.67	68.65	0.015982	0.001285
K01448	18504.09	5705.34	0.085037	0.106800
K01449	2497.50	617.00	0.011477	0.011550
K01451	5463.00	622.00	0.025106	0.011643
K01452	200.83	22.00	0.000923	0.000412
K01453	807.00	3.00	0.003709	0.000056
K01455	813.57	0.00	0.003739	0.000000
K01457	1103.03	0.00	0.005069	0.000000
K01458	453.84	0.00	0.002086	0.000000
K01459	146.00	0.00	0.000671	0.000000
K01460	308.27	258.45	0.001417	0.004838
K01461	173.00	0.00	0.000795	0.000000
K01462	23751.69	8011.25	0.109153	0.149965
K01464	2145.65	1147.70	0.009861	0.021484
K01465	21613.64	4223.33	0.099327	0.079058
K01466	1296.98	279.62	0.005960	0.005234
K01467	1814.52	2471.45	0.008339	0.046264
K01468	5632.79	528.75	0.025886	0.009898
K01469	1322.93	7.50	0.006080	0.000140
K01470	3033.76	69.67	0.013942	0.001304
K01471	194.00	0.00	0.000892	0.000000
K01473	1335.83	22.00	0.006139	0.000412
K01474	1255.41	22.00	0.005769	0.000412
K01476	3857.42	530.67	0.017727	0.009934
K01477	2852.87	16.75	0.013111	0.000314
K01478	1492.46	134.90	0.006859	0.002525
K01479	4297.96	392.75	0.019752	0.007352
K01480	4581.14	381.62	0.021053	0.007144
K01482	178.00	0.00	0.000818	0.000000
K01483	3775.09	282.20	0.017349	0.005283
K01484	1459.03	287.95	0.006705	0.005390
K01485	4574.49	1047.85	0.021022	0.019615
K01486	3285.99	1442.27	0.015101	0.026998
K01487	6451.48	825.12	0.029648	0.015446
K01488	9876.48	3124.18	0.045388	0.058483
K01489	8060.25	4181.35	0.037042	0.078272
K01491	14933.96	4127.52	0.068630	0.077264
K01493	5357.17	3567.15	0.024619	0.066775
K01494	9540.26	561.70	0.043843	0.010515
K01495	13335.98	3649.35	0.061287	0.068313
K01496	4677.70	2899.75	0.021497	0.054281
K01497	7914.82	313.95	0.036373	0.005877
K01499	157.20	0.00	0.000722	0.000000
K01501	778.87	5.00	0.003579	0.000094
K01502	466.54	0.00	0.002144	0.000000
K01505	1929.53	22.50	0.008867	0.000421
K01507	10218.01	663.20	0.046958	0.012415
K01512	10095.77	3590.35	0.046396	0.067209
K01515	13168.88	4934.52	0.060519	0.092371
K01520	12069.76	4119.18	0.055468	0.077108
K01521	562.07	258.45	0.002583	0.004838
K01523	4771.70	2899.75	0.021929	0.054281
K01524	16653.45	2692.98	0.076532	0.050411
K01525	4249.15	289.28	0.019527	0.005415
K01531	1790.53	298.60	0.008229	0.005590
K01533	6927.68	252.32	0.031837	0.004723
K01534	11570.88	4114.17	0.053175	0.077015
K01535	18.00	0.00	0.000083	0.000000
K01537	6761.87	4476.90	0.031075	0.083805
K01545	103.20	0.00	0.000474	0.000000
K01546	4776.22	363.45	0.021950	0.006804
K01547	4770.89	364.95	0.021925	0.006832
K01548	4708.22	364.95	0.021637	0.006832
K01551	2673.87	24.50	0.012288	0.000459
K01555	4171.54	8.50	0.019171	0.000159
K01556	2316.19	33.17	0.010644	0.000621
K01560	4181.38	443.40	0.019216	0.008300
K01561	724.03	53.00	0.003327	0.000992
K01563	445.25	1.50	0.002046	0.000028
K01567	1371.90	525.00	0.006305	0.009828
K01568	26.00	0.00	0.000119	0.000000
K01569	519.00	0.00	0.002385	0.000000
K01571	909.90	580.90	0.004182	0.010874
K01572	990.60	626.90	0.004552	0.011735
K01573	170.50	12.50	0.000784	0.000234
K01574	903.67	453.50	0.004153	0.008489
K01575	2118.26	2543.90	0.009735	0.047620
K01576	534.20	7.00	0.002455	0.000131
K01577	530.93	255.20	0.002440	0.004777
K01578	337.87	0.00	0.001553	0.000000
K01579	9909.13	791.70	0.045538	0.014820
K01580	769.21	549.65	0.003535	0.010289
K01581	3199.66	1611.40	0.014704	0.030164
K01582	918.38	534.90	0.004220	0.010013
K01583	19.25	0.00	0.000088	0.000000
K01584	1287.90	258.45	0.005919	0.004838
K01585	3749.23	455.45	0.017230	0.008526
K01586	15343.37	4130.60	0.070512	0.077322
K01588	14469.18	4136.85	0.066494	0.077439
K01589	13463.56	3384.25	0.061873	0.063351
K01590	90.29	1.50	0.000415	0.000028
K01591	14678.93	4661.85	0.067458	0.087267
K01593	74.33	0.00	0.000342	0.000000
K01595	9681.79	3256.45	0.044494	0.060959
K01596	4861.99	38.75	0.022344	0.000725
K01597	3145.50	2643.90	0.014455	0.049492
K01598	707.87	2302.25	0.003253	0.043097
K01599	11532.43	520.53	0.052998	0.009744
K01601	719.75	69.00	0.003308	0.001292
K01602	1057.75	22.00	0.004861	0.000412
K01607	9645.59	1021.57	0.044327	0.019123
K01608	1092.40	259.70	0.005020	0.004861
K01609	11675.90	2753.57	0.053658	0.051545
K01610	5601.22	2801.45	0.025741	0.052441
K01611	2748.30	763.45	0.012630	0.014291
K01613	8278.59	1208.95	0.038045	0.022631
K01615	501.00	141.00	0.002302	0.002639
K01616	184.50	27.25	0.000848	0.000510
K01617	269.50	0.00	0.001239	0.000000
K01619	8822.30	3723.85	0.040544	0.069708
K01620	7399.30	1068.45	0.034004	0.020001
K01621	3868.94	528.25	0.017780	0.009888
K01623	1811.67	7.00	0.008326	0.000131
K01624	14342.07	4491.35	0.065910	0.084075
K01625	9460.34	1016.43	0.043476	0.019027
K01626	14671.01	5790.68	0.067422	0.108398
K01627	6787.69	739.78	0.031193	0.013848
K01628	1655.67	338.28	0.007609	0.006332
K01629	1106.27	897.10	0.005084	0.016793
K01630	407.57	258.45	0.001873	0.004838
K01631	1070.94	264.20	0.004922	0.004946
K01633	10991.73	2732.85	0.050513	0.051157
K01635	1391.97	2361.45	0.006397	0.044205
K01637	6280.48	313.87	0.028862	0.005875
K01638	7191.37	602.24	0.033049	0.011274
K01639	1540.67	1123.03	0.007080	0.021022
K01640	6941.79	62.00	0.031902	0.001161
K01641	3016.50	2643.90	0.013863	0.049492
K01643	884.57	739.03	0.004065	0.013834
K01644	5223.44	829.62	0.024005	0.015530
K01646	884.57	739.03	0.004065	0.013834
K01647	14201.28	2968.37	0.065263	0.055566
K01649	17308.29	3799.95	0.079542	0.071133
K01652	21183.06	4549.08	0.097349	0.085156
K01653	13172.03	4018.90	0.060533	0.075231
K01654	874.28	33.50	0.004018	0.000627
K01655	24.66	1.67	0.000113	0.000031
K01657	12995.09	3286.45	0.059720	0.061520
K01658	10348.49	2825.92	0.047557	0.052899
K01659	5076.81	310.20	0.023331	0.005807
K01661	5723.20	521.43	0.026301	0.009761
K01662	14258.53	2646.70	0.065526	0.049544
K01664	4299.85	926.03	0.019760	0.017335
K01665	8570.01	883.28	0.039384	0.016534
K01666	808.06	253.70	0.003714	0.004749
K01667	1134.98	675.70	0.005216	0.012649
K01669	10489.31	359.02	0.048205	0.006721
K01671	308.27	258.45	0.001417	0.004838
K01673	15980.36	4426.15	0.073439	0.082855
K01674	3116.63	120.40	0.014323	0.002254
K01676	5701.92	554.90	0.026204	0.010387
K01677	1296.50	1028.00	0.005958	0.019243
K01678	1290.50	1028.00	0.005931	0.019243
K01679	11280.96	598.20	0.051843	0.011198
K01681	14786.06	3567.40	0.067951	0.066779
K01682	5824.40	328.78	0.026767	0.006155
K01684	2220.80	256.70	0.010206	0.004805
K01685	2691.57	299.03	0.012369	0.005598
K01686	1926.57	337.43	0.008854	0.006316
K01687	18262.07	3747.45	0.083925	0.070150
K01689	15079.33	4577.85	0.069298	0.085694
K01690	2187.23	309.95	0.010052	0.005802
K01692	9006.53	366.54	0.041390	0.006861
K01693	11091.47	3082.42	0.050972	0.057701
K01695	15132.81	3299.85	0.069544	0.061771
K01696	15982.51	3315.85	0.073449	0.062071
K01697	3855.01	150.33	0.017716	0.002814
K01698	12190.51	1307.20	0.056023	0.024470
K01699	174.50	50.25	0.000802	0.000941
K01702	12.00	6.00	0.000055	0.000112
K01703	13105.30	3643.45	0.060227	0.068203
K01704	13040.30	3643.45	0.059928	0.068203
K01706	1289.61	258.45	0.005927	0.004838
K01707	703.37	4.00	0.003232	0.000075
K01708	784.44	258.45	0.003605	0.004838
K01709	434.45	15.75	0.001997	0.000295
K01710	13635.02	4447.60	0.062661	0.083256
K01711	3681.19	298.28	0.016917	0.005584
K01712	5677.46	528.75	0.026091	0.009898
K01713	309.80	0.00	0.001424	0.000000
K01714	21598.85	4609.93	0.099259	0.086295
K01715	3964.49	817.67	0.018219	0.015306
K01716	1886.52	312.28	0.008670	0.005846
K01719	11050.92	389.53	0.050785	0.007292
K01720	2142.98	300.70	0.009848	0.005629
K01721	748.34	0.00	0.003439	0.000000
K01724	4227.61	76.42	0.019428	0.001431
K01725	4089.19	253.70	0.018792	0.004749
K01727	194.67	4.00	0.000895	0.000075
K01728	184.33	0.00	0.000847	0.000000
K01729	779.50	0.00	0.003582	0.000000
K01730	201.04	0.00	0.000924	0.000000
K01733	15270.09	4070.35	0.070175	0.076194
K01734	3777.82	1342.35	0.017361	0.025128
K01735	13562.21	3394.85	0.062326	0.063549
K01736	14363.50	3930.85	0.066009	0.073583
K01737	10450.09	723.78	0.048024	0.013549
K01738	18099.31	4676.33	0.083177	0.087538
K01739	6765.01	2723.95	0.031089	0.050991
K01740	12621.21	3797.84	0.058002	0.071093
K01741	20.00	0.00	0.000092	0.000000
K01744	7154.73	810.53	0.032880	0.015173
K01745	6808.08	542.75	0.031287	0.010160
K01746	175.00	47.00	0.000804	0.000880
K01749	11769.59	1308.70	0.054088	0.024498
K01750	3788.13	158.90	0.017409	0.002975
K01751	1464.98	765.20	0.006732	0.014324
K01752	14044.69	7727.32	0.064544	0.144650
K01753	1766.52	274.45	0.008118	0.005138
K01754	16903.68	4217.90	0.077682	0.078956
K01755	14467.59	4042.35	0.066487	0.075670
K01756	14911.83	4125.85	0.068529	0.077233
K01758	1158.42	6.00	0.005324	0.000112
K01759	13232.13	4120.60	0.060809	0.077135
K01760	8290.27	855.18	0.038099	0.016008
K01761	2195.24	477.42	0.010088	0.008937
K01762	0.00	1.50	0.000000	0.000028
K01766	437.32	284.28	0.002010	0.005322
K01768	5786.31	34.25	0.026591	0.000641
K01769	92.00	0.00	0.000423	0.000000
K01770	9941.76	1404.35	0.045688	0.026289
K01771	23.40	1.50	0.000108	0.000028
K01772	11329.48	563.93	0.052066	0.010556
K01775	19355.79	4807.30	0.088951	0.089990
K01776	14758.70	4458.85	0.067825	0.083467
K01777	717.83	69.50	0.003299	0.001301
K01778	12995.92	1906.93	0.059724	0.035696
K01779	3585.58	881.75	0.016478	0.016506
K01781	102.00	0.00	0.000469	0.000000
K01782	5393.18	327.70	0.024785	0.006134
K01783	14780.43	4129.10	0.067925	0.077294
K01784	23763.16	6857.67	0.109206	0.128371
K01785	9920.25	4320.45	0.045589	0.080876
K01787	599.75	0.00	0.002756	0.000000
K01788	4846.07	3544.10	0.022271	0.066343
K01790	9428.17	3697.65	0.043328	0.069218
K01791	11367.12	1699.10	0.052239	0.031806
K01792	2444.99	296.28	0.011236	0.005546
K01795	86.50	0.00	0.000398	0.000000
K01796	1106.50	29.50	0.005085	0.000552
K01799	570.00	0.00	0.002619	0.000000
K01800	3718.87	6.00	0.017090	0.000112
K01801	3744.12	32.75	0.017206	0.000613
K01802	11291.55	881.43	0.051891	0.016500
K01803	15353.75	4138.85	0.070560	0.077477
K01804	3025.65	1018.45	0.013905	0.019065
K01805	3449.23	441.28	0.015851	0.008260
K01807	10058.26	3505.60	0.046224	0.065623
K01808	7304.35	1342.18	0.033568	0.025125
K01809	9335.88	4432.85	0.042904	0.082980
K01810	14925.96	4577.85	0.068594	0.085694
K01811	1980.31	720.70	0.009101	0.013491
K01812	3190.86	372.28	0.014664	0.006969
K01813	1135.77	895.85	0.005220	0.016770
K01814	12553.66	3200.45	0.057691	0.059910
K01815	2134.44	703.95	0.009809	0.013177
K01816	6388.63	560.07	0.029360	0.010484
K01817	12661.07	2973.57	0.058185	0.055663
K01818	398.77	264.78	0.001833	0.004957
K01819	1843.67	4437.30	0.008473	0.083063
K01820	1040.84	3.00	0.004783	0.000056
K01821	4501.69	2827.35	0.020688	0.052926
K01822	28.00	1.50	0.000129	0.000028
K01823	6719.60	3445.35	0.030881	0.064495
K01825	3564.98	282.95	0.016383	0.005297
K01826	3777.40	264.95	0.017359	0.004960
K01829	499.75	9.00	0.002297	0.000168
K01834	10342.12	3648.35	0.047528	0.068295
K01835	9703.26	4091.10	0.044592	0.076583
K01838	2599.94	628.60	0.011948	0.011767
K01839	5113.92	3631.27	0.023501	0.067975
K01840	8211.05	423.53	0.037735	0.007928
K01841	33.00	0.00	0.000152	0.000000
K01843	1071.86	512.67	0.004926	0.009597
K01844	132.33	333.00	0.000608	0.006234
K01845	13709.81	1295.00	0.063005	0.024242
K01846	41.83	333.00	0.000192	0.006234
K01847	5290.13	438.37	0.024311	0.008206
K01848	745.32	122.67	0.003425	0.002296
K01849	631.99	119.67	0.002904	0.002240
K01851	34.00	0.00	0.000156	0.000000
K01854	3468.34	2810.92	0.015939	0.052619
K01856	3350.08	0.00	0.015396	0.000000
K01857	1790.79	0.00	0.008230	0.000000
K01858	2467.22	235.75	0.011338	0.004413
K01866	16075.58	4588.85	0.073877	0.085900
K01867	15494.25	4595.27	0.071205	0.086020
K01868	15516.58	4579.35	0.071308	0.085722
K01869	14640.33	4125.85	0.067281	0.077233
K01870	14647.33	4125.85	0.067313	0.077233
K01872	16048.57	4999.52	0.073753	0.093588
K01873	14694.66	4125.85	0.067531	0.077233
K01874	15974.33	4595.85	0.073411	0.086031
K01875	14836.33	4125.85	0.068182	0.077233
K01876	14640.33	4127.35	0.067281	0.077261
K01878	8104.77	3302.93	0.037246	0.061829
K01879	8143.77	3302.93	0.037425	0.061829
K01880	6471.56	822.92	0.029741	0.015405
K01881	15012.99	4125.85	0.068994	0.077233
K01883	14676.00	4125.85	0.067445	0.077233
K01884	200.00	0.00	0.000919	0.000000
K01885	14432.36	1620.12	0.066325	0.030328
K01886	7308.88	983.45	0.033589	0.018410
K01887	15378.66	4584.35	0.070674	0.085816
K01889	14640.33	4125.85	0.067281	0.077233
K01890	14640.33	4125.85	0.067281	0.077233
K01892	15094.66	4125.85	0.069369	0.077233
K01893	6786.30	3814.10	0.031187	0.071397
K01894	5221.02	314.95	0.023994	0.005896
K01895	17929.29	405.62	0.082396	0.007593
K01897	22003.55	2455.70	0.101119	0.045969
K01902	11100.09	581.95	0.051011	0.010894
K01903	11034.09	581.95	0.050708	0.010894
K01904	1.00	0.00	0.000005	0.000000
K01905	14.00	0.00	0.000064	0.000000
K01906	539.50	198.25	0.002479	0.003711
K01907	902.91	12.50	0.004149	0.000234
K01908	1984.77	317.28	0.009121	0.005939
K01910	717.57	694.03	0.003298	0.012992
K01911	5479.20	484.60	0.025180	0.009071
K01912	5737.28	316.37	0.026366	0.005922
K01914	2548.82	3446.03	0.011713	0.064507
K01915	23496.68	5365.27	0.107981	0.100434
K01916	6934.35	3309.60	0.031867	0.061954
K01918	10848.34	976.20	0.049855	0.018274
K01919	8971.36	3744.43	0.041229	0.070093
K01920	6964.52	351.78	0.032006	0.006585
K01921	17246.06	4836.30	0.079256	0.090532
K01922	707.87	2302.25	0.003253	0.043097
K01923	14702.43	4125.85	0.067566	0.077233
K01924	15338.00	4131.35	0.070487	0.077336
K01925	14620.33	4125.85	0.067189	0.077233
K01926	5521.73	3570.22	0.025376	0.066832
K01928	15608.16	4517.85	0.071729	0.084571
K01929	14625.33	4460.35	0.067212	0.083495
K01933	14518.43	4125.85	0.066721	0.077233
K01934	13546.76	4125.85	0.062255	0.077233
K01935	7641.17	1074.31	0.035116	0.020110
K01937	14374.33	4057.85	0.066058	0.075960
K01938	7061.95	3776.65	0.032454	0.070696
K01939	14920.66	4125.85	0.068569	0.077233
K01940	14206.59	4040.85	0.065288	0.075642
K01941	1082.67	0.00	0.004976	0.000000
K01945	14574.09	4125.85	0.066977	0.077233
K01947	9.00	0.00	0.000041	0.000000
K01950	9005.06	826.25	0.041384	0.015467
K01951	19896.54	4164.35	0.091436	0.077954
K01952	25536.32	4899.74	0.117354	0.091720
K01953	10128.26	1927.10	0.046545	0.036074
K01955	15646.09	4227.35	0.071903	0.079133
K01956	15207.59	4146.85	0.069888	0.077626
K01958	3416.17	475.65	0.015699	0.008904
K01959	131.50	0.00	0.000604	0.000000
K01960	245.50	0.00	0.001128	0.000000
K01961	13187.49	3836.10	0.060604	0.071809
K01962	11371.33	3831.10	0.052258	0.071716
K01963	11635.66	3832.60	0.053473	0.071744
K01965	1657.20	39.50	0.007616	0.000739
K01966	3136.20	93.75	0.014413	0.001755
K01968	4505.29	56.50	0.020704	0.001058
K01969	4910.96	77.25	0.022569	0.001446
K01971	5156.99	34.25	0.023699	0.000641
K01972	15188.90	4385.80	0.069802	0.082099
K01974	539.81	255.20	0.002481	0.004777
K01975	3892.51	325.12	0.017888	0.006086
K01989	4799.84	3714.30	0.022058	0.069529
K01990	77719.01	32036.08	0.357165	0.599695
K01991	11816.38	682.48	0.054303	0.012776
K01992	75105.31	26245.58	0.345153	0.491300
K01993	6960.01	683.23	0.031985	0.012790
K01994	592.00	82.00	0.002721	0.001535
K01995	11593.82	3311.78	0.053280	0.061994
K01996	12160.81	3324.45	0.055886	0.062232
K01997	12212.81	3311.95	0.056125	0.061998
K01998	12110.61	3313.45	0.055655	0.062026
K01999	14059.60	3533.74	0.064612	0.066149
K02000	4269.52	459.35	0.019621	0.008599
K02001	3272.35	328.70	0.015038	0.006153
K02002	6348.10	491.35	0.029173	0.009198
K02003	46185.62	23041.90	0.212250	0.431329
K02004	48186.47	20759.65	0.221445	0.388607
K02005	9989.38	2777.15	0.045907	0.051986
K02006	2238.33	571.08	0.010286	0.010690
K02007	2258.33	571.08	0.010378	0.010690
K02008	2195.33	560.08	0.010089	0.010484
K02009	1299.42	108.08	0.005972	0.002023
K02010	7479.71	935.50	0.034374	0.017512
K02011	7285.21	786.50	0.033480	0.014723
K02012	8179.88	906.00	0.037591	0.016960
K02013	30810.08	11022.30	0.141590	0.206330
K02014	38712.33	2483.96	0.177906	0.046498
K02015	39370.97	12938.17	0.180933	0.242194
K02016	33556.25	8230.23	0.154211	0.154065
K02017	7643.23	919.28	0.035125	0.017208
K02018	10055.31	1300.20	0.046210	0.024339
K02019	1558.28	290.95	0.007161	0.005446
K02020	11083.35	1303.45	0.050935	0.024400
K02021	775.00	12.00	0.003562	0.000225
K02022	2537.18	28.00	0.011660	0.000524
K02024	451.86	277.95	0.002077	0.005203
K02025	20798.98	5176.95	0.095584	0.096909
K02026	20513.49	5178.45	0.094272	0.096937
K02027	21483.00	4582.60	0.098727	0.085783
K02028	17567.00	12894.70	0.080731	0.241380
K02029	19166.20	10772.74	0.088080	0.201659
K02030	28335.67	16958.18	0.130219	0.317446
K02031	10889.54	1904.60	0.050044	0.035653
K02032	22813.87	3300.52	0.104843	0.061784
K02033	23808.26	2832.45	0.109413	0.053022
K02034	23562.14	2385.78	0.108282	0.044660
K02035	32480.34	10179.21	0.149266	0.190548
K02036	16207.30	6618.00	0.074482	0.123885
K02037	14759.05	4110.35	0.067827	0.076943
K02038	14775.05	4110.35	0.067900	0.076943
K02039	13084.16	4061.85	0.060129	0.076035
K02040	20292.53	4477.70	0.093256	0.083820
K02041	4159.30	294.20	0.019114	0.005507
K02042	5995.00	327.20	0.027551	0.006125
K02043	1012.82	277.20	0.004655	0.005189
K02044	4750.05	299.20	0.021829	0.005601
K02045	5859.77	317.70	0.026929	0.005947
K02046	6014.77	317.70	0.027641	0.005947
K02047	6016.77	317.70	0.027651	0.005947
K02048	9953.30	581.15	0.045741	0.010879
K02049	15465.50	1794.84	0.071073	0.033598
K02050	12525.71	1776.50	0.057563	0.033255
K02051	13375.79	2154.41	0.061470	0.040329
K02052	4565.11	809.20	0.020979	0.015148
K02053	3879.86	835.20	0.017830	0.015634
K02054	3347.11	826.70	0.015382	0.015475
K02055	5019.86	868.70	0.023069	0.016261
K02056	12372.50	5662.00	0.056859	0.105989
K02057	19762.84	10775.72	0.090822	0.201714
K02058	4687.27	905.35	0.021541	0.016948
K02062	931.82	306.28	0.004282	0.005733
K02063	948.15	640.95	0.004357	0.011998
K02064	983.15	640.95	0.004518	0.011998
K02065	9104.31	408.78	0.041840	0.007652
K02066	10318.14	408.78	0.047418	0.007652
K02067	10185.13	408.78	0.046807	0.007652
K02068	4675.74	1012.68	0.021488	0.018957
K02069	5138.99	1034.43	0.023617	0.019364
K02071	15622.15	4367.73	0.071793	0.081761
K02072	14788.40	4359.73	0.067961	0.081611
K02073	17387.99	5149.18	0.079908	0.096389
K02074	3630.79	426.75	0.016686	0.007988
K02075	3590.29	428.25	0.016499	0.008017
K02076	2312.50	307.40	0.010627	0.005754
K02077	4710.70	528.42	0.021648	0.009892
K02078	21149.54	7526.08	0.097195	0.140883
K02079	305.52	266.20	0.001404	0.004983
K02080	275.73	255.20	0.001267	0.004777
K02081	1445.39	258.20	0.006642	0.004833
K02082	1551.19	2551.60	0.007129	0.047764
K02083	1383.08	269.27	0.006356	0.005041
K02086	3056.50	2608.65	0.014046	0.048832
K02092	801.67	0.00	0.003684	0.000000
K02093	772.75	0.00	0.003551	0.000000
K02094	772.75	0.00	0.003551	0.000000
K02095	772.75	0.00	0.003551	0.000000
K02096	772.75	0.00	0.003551	0.000000
K02097	772.75	0.00	0.003551	0.000000
K02099	1345.07	721.45	0.006181	0.013505
K02100	589.27	258.45	0.002708	0.004838
K02101	60.00	0.00	0.000276	0.000000
K02103	1119.00	549.00	0.005142	0.010277
K02106	1297.30	593.20	0.005962	0.011104
K02107	797.07	452.00	0.003663	0.008461
K02108	14632.77	4124.18	0.067246	0.077202
K02109	16486.39	4157.68	0.075765	0.077829
K02110	14611.77	4124.18	0.067150	0.077202
K02111	14611.77	4124.18	0.067150	0.077202
K02112	14625.77	4124.18	0.067214	0.077202
K02113	14367.43	4122.18	0.066027	0.077165
K02114	14662.77	4124.18	0.067384	0.077202
K02115	14611.77	4124.18	0.067150	0.077202
K02116	7331.24	327.78	0.033691	0.006136
K02117	1982.24	2766.07	0.009110	0.051779
K02118	1982.24	2766.07	0.009110	0.051779
K02119	1870.24	2766.07	0.008595	0.051779
K02120	1982.24	2766.07	0.009110	0.051779
K02121	1354.57	572.07	0.006225	0.010709
K02122	1938.74	2766.07	0.008910	0.051779
K02123	1982.24	2766.07	0.009110	0.051779
K02124	1982.24	2766.07	0.009110	0.051779
K02160	13062.16	4169.10	0.060028	0.078043
K02164	358.17	22.00	0.001646	0.000412
K02167	3795.31	287.37	0.017442	0.005379
K02168	10403.90	567.73	0.047812	0.010628
K02169	4581.82	658.78	0.021056	0.012332
K02170	3740.65	277.95	0.017190	0.005203
K02171	520.00	0.00	0.002390	0.000000
K02172	171.00	0.00	0.000786	0.000000
K02173	283.23	258.45	0.001302	0.004838
K02182	543.90	258.45	0.002500	0.004838
K02183	13.00	0.00	0.000060	0.000000
K02184	33.00	1.50	0.000152	0.000028
K02188	1543.58	908.75	0.007094	0.017011
K02189	1273.37	929.25	0.005852	0.017395
K02190	1579.50	1470.25	0.007259	0.027522
K02191	1400.75	903.25	0.006437	0.016908
K02192	6123.82	1196.95	0.028143	0.022406
K02193	2300.56	326.20	0.010572	0.006106
K02194	2723.06	322.95	0.012514	0.006045
K02195	2728.39	322.95	0.012539	0.006045
K02196	1891.23	317.28	0.008691	0.005939
K02197	2716.39	322.95	0.012483	0.006045
K02198	2728.39	322.95	0.012539	0.006045
K02199	2260.56	332.20	0.010389	0.006219
K02200	3739.07	364.20	0.017183	0.006818
K02201	20.00	0.00	0.000092	0.000000
K02203	2981.16	0.00	0.013700	0.000000
K02204	4510.86	349.50	0.020730	0.006542
K02205	214.50	0.00	0.000986	0.000000
K02217	4808.32	936.03	0.022097	0.017522
K02221	11729.18	3480.68	0.053902	0.065156
K02224	3157.78	969.25	0.014512	0.018144
K02225	1214.54	28.00	0.005582	0.000524
K02226	3976.02	1197.29	0.018272	0.022412
K02227	4497.45	1002.75	0.020668	0.018771
K02228	807.87	22.00	0.003713	0.000412
K02229	833.87	35.50	0.003832	0.000665
K02230	2086.78	72.17	0.009590	0.001351
K02231	4805.30	1238.45	0.022083	0.023183
K02232	4277.53	1313.25	0.019658	0.024583
K02233	6050.63	1238.45	0.027806	0.023183
K02234	1493.12	22.00	0.006862	0.000412
K02236	2494.00	2600.65	0.011461	0.048682
K02237	11104.21	4093.85	0.051030	0.076634
K02238	15831.73	4692.85	0.072756	0.087847
K02239	371.00	5.00	0.001705	0.000094
K02240	2860.50	2608.65	0.013146	0.048832
K02241	374.00	0.00	0.001719	0.000000
K02242	3600.07	3376.65	0.016544	0.063209
K02243	2827.17	2608.65	0.012993	0.048832
K02244	2736.50	2523.65	0.012576	0.047241
K02245	2756.50	2531.65	0.012668	0.047391
K02246	2297.47	2339.65	0.010558	0.043797
K02248	1409.67	2339.65	0.006478	0.043797
K02249	78.00	0.00	0.000358	0.000000
K02250	1679.66	5.00	0.007719	0.000094
K02251	78.00	0.00	0.000358	0.000000
K02254	190.00	5.00	0.000873	0.000094
K02255	308.27	258.45	0.001417	0.004838
K02258	1888.54	32.00	0.008679	0.000599
K02259	6423.11	74.42	0.029518	0.001393
K02274	7681.52	106.42	0.035301	0.001992
K02275	8617.35	415.09	0.039602	0.007770
K02276	7092.99	75.75	0.032596	0.001418
K02277	1128.33	5.00	0.005185	0.000094
K02278	2140.88	38.00	0.009839	0.000711
K02279	2376.71	50.00	0.010922	0.000936
K02280	1890.88	38.00	0.008690	0.000711
K02281	984.87	10.00	0.004526	0.000187
K02282	2123.04	44.00	0.009757	0.000824
K02283	6960.16	289.75	0.031986	0.005424
K02284	801.76	0.00	0.003685	0.000000
K02285	801.76	0.00	0.003685	0.000000
K02286	67.09	0.00	0.000308	0.000000
K02287	47.75	0.00	0.000219	0.000000
K02288	772.75	0.00	0.003551	0.000000
K02289	772.75	0.00	0.003551	0.000000
K02290	1600.00	0.00	0.007353	0.000000
K02291	3348.86	18.67	0.015390	0.000349
K02292	57.42	0.00	0.000264	0.000000
K02293	784.75	0.00	0.003606	0.000000
K02294	772.75	0.00	0.003551	0.000000
K02297	4867.32	269.45	0.022368	0.005044
K02298	4882.52	269.45	0.022438	0.005044
K02299	5573.85	269.45	0.025615	0.005044
K02300	5079.85	269.45	0.023345	0.005044
K02302	5708.77	318.70	0.026235	0.005966
K02303	4938.59	110.75	0.022696	0.002073
K02304	2354.16	919.67	0.010819	0.017216
K02305	377.50	22.00	0.001735	0.000412
K02313	14646.00	3792.85	0.067307	0.071000
K02314	15744.60	4591.52	0.072356	0.085950
K02315	2440.13	1289.95	0.011214	0.024147
K02316	14905.53	4125.85	0.068500	0.077233
K02317	308.27	258.45	0.001417	0.004838
K02319	20.00	0.00	0.000092	0.000000
K02322	20.00	0.00	0.000092	0.000000
K02323	20.00	0.00	0.000092	0.000000
K02334	4907.32	966.07	0.022552	0.018084
K02335	16064.83	4200.85	0.073827	0.078637
K02336	653.49	277.95	0.003003	0.005203
K02337	16769.11	5500.10	0.077064	0.102958
K02338	14717.08	4458.85	0.067634	0.083467
K02339	5174.02	321.28	0.023778	0.006014
K02340	14650.75	4125.85	0.067329	0.077233
K02341	14609.92	4124.18	0.067141	0.077202
K02342	17833.23	4330.02	0.081954	0.081055
K02343	14664.75	4125.85	0.067393	0.077233
K02344	320.82	284.28	0.001474	0.005322
K02345	324.36	258.45	0.001491	0.004838
K02346	14611.60	4134.85	0.067149	0.077402
K02347	2453.49	6.67	0.011275	0.000125
K02348	5995.29	3534.53	0.027552	0.066164
K02351	1139.51	10.00	0.005237	0.000187
K02352	415.00	0.00	0.001907	0.000000
K02355	18638.45	5134.52	0.085655	0.096115
K02356	15477.60	4587.80	0.071129	0.085881
K02357	14620.33	4125.85	0.067189	0.077233
K02358	17927.73	4631.80	0.082388	0.086704
K02361	1793.02	299.70	0.008240	0.005610
K02362	424.77	258.45	0.001952	0.004838
K02363	909.85	284.70	0.004181	0.005329
K02364	690.07	258.45	0.003171	0.004838
K02371	3230.80	3269.90	0.014847	0.061210
K02372	12402.40	4153.60	0.056996	0.077753
K02377	2880.39	320.28	0.013237	0.005995
K02379	5411.56	753.70	0.024869	0.014109
K02380	821.07	264.78	0.003773	0.004957
K02381	479.23	258.45	0.002202	0.004838
K02385	1238.73	184.00	0.005693	0.003444
K02386	2478.48	309.95	0.011390	0.005802
K02387	4118.88	569.95	0.018929	0.010669
K02388	4836.71	569.95	0.022228	0.010669
K02389	3950.71	569.95	0.018156	0.010669
K02390	4104.71	569.95	0.018864	0.010669
K02391	2453.48	309.95	0.011275	0.005802
K02392	5322.94	826.95	0.024462	0.015480
K02393	2484.48	309.95	0.011418	0.005802
K02394	2481.48	309.95	0.011404	0.005802
K02395	1646.25	281.95	0.007565	0.005278
K02396	4034.71	569.95	0.018542	0.010669
K02397	3629.51	569.95	0.016680	0.010669
K02398	2236.91	545.95	0.010280	0.010220
K02399	925.41	288.95	0.004253	0.005409
K02400	5001.44	825.15	0.022985	0.015446
K02401	4201.31	512.95	0.019307	0.009602
K02402	697.24	258.45	0.003204	0.004838
K02403	697.24	258.45	0.003204	0.004838
K02404	1956.15	27.50	0.008990	0.000515
K02405	3864.48	543.45	0.017760	0.010173
K02406	7850.71	870.45	0.036079	0.016294
K02407	3116.81	354.95	0.014324	0.006644
K02408	4060.38	569.95	0.018660	0.010669
K02409	4098.71	569.95	0.018836	0.010669
K02410	3972.71	569.95	0.018257	0.010669
K02411	3656.51	566.95	0.016804	0.010613
K02412	4635.71	569.95	0.021304	0.010669
K02413	2546.72	534.95	0.011704	0.010014
K02414	2306.34	277.95	0.010599	0.005203
K02415	3550.96	337.45	0.016319	0.006317
K02416	3881.21	580.95	0.017836	0.010875
K02417	5363.91	1558.95	0.024650	0.029183
K02418	2643.72	544.95	0.012149	0.010201
K02419	4632.71	580.95	0.021290	0.010875
K02420	4725.71	580.95	0.021717	0.010875
K02421	4200.81	512.95	0.019305	0.009602
K02422	2955.14	541.95	0.013581	0.010145
K02423	1146.41	258.45	0.005268	0.004838
K02424	3876.73	708.85	0.017816	0.013269
K02425	316.07	258.45	0.001453	0.004838
K02426	5188.50	615.90	0.023844	0.011529
K02427	5285.02	321.28	0.024288	0.006014
K02428	18840.87	4034.77	0.086585	0.075528
K02429	4725.71	371.53	0.021717	0.006955
K02430	308.27	264.78	0.001417	0.004957
K02431	800.77	264.78	0.003680	0.004957
K02433	15031.92	3326.99	0.069081	0.062279
K02434	11941.61	3282.07	0.054879	0.061438
K02435	11941.61	3282.07	0.054879	0.061438
K02436	318.23	258.45	0.001462	0.004838
K02437	12950.43	796.10	0.059515	0.014902
K02438	5916.26	656.95	0.027189	0.012298
K02439	448.32	284.28	0.002060	0.005322
K02440	6690.99	5905.10	0.030749	0.110540
K02441	540.32	277.95	0.002483	0.005203
K02442	63.20	0.00	0.000290	0.000000
K02443	2648.06	1118.20	0.012169	0.020932
K02444	1860.56	719.28	0.008550	0.013464
K02445	1135.82	354.28	0.005220	0.006632
K02446	2926.87	1100.90	0.013451	0.020608
K02448	377.50	22.00	0.001735	0.000412
K02450	260.54	22.50	0.001197	0.000421
K02451	227.25	11.00	0.001044	0.000206
K02452	4218.98	282.70	0.019389	0.005292
K02453	5522.93	670.37	0.025381	0.012549
K02454	9381.13	592.90	0.043112	0.011099
K02455	5454.30	540.90	0.025066	0.010125
K02456	9229.52	621.70	0.042415	0.011638
K02457	1653.82	277.70	0.007600	0.005198
K02458	4556.73	282.70	0.020941	0.005292
K02459	4605.73	282.70	0.021166	0.005292
K02460	4566.23	282.70	0.020985	0.005292
K02461	4658.48	282.70	0.021408	0.005292
K02462	4307.95	274.70	0.019798	0.005142
K02463	3503.38	24.50	0.016100	0.000459
K02464	1.33	3.00	0.000006	0.000056
K02465	7.80	0.00	0.000036	0.000000
K02466	344.07	258.45	0.001581	0.004838
K02467	316.07	258.45	0.001453	0.004838
K02468	316.07	258.45	0.001453	0.004838
K02469	17365.41	4334.35	0.079804	0.081136
K02470	16606.66	4334.35	0.076317	0.081136
K02471	1965.40	267.20	0.009032	0.005002
K02472	1649.11	267.78	0.007579	0.005013
K02473	540.96	3.00	0.002486	0.000056
K02474	4401.49	14.00	0.020227	0.000262
K02475	1213.05	565.40	0.005575	0.010584
K02476	1468.71	568.57	0.006750	0.010643
K02477	5332.82	1046.81	0.024507	0.019596
K02478	1087.97	945.15	0.005000	0.017693
K02479	361.17	1.50	0.001660	0.000028
K02480	627.84	5.00	0.002885	0.000094
K02481	357.01	337.00	0.001641	0.006308
K02482	238.95	11.00	0.001098	0.000206
K02483	14069.26	798.70	0.064657	0.014951
K02484	7179.28	528.70	0.032993	0.009897
K02485	635.32	258.45	0.002920	0.004838
K02487	54.00	0.33	0.000248	0.000006
K02488	1053.03	28.00	0.004839	0.000524
K02490	618.58	5.00	0.002843	0.000094
K02491	378.00	5.00	0.001737	0.000094
K02492	10992.52	1276.60	0.050517	0.023897
K02493	14333.26	3675.35	0.065870	0.068800
K02494	4161.15	289.28	0.019123	0.005415
K02495	22912.25	6000.63	0.105295	0.112328
K02496	1082.49	284.28	0.004975	0.005322
K02497	1344.00	5.00	0.006176	0.000094
K02498	1742.69	312.28	0.008009	0.005846
K02499	3891.46	927.40	0.017884	0.017360
K02500	13995.79	3406.20	0.064319	0.063762
K02501	13150.29	3289.20	0.060433	0.061572
K02502	7213.31	2726.67	0.033149	0.051041
K02503	14388.99	4096.10	0.066126	0.076676
K02504	316.07	264.78	0.001453	0.004957
K02505	316.07	264.78	0.001453	0.004957
K02506	306.94	261.78	0.001411	0.004900
K02507	461.07	311.78	0.002119	0.005836
K02508	334.24	255.45	0.001536	0.004782
K02509	1419.91	257.12	0.006525	0.004813
K02510	7267.24	279.12	0.033397	0.005225
K02511	324.74	255.45	0.001492	0.004782
K02517	15163.04	1023.53	0.069683	0.019160
K02518	14985.34	4127.35	0.068866	0.077261
K02519	14939.33	4128.85	0.068655	0.077289
K02520	14835.58	4125.85	0.068178	0.077233
K02521	443.32	284.28	0.002037	0.005322
K02523	7062.68	412.45	0.032457	0.007721
K02525	659.84	0.00	0.003032	0.000000
K02526	625.94	261.70	0.002877	0.004899
K02527	6915.35	428.78	0.031780	0.008026
K02528	14675.33	4125.85	0.067442	0.077233
K02529	38330.67	14675.31	0.176152	0.274712
K02530	922.17	2217.65	0.004238	0.041513
K02531	469.20	2211.00	0.002156	0.041388
K02532	2209.46	1159.40	0.010154	0.021703
K02533	2693.10	303.12	0.012376	0.005674
K02535	6208.10	697.28	0.028530	0.013053
K02536	8779.77	745.78	0.040348	0.013961
K02538	431.33	3.00	0.001982	0.000056
K02545	125.00	0.00	0.000574	0.000000
K02548	7042.03	919.18	0.032362	0.017206
K02549	4204.20	524.10	0.019321	0.009811
K02550	275.73	255.20	0.001267	0.004777
K02551	5598.20	525.43	0.025727	0.009836
K02552	4054.20	491.18	0.018631	0.009195
K02553	4461.06	317.20	0.020501	0.005938
K02554	1242.73	256.20	0.005711	0.004796
K02556	5080.72	672.45	0.023349	0.012588
K02557	7791.81	1358.31	0.035808	0.025427
K02558	5513.15	328.78	0.025336	0.006155
K02560	325.57	295.28	0.001496	0.005527
K02562	320.82	277.95	0.001474	0.005203
K02563	14684.33	4127.35	0.067483	0.077261
K02564	7107.30	3961.43	0.032662	0.074155
K02565	320.82	610.95	0.001474	0.011437
K02566	1913.98	286.95	0.008796	0.005372
K02567	589.98	275.78	0.002711	0.005162
K02568	589.98	275.78	0.002711	0.005162
K02569	602.98	275.78	0.002771	0.005162
K02570	574.98	275.78	0.002642	0.005162
K02571	114.00	0.00	0.000524	0.000000
K02572	396.73	275.78	0.001823	0.005162
K02573	302.98	275.78	0.001392	0.005162
K02574	302.98	275.78	0.001392	0.005162
K02575	8100.07	600.07	0.037225	0.011233
K02584	73.20	0.00	0.000336	0.000000
K02585	59.25	0.00	0.000272	0.000000
K02586	59.25	0.00	0.000272	0.000000
K02587	99.42	0.00	0.000457	0.000000
K02588	84.83	0.00	0.000390	0.000000
K02589	2.00	0.00	0.000009	0.000000
K02591	59.25	0.00	0.000272	0.000000
K02592	59.25	0.00	0.000272	0.000000
K02593	69.75	0.00	0.000321	0.000000
K02594	852.00	452.00	0.003915	0.008461
K02595	69.75	0.00	0.000321	0.000000
K02596	91.00	0.00	0.000418	0.000000
K02597	81.75	0.00	0.000376	0.000000
K02598	2290.31	1241.45	0.010525	0.023239
K02600	14618.66	4125.85	0.067181	0.077233
K02601	14659.53	4125.85	0.067369	0.077233
K02609	4125.94	255.37	0.018961	0.004780
K02610	4354.94	255.37	0.020014	0.004780
K02611	4400.94	255.37	0.020225	0.004780
K02612	4356.94	255.37	0.020023	0.004780
K02613	5531.61	256.70	0.025421	0.004805
K02614	5056.44	2507.62	0.023237	0.046941
K02615	2798.44	252.20	0.012860	0.004721
K02616	3786.14	253.70	0.017400	0.004749
K02617	3360.44	252.20	0.015443	0.004721
K02618	4103.61	253.87	0.018859	0.004752
K02619	7578.39	1234.20	0.034827	0.023103
K02621	10389.02	3421.43	0.047744	0.064047
K02622	10444.02	3421.43	0.047996	0.064047
K02623	267.50	0.00	0.001229	0.000000
K02624	2067.58	0.00	0.009502	0.000000
K02625	2779.00	0.00	0.012771	0.000000
K02626	71.00	0.00	0.000326	0.000000
K02628	19.25	0.00	0.000088	0.000000
K02629	19.25	0.00	0.000088	0.000000
K02630	19.25	0.00	0.000088	0.000000
K02631	19.25	0.00	0.000088	0.000000
K02632	19.25	0.00	0.000088	0.000000
K02634	772.75	0.00	0.003551	0.000000
K02635	793.42	0.00	0.003646	0.000000
K02636	849.00	0.00	0.003902	0.000000
K02637	772.75	0.00	0.003551	0.000000
K02638	798.75	0.00	0.003671	0.000000
K02639	3117.33	0.00	0.014326	0.000000
K02640	761.75	0.00	0.003501	0.000000
K02641	782.42	0.00	0.003596	0.000000
K02642	38.08	0.00	0.000175	0.000000
K02643	772.75	0.00	0.003551	0.000000
K02647	1939.99	393.53	0.008915	0.007367
K02650	5831.83	554.67	0.026801	0.010383
K02651	3803.41	20.00	0.017479	0.000374
K02652	7795.06	1549.17	0.035823	0.028999
K02653	7892.06	1541.17	0.036269	0.028850
K02654	9843.34	1578.12	0.045236	0.029541
K02655	9452.33	40.50	0.043439	0.000758
K02656	3838.88	30.50	0.017642	0.000571
K02657	5295.08	5.00	0.024334	0.000094
K02658	4877.00	5.00	0.022413	0.000094
K02659	4543.50	5.00	0.020880	0.000094
K02660	4608.67	5.00	0.021180	0.000094
K02661	116.50	0.00	0.000535	0.000000
K02662	5515.99	173.17	0.025349	0.003242
K02663	5103.49	31.17	0.023454	0.000583
K02664	5303.49	37.17	0.024373	0.000696
K02665	3834.08	24.50	0.017620	0.000459
K02666	3959.91	26.17	0.018198	0.000490
K02667	3793.33	5.00	0.017433	0.000094
K02668	3762.33	5.00	0.017290	0.000094
K02669	9028.38	1205.96	0.041491	0.022575
K02670	7183.34	35.50	0.033012	0.000665
K02671	3967.25	30.50	0.018232	0.000571
K02672	1528.25	24.50	0.007023	0.000459
K02673	606.42	11.00	0.002787	0.000206
K02674	3664.79	24.50	0.016842	0.000459
K02676	3829.33	5.00	0.017598	0.000094
K02679	316.07	264.78	0.001453	0.004957
K02680	316.07	264.78	0.001453	0.004957
K02681	316.07	264.78	0.001453	0.004957
K02682	316.07	264.78	0.001453	0.004957
K02683	20.00	0.00	0.000092	0.000000
K02686	557.24	273.28	0.002561	0.005116
K02687	12418.42	4245.10	0.057070	0.079466
K02688	708.40	258.45	0.003256	0.004838
K02689	47.75	0.00	0.000219	0.000000
K02690	76.67	0.00	0.000352	0.000000
K02691	772.75	0.00	0.003551	0.000000
K02692	47.75	0.00	0.000219	0.000000
K02693	772.75	0.00	0.003551	0.000000
K02694	772.75	0.00	0.003551	0.000000
K02696	47.75	0.00	0.000219	0.000000
K02697	781.00	0.00	0.003589	0.000000
K02698	849.42	0.00	0.003904	0.000000
K02699	57.42	0.00	0.000264	0.000000
K02700	772.75	0.00	0.003551	0.000000
K02702	38.08	0.00	0.000175	0.000000
K02703	1679.08	0.00	0.007716	0.000000
K02704	772.75	0.00	0.003551	0.000000
K02705	832.16	0.00	0.003824	0.000000
K02706	820.50	0.00	0.003771	0.000000
K02707	772.75	0.00	0.003551	0.000000
K02708	47.75	0.00	0.000219	0.000000
K02709	772.75	0.00	0.003551	0.000000
K02710	47.75	0.00	0.000219	0.000000
K02711	761.75	0.00	0.003501	0.000000
K02712	47.75	0.00	0.000219	0.000000
K02713	27.08	0.00	0.000124	0.000000
K02714	772.75	0.00	0.003551	0.000000
K02715	772.75	0.00	0.003551	0.000000
K02716	772.75	0.00	0.003551	0.000000
K02717	772.75	0.00	0.003551	0.000000
K02718	772.75	0.00	0.003551	0.000000
K02719	57.42	0.00	0.000264	0.000000
K02720	1519.92	0.00	0.006985	0.000000
K02722	772.75	0.00	0.003551	0.000000
K02723	772.75	0.00	0.003551	0.000000
K02724	772.75	0.00	0.003551	0.000000
K02742	540.32	284.28	0.002483	0.005322
K02744	1232.32	2562.85	0.005663	0.047975
K02745	411.72	350.20	0.001892	0.006556
K02746	761.52	348.20	0.003500	0.006518
K02747	754.52	350.20	0.003467	0.006556
K02750	1740.69	263.20	0.007999	0.004927
K02753	310.57	255.20	0.001427	0.004777
K02757	8431.74	6058.90	0.038749	0.113419
K02759	6228.79	4750.60	0.028625	0.088928
K02760	6499.70	4488.40	0.029870	0.084020
K02761	8728.09	7669.40	0.040111	0.143566
K02763	764.00	520.00	0.003511	0.009734
K02765	2799.98	1015.67	0.012868	0.019013
K02768	1381.09	809.40	0.006347	0.015151
K02769	163.09	15.40	0.000749	0.000288
K02770	8357.35	5126.15	0.038407	0.095958
K02771	20.00	0.00	0.000092	0.000000
K02773	2115.40	422.60	0.009722	0.007911
K02774	2338.40	423.60	0.010746	0.007930
K02775	2112.40	413.60	0.009708	0.007742
K02777	3398.65	1299.68	0.015619	0.024329
K02779	2248.52	3312.53	0.010333	0.062008
K02781	1654.41	571.85	0.007603	0.010705
K02783	1338.48	513.90	0.006151	0.009620
K02784	342.49	617.28	0.001574	0.011555
K02786	946.70	2215.00	0.004351	0.041463
K02788	918.37	2215.00	0.004220	0.041463
K02791	2181.77	939.85	0.010027	0.017593
K02793	2699.38	2357.05	0.012405	0.044122
K02794	4638.69	5820.63	0.021318	0.108958
K02795	4022.02	5441.98	0.018484	0.101870
K02796	3551.48	5152.23	0.016321	0.096446
K02798	1941.20	628.85	0.008921	0.011772
K02799	13.00	0.00	0.000060	0.000000
K02800	3964.42	1295.80	0.018219	0.024257
K02802	538.00	0.00	0.002472	0.000000
K02803	838.00	1.50	0.003851	0.000028
K02804	3285.82	1154.35	0.015100	0.021609
K02805	5764.07	258.78	0.026489	0.004844
K02806	2600.78	1365.78	0.011952	0.025567
K02810	7588.93	6296.88	0.034876	0.117873
K02812	292.48	255.20	0.001344	0.004777
K02813	292.48	255.20	0.001344	0.004777
K02814	292.48	255.20	0.001344	0.004777
K02815	292.48	255.20	0.001344	0.004777
K02819	3327.82	3383.10	0.015293	0.063329
K02821	3557.01	3129.83	0.016347	0.058588
K02822	2819.64	2730.50	0.012958	0.051113
K02823	5015.00	3528.65	0.023047	0.066054
K02824	5677.22	3810.60	0.026090	0.071332
K02825	9068.81	3252.07	0.041677	0.060877
K02826	831.00	5.00	0.003819	0.000094
K02827	1011.00	5.00	0.004646	0.000094
K02828	831.00	5.00	0.003819	0.000094
K02829	831.00	5.00	0.003819	0.000094
K02834	14605.33	4125.85	0.067120	0.077233
K02835	14624.33	4125.85	0.067207	0.077233
K02836	14612.83	4122.60	0.067155	0.077172
K02837	11429.50	3485.85	0.052525	0.065253
K02838	14620.33	4125.85	0.067189	0.077233
K02839	1153.06	261.45	0.005299	0.004894
K02840	32.50	3.25	0.000149	0.000061
K02841	905.74	311.45	0.004162	0.005830
K02843	2163.57	1094.78	0.009943	0.020494
K02844	446.57	258.45	0.002052	0.004838
K02846	662.07	258.45	0.003043	0.004838
K02847	1191.99	312.28	0.005478	0.005846
K02848	399.73	258.45	0.001837	0.004838
K02849	642.07	295.28	0.002951	0.005527
K02850	283.23	924.45	0.001302	0.017305
K02851	7056.01	3125.35	0.032427	0.058505
K02852	316.07	258.78	0.001453	0.004844
K02853	316.07	258.78	0.001453	0.004844
K02854	328.27	258.45	0.001509	0.004838
K02855	393.27	258.45	0.001807	0.004838
K02856	839.44	261.45	0.003858	0.004894
K02858	1858.36	277.95	0.008540	0.005203
K02859	1157.30	221.40	0.005318	0.004144
K02860	14620.33	4125.85	0.067189	0.077233
K02862	969.33	5.00	0.004455	0.000094
K02863	14640.33	4125.85	0.067281	0.077233
K02864	14640.33	4125.85	0.067281	0.077233
K02866	20.00	0.00	0.000092	0.000000
K02867	14640.33	4125.85	0.067281	0.077233
K02869	20.00	0.00	0.000092	0.000000
K02871	14640.33	4125.85	0.067281	0.077233
K02874	14640.33	4125.85	0.067281	0.077233
K02876	14640.33	4125.85	0.067281	0.077233
K02877	20.00	0.00	0.000092	0.000000
K02878	14620.33	4125.85	0.067189	0.077233
K02879	14632.33	4125.85	0.067244	0.077233
K02881	14640.33	4125.85	0.067281	0.077233
K02883	20.00	0.00	0.000092	0.000000
K02884	14620.33	4125.85	0.067189	0.077233
K02885	20.00	0.00	0.000092	0.000000
K02886	14640.33	4125.85	0.067281	0.077233
K02887	14969.33	4125.85	0.068793	0.077233
K02888	14620.33	4125.85	0.067189	0.077233
K02889	20.00	0.00	0.000092	0.000000
K02890	14606.33	4125.85	0.067125	0.077233
K02892	14640.33	4125.85	0.067281	0.077233
K02895	14742.33	4125.85	0.067750	0.077233
K02896	20.00	0.00	0.000092	0.000000
K02897	14061.33	1696.60	0.064620	0.031759
K02899	14620.33	4125.85	0.067189	0.077233
K02902	14971.66	4127.35	0.068804	0.077261
K02904	14640.33	4125.85	0.067281	0.077233
K02906	14640.33	4125.85	0.067281	0.077233
K02907	13832.58	4125.85	0.063569	0.077233
K02909	18296.31	4411.63	0.084082	0.082583
K02910	20.00	0.00	0.000092	0.000000
K02911	14714.33	4127.35	0.067621	0.077261
K02912	20.00	0.00	0.000092	0.000000
K02913	17515.43	6818.00	0.080494	0.127629
K02914	13104.12	4125.85	0.060221	0.077233
K02916	14969.33	4125.85	0.068793	0.077233
K02919	13044.28	3716.13	0.059946	0.069564
K02921	20.00	0.00	0.000092	0.000000
K02922	20.00	0.00	0.000092	0.000000
K02924	20.00	0.00	0.000092	0.000000
K02926	14620.33	4125.85	0.067189	0.077233
K02927	20.00	0.00	0.000092	0.000000
K02929	20.00	0.00	0.000092	0.000000
K02930	20.00	0.00	0.000092	0.000000
K02931	14640.33	4125.85	0.067281	0.077233
K02933	14640.33	4125.85	0.067281	0.077233
K02935	13895.33	4125.85	0.063857	0.077233
K02936	20.00	0.00	0.000092	0.000000
K02939	14620.33	4125.85	0.067189	0.077233
K02945	15173.41	4080.35	0.069731	0.076381
K02946	14640.33	4125.85	0.067281	0.077233
K02948	14640.33	4125.85	0.067281	0.077233
K02950	14640.33	4125.85	0.067281	0.077233
K02952	14640.33	4125.85	0.067281	0.077233
K02954	16528.50	6438.75	0.075958	0.120529
K02956	14640.33	4125.85	0.067281	0.077233
K02959	14385.33	4125.85	0.066109	0.077233
K02961	14620.33	4125.85	0.067189	0.077233
K02962	20.00	0.00	0.000092	0.000000
K02963	14662.33	4127.35	0.067382	0.077261
K02965	14640.33	4125.85	0.067281	0.077233
K02966	20.00	0.00	0.000092	0.000000
K02967	14640.33	4125.85	0.067281	0.077233
K02968	14620.33	4125.85	0.067189	0.077233
K02970	12049.50	3543.43	0.055375	0.066331
K02972	308.27	258.45	0.001417	0.004838
K02974	20.00	0.00	0.000092	0.000000
K02977	20.00	0.00	0.000092	0.000000
K02978	20.00	0.00	0.000092	0.000000
K02979	20.00	0.00	0.000092	0.000000
K02982	14641.33	4125.85	0.067286	0.077233
K02984	20.00	0.00	0.000092	0.000000
K02986	15483.16	4645.85	0.071154	0.086967
K02987	20.00	0.00	0.000092	0.000000
K02988	14640.33	4125.85	0.067281	0.077233
K02990	14620.33	4125.85	0.067189	0.077233
K02991	20.00	0.00	0.000092	0.000000
K02992	14640.33	4125.85	0.067281	0.077233
K02994	14640.33	4125.85	0.067281	0.077233
K02995	20.00	0.00	0.000092	0.000000
K02996	14640.33	4125.85	0.067281	0.077233
K03040	14620.33	4125.85	0.067189	0.077233
K03041	20.00	0.00	0.000092	0.000000
K03042	20.00	0.00	0.000092	0.000000
K03043	14596.33	4125.85	0.067079	0.077233
K03044	20.00	0.00	0.000092	0.000000
K03045	20.00	0.00	0.000092	0.000000
K03046	15393.08	4125.85	0.070740	0.077233
K03047	20.00	0.00	0.000092	0.000000
K03048	3056.50	2941.65	0.014046	0.055066
K03049	20.00	0.00	0.000092	0.000000
K03050	20.00	0.00	0.000092	0.000000
K03051	20.00	0.00	0.000092	0.000000
K03053	20.00	0.00	0.000092	0.000000
K03055	20.00	0.00	0.000092	0.000000
K03056	20.00	0.00	0.000092	0.000000
K03057	40.00	0.00	0.000184	0.000000
K03058	20.00	0.00	0.000092	0.000000
K03059	20.00	0.00	0.000092	0.000000
K03060	12393.00	4086.35	0.056953	0.076494
K03070	16009.02	6399.10	0.073571	0.119787
K03071	5268.02	321.28	0.024210	0.006014
K03072	9518.58	1252.53	0.043743	0.023447
K03073	14363.33	4123.85	0.066008	0.077196
K03074	9465.91	1252.53	0.043501	0.023447
K03075	14600.83	4125.85	0.067099	0.077233
K03076	15468.33	6303.85	0.071086	0.118004
K03077	731.17	721.45	0.003360	0.013505
K03078	502.27	264.78	0.002308	0.004957
K03079	551.67	258.45	0.002535	0.004838
K03086	16412.16	4628.85	0.075424	0.086649
K03087	3444.92	305.20	0.015831	0.005713
K03088	57477.44	5050.27	0.264143	0.094538
K03089	5760.22	343.28	0.026472	0.006426
K03090	2936.33	94.00	0.013494	0.001760
K03091	9199.17	3846.40	0.042276	0.072002
K03092	9091.52	1070.18	0.041781	0.020033
K03093	733.50	5.00	0.003371	0.000094
K03095	2794.00	2523.65	0.012840	0.047241
K03098	12406.85	356.78	0.057017	0.006679
K03100	21800.65	6828.32	0.100187	0.127822
K03101	15162.08	4125.85	0.069679	0.077233
K03105	20.00	0.00	0.000092	0.000000
K03106	14640.33	4125.85	0.067281	0.077233
K03110	14645.08	4125.85	0.067303	0.077233
K03111	25547.68	8626.93	0.117407	0.161490
K03112	437.32	277.95	0.002010	0.005203
K03113	3011.74	323.78	0.013841	0.006061
K03116	13333.25	490.04	0.061274	0.009173
K03117	7513.18	366.03	0.034527	0.006852
K03118	12143.09	467.20	0.055805	0.008746
K03119	6398.99	299.95	0.029407	0.005615
K03120	20.00	0.00	0.000092	0.000000
K03124	120.00	0.00	0.000551	0.000000
K03136	20.00	0.00	0.000092	0.000000
K03146	34.00	0.00	0.000156	0.000000
K03147	8208.60	912.20	0.037723	0.017076
K03148	559.99	731.95	0.002573	0.013702
K03149	9034.47	951.20	0.041519	0.017806
K03150	2181.39	1669.78	0.010025	0.031257
K03151	4409.66	3428.93	0.020265	0.064187
K03152	2501.72	3862.95	0.011497	0.072312
K03153	5968.52	67.42	0.027429	0.001262
K03154	8739.43	868.20	0.040163	0.016252
K03166	20.00	0.00	0.000092	0.000000
K03167	20.00	0.00	0.000092	0.000000
K03168	16624.28	4145.52	0.076398	0.077601
K03169	7578.80	2620.16	0.034829	0.049048
K03177	14640.33	4125.85	0.067281	0.077233
K03179	8071.01	366.95	0.037091	0.006869
K03181	3757.95	283.28	0.017270	0.005303
K03182	3290.19	768.95	0.015120	0.014394
K03183	13028.68	970.20	0.059874	0.018162
K03184	699.82	284.28	0.003216	0.005322
K03185	6533.97	343.28	0.030027	0.006426
K03186	3766.17	1024.40	0.017308	0.019176
K03187	7051.22	479.00	0.032405	0.008967
K03188	6811.72	494.25	0.031304	0.009252
K03189	6631.72	494.25	0.030477	0.009252
K03190	6576.72	494.25	0.030224	0.009252
K03191	372.00	452.00	0.001710	0.008461
K03192	1229.08	27.00	0.005648	0.000505
K03194	262.67	6.00	0.001207	0.000112
K03195	1817.67	64.00	0.008353	0.001198
K03196	1632.38	64.00	0.007502	0.001198
K03197	1355.38	42.00	0.006229	0.000786
K03198	1340.38	42.00	0.006160	0.000786
K03199	1432.67	42.00	0.006584	0.000786
K03200	1162.04	34.00	0.005340	0.000636
K03201	449.00	10.00	0.002063	0.000187
K03202	21.00	0.00	0.000097	0.000000
K03203	453.67	28.00	0.002085	0.000524
K03204	1456.38	42.00	0.006693	0.000786
K03205	2770.53	2677.40	0.012732	0.050119
K03207	308.27	258.45	0.001417	0.004838
K03208	537.27	258.45	0.002469	0.004838
K03210	13177.42	4116.18	0.060558	0.077052
K03212	1307.07	264.78	0.006007	0.004957
K03214	648.07	264.78	0.002978	0.004957
K03215	13439.75	3991.10	0.061764	0.074711
K03216	11770.67	4065.85	0.054093	0.076110
K03217	17709.33	6676.75	0.081385	0.124984
K03218	14623.33	4125.85	0.067203	0.077233
K03219	132.75	9.50	0.000610	0.000178
K03220	12.25	6.25	0.000056	0.000117
K03221	294.15	261.70	0.001352	0.004899
K03222	407.15	261.70	0.001871	0.004899
K03223	127.75	0.00	0.000587	0.000000
K03224	145.75	9.50	0.000670	0.000178
K03225	294.15	261.70	0.001352	0.004899
K03226	132.75	9.50	0.000610	0.000178
K03227	132.75	9.50	0.000610	0.000178
K03228	407.15	261.70	0.001871	0.004899
K03229	681.55	513.90	0.003132	0.009620
K03230	132.75	9.50	0.000610	0.000178
K03231	40.00	0.00	0.000184	0.000000
K03232	20.00	0.00	0.000092	0.000000
K03234	20.00	0.00	0.000092	0.000000
K03236	40.00	0.00	0.000184	0.000000
K03237	20.00	0.00	0.000092	0.000000
K03238	20.00	0.00	0.000092	0.000000
K03242	20.00	0.00	0.000092	0.000000
K03243	20.00	0.00	0.000092	0.000000
K03263	20.00	0.00	0.000092	0.000000
K03264	20.00	0.00	0.000092	0.000000
K03265	86.00	0.00	0.000395	0.000000
K03269	5594.65	328.78	0.025711	0.006155
K03270	5797.32	711.78	0.026642	0.013324
K03271	3244.15	709.78	0.014909	0.013287
K03272	2362.82	337.28	0.010859	0.006314
K03273	3619.99	706.78	0.016636	0.013230
K03274	1392.32	706.78	0.006399	0.013230
K03275	284.02	255.20	0.001305	0.004777
K03276	275.73	255.20	0.001267	0.004777
K03278	7.50	6.25	0.000034	0.000117
K03279	24.79	6.25	0.000114	0.000117
K03280	7.50	3.25	0.000034	0.000061
K03281	4456.71	579.23	0.020481	0.010843
K03282	13219.85	3605.85	0.060753	0.067499
K03284	15362.79	4001.02	0.070601	0.074896
K03286	11488.95	485.28	0.052798	0.009084
K03287	35.25	333.00	0.000162	0.006234
K03288	251.08	3.25	0.001154	0.000061
K03289	657.27	258.45	0.003021	0.004838
K03290	721.27	258.45	0.003315	0.004838
K03291	952.79	784.02	0.004379	0.014676
K03292	5530.65	2467.60	0.025417	0.046192
K03293	9175.87	1136.35	0.042169	0.021272
K03294	14597.48	4359.55	0.067084	0.081608
K03296	13637.41	1350.17	0.062672	0.025274
K03297	6132.97	301.95	0.028185	0.005652
K03298	869.23	1.50	0.003995	0.000028
K03299	4969.28	889.85	0.022837	0.016657
K03300	2348.63	180.65	0.010793	0.003382
K03301	547.20	0.00	0.002515	0.000000
K03303	3735.35	343.78	0.017166	0.006435
K03304	656.67	317.28	0.003018	0.005939
K03305	10091.32	1504.11	0.046376	0.028156
K03306	11649.31	294.42	0.053535	0.005511
K03307	8970.17	1307.43	0.041223	0.024474
K03308	7966.41	1468.25	0.036610	0.027485
K03309	709.25	188.00	0.003259	0.003519
K03310	16620.47	5571.28	0.076381	0.104291
K03311	11198.91	4467.93	0.051466	0.083637
K03312	5925.44	2173.95	0.027231	0.040695
K03313	5920.69	1163.53	0.027209	0.021781
K03314	320.82	284.28	0.001474	0.005322
K03315	3978.72	1489.15	0.018285	0.027876
K03316	10050.02	853.85	0.046186	0.015984
K03317	3835.68	584.50	0.017627	0.010941
K03319	1991.03	435.78	0.009150	0.008158
K03320	18533.96	4092.35	0.085174	0.076606
K03321	15735.18	590.93	0.072312	0.011062
K03322	5636.27	877.52	0.025902	0.016427
K03324	7557.27	4418.45	0.034730	0.082710
K03325	6447.03	102.15	0.029628	0.001912
K03326	1393.80	679.98	0.006405	0.012729
K03327	9254.87	2897.15	0.042532	0.054233
K03328	2930.62	310.40	0.013468	0.005810
K03329	283.23	258.45	0.001302	0.004838
K03330	20.00	0.00	0.000092	0.000000
K03332	459.00	3.00	0.002109	0.000056
K03333	2814.53	16.75	0.012934	0.000314
K03334	8.25	0.00	0.000038	0.000000
K03335	896.60	4.65	0.004120	0.000087
K03336	698.35	4.65	0.003209	0.000087
K03337	698.35	4.65	0.003209	0.000087
K03338	690.85	1.40	0.003175	0.000026
K03339	199.50	0.00	0.000917	0.000000
K03340	3756.50	47.00	0.017263	0.000880
K03342	1349.84	2189.25	0.006203	0.040981
K03343	359.00	15.25	0.001650	0.000285
K03346	3056.50	2608.65	0.014046	0.048832
K03366	1893.49	108.25	0.008702	0.002026
K03367	2022.17	2586.65	0.009293	0.048420
K03379	5795.14	0.00	0.026632	0.000000
K03380	712.50	0.00	0.003274	0.000000
K03381	3627.50	0.00	0.016670	0.000000
K03382	81.00	0.00	0.000372	0.000000
K03383	257.00	0.00	0.001181	0.000000
K03385	367.48	275.78	0.001689	0.005162
K03386	14307.42	1512.93	0.065751	0.028321
K03387	8421.38	398.95	0.038701	0.007468
K03388	19.00	333.00	0.000087	0.006234
K03389	19.00	333.00	0.000087	0.006234
K03390	19.00	333.00	0.000087	0.006234
K03391	39.00	0.00	0.000179	0.000000
K03392	469.84	1.50	0.002159	0.000028
K03394	1583.62	861.25	0.007278	0.016122
K03395	58.87	0.00	0.000271	0.000000
K03396	387.00	0.00	0.001778	0.000000
K03399	628.00	903.25	0.002886	0.016908
K03402	7900.39	6125.75	0.036307	0.114670
K03403	957.70	0.00	0.004401	0.000000
K03404	1612.94	97.17	0.007412	0.001819
K03405	2157.77	88.17	0.009916	0.001650
K03406	25823.60	1783.33	0.118675	0.033383
K03407	6528.71	591.95	0.030003	0.011081
K03408	8412.90	807.45	0.038662	0.015115
K03409	989.75	25.50	0.004548	0.000477
K03410	1279.90	257.00	0.005882	0.004811
K03411	2709.32	296.00	0.012451	0.005541
K03412	6081.30	607.62	0.027947	0.011374
K03413	7964.21	643.45	0.036600	0.012045
K03414	1708.06	277.95	0.007850	0.005203
K03415	1215.54	137.25	0.005586	0.002569
K03416	201.00	0.00	0.000924	0.000000
K03417	6504.89	302.20	0.029894	0.005657
K03418	30.00	0.00	0.000138	0.000000
K03420	40.00	0.00	0.000184	0.000000
K03424	21630.30	4776.41	0.099404	0.089411
K03425	316.07	258.45	0.001453	0.004838
K03426	10315.51	888.45	0.047406	0.016631
K03427	19563.99	4298.30	0.089908	0.080461
K03428	909.95	0.00	0.004182	0.000000
K03429	2667.23	1169.67	0.012257	0.021895
K03430	178.75	14.25	0.000821	0.000267
K03431	12784.00	4538.35	0.058750	0.084955
K03432	813.33	1.50	0.003738	0.000028
K03433	813.33	1.50	0.003738	0.000028
K03435	992.32	277.95	0.004560	0.005203
K03436	5512.00	3951.15	0.025331	0.073963
K03437	14290.31	3813.57	0.065672	0.071388
K03438	14606.33	4125.85	0.067125	0.077233
K03439	14263.83	4458.85	0.065551	0.083467
K03442	10617.47	4809.52	0.048794	0.090031
K03445	355.27	258.45	0.001633	0.004838
K03446	6514.20	577.15	0.029937	0.010804
K03449	7382.55	2964.65	0.033927	0.055496
K03451	1387.93	277.20	0.006378	0.005189
K03453	11846.38	326.33	0.054441	0.006109
K03455	10808.20	576.45	0.049670	0.010791
K03457	4390.57	11.00	0.020177	0.000206
K03458	4134.58	1375.25	0.019001	0.025744
K03459	274.40	252.20	0.001261	0.004721
K03462	949.53	5.00	0.004364	0.000094
K03464	3239.83	1.50	0.014889	0.000028
K03465	1586.58	120.42	0.007291	0.002254
K03466	20067.29	5255.00	0.092221	0.098370
K03468	316.07	258.45	0.001453	0.004838
K03469	12163.01	2226.60	0.055896	0.041680
K03470	14640.33	4125.85	0.067281	0.077233
K03471	2457.00	2413.65	0.011291	0.045182
K03472	837.82	277.95	0.003850	0.005203
K03473	3627.48	282.95	0.016670	0.005297
K03474	7510.27	357.78	0.034514	0.006697
K03475	3127.14	2748.83	0.014371	0.051456
K03476	843.14	2452.18	0.003875	0.045903
K03477	608.11	264.78	0.002795	0.004957
K03478	1522.57	782.85	0.006997	0.014654
K03480	2077.33	457.00	0.009547	0.008555
K03481	1123.37	0.00	0.005163	0.000000
K03482	578.59	515.40	0.002659	0.009648
K03483	2337.70	307.40	0.010743	0.005754
K03484	4769.06	4133.65	0.021917	0.077379
K03485	320.82	269.45	0.001474	0.005044
K03486	3124.50	2966.65	0.014359	0.055534
K03487	308.57	255.20	0.001418	0.004777
K03488	6154.73	5765.25	0.028285	0.107922
K03489	668.16	184.00	0.003071	0.003444
K03490	308.27	258.45	0.001417	0.004838
K03491	1931.01	2762.40	0.008874	0.051710
K03492	2603.00	1668.00	0.011962	0.031224
K03493	441.00	2186.00	0.002027	0.040920
K03495	11651.00	4211.10	0.053543	0.078829
K03496	29672.45	3337.95	0.136362	0.062484
K03497	21601.69	5945.13	0.099272	0.111289
K03498	11325.12	4856.77	0.052046	0.090916
K03499	18421.95	7472.35	0.084660	0.139878
K03500	14897.79	4072.85	0.068464	0.076241
K03501	14607.33	4125.85	0.067129	0.077233
K03502	11366.72	3200.80	0.052237	0.059917
K03503	7763.61	669.15	0.035678	0.012526
K03516	408.07	258.45	0.001875	0.004838
K03517	9546.59	1189.20	0.043872	0.022261
K03518	3822.67	1810.17	0.017567	0.033885
K03519	2331.67	455.17	0.010715	0.008520
K03520	2009.33	3.17	0.009234	0.000059
K03521	11593.50	1370.60	0.053279	0.025657
K03522	11325.50	1370.60	0.052047	0.025657
K03523	7900.48	3487.32	0.036307	0.065280
K03524	14560.33	4125.85	0.066913	0.077233
K03525	9031.74	1295.67	0.041506	0.024254
K03526	11546.83	1483.45	0.053064	0.027769
K03527	12079.83	1933.95	0.055514	0.036202
K03528	3846.78	289.28	0.017678	0.005415
K03529	12216.31	3815.57	0.056141	0.071425
K03530	17077.26	4539.27	0.078480	0.084972
K03531	14844.00	4125.85	0.068217	0.077233
K03532	292.73	269.45	0.001345	0.005044
K03533	287.98	269.45	0.001323	0.005044
K03534	2357.54	302.68	0.010834	0.005666
K03535	1108.69	261.70	0.005095	0.004899
K03536	13384.66	4029.85	0.061510	0.075436
K03537	20.00	0.00	0.000092	0.000000
K03538	20.00	0.00	0.000092	0.000000
K03539	20.00	0.00	0.000092	0.000000
K03540	54.00	0.00	0.000248	0.000000
K03543	7700.70	580.15	0.035389	0.010860
K03544	14584.73	4117.85	0.067025	0.077083
K03545	14602.33	4125.85	0.067106	0.077233
K03546	10209.66	1615.35	0.046919	0.030238
K03547	10141.82	1615.35	0.046608	0.030238
K03548	541.32	284.28	0.002488	0.005322
K03549	8631.42	789.10	0.039666	0.014771
K03550	14620.33	4125.85	0.067189	0.077233
K03551	14634.33	4125.85	0.067253	0.077233
K03552	20.00	0.00	0.000092	0.000000
K03553	14998.33	4577.85	0.068926	0.085694
K03554	1137.49	284.28	0.005227	0.005322
K03555	12507.00	3878.10	0.057477	0.072595
K03556	1281.06	264.78	0.005887	0.004957
K03557	4161.15	289.28	0.019123	0.005415
K03558	6018.18	657.28	0.027657	0.012304
K03559	14961.70	1196.95	0.068758	0.022406
K03560	8452.72	357.78	0.038845	0.006697
K03561	14709.99	1183.45	0.067601	0.022153
K03562	7837.02	357.78	0.036016	0.006697
K03563	5618.51	362.28	0.025820	0.006782
K03564	15044.00	1161.37	0.069136	0.021740
K03565	13744.58	4097.85	0.063164	0.076709
K03566	4960.51	371.28	0.022796	0.006950
K03567	808.65	277.95	0.003716	0.005203
K03568	6608.58	923.45	0.030370	0.017286
K03569	13551.07	2790.08	0.062275	0.052228
K03570	12465.84	3984.93	0.057288	0.074595
K03571	8894.22	3409.93	0.040874	0.063832
K03572	12433.00	3878.10	0.057137	0.072595
K03573	320.82	284.28	0.001474	0.005322
K03574	26749.89	13765.58	0.122931	0.257683
K03575	12614.18	3077.85	0.057970	0.057615
K03576	4395.15	314.28	0.020198	0.005883
K03577	1085.49	277.95	0.004988	0.005203
K03578	6404.98	525.03	0.029435	0.009828
K03579	3224.35	344.37	0.014818	0.006446
K03580	3579.56	289.28	0.016450	0.005415
K03581	8861.86	3655.77	0.040725	0.068434
K03582	4478.15	289.28	0.020580	0.005415
K03583	4403.15	289.28	0.020235	0.005415
K03584	14438.33	4078.85	0.066353	0.076353
K03585	12677.53	744.98	0.058261	0.013946
K03586	4161.15	289.28	0.019123	0.005415
K03587	10855.60	996.45	0.049888	0.018653
K03588	16200.17	4675.10	0.074449	0.087515
K03589	13433.63	3993.85	0.061735	0.074762
K03590	10513.18	3234.10	0.048314	0.060540
K03591	320.82	284.28	0.001474	0.005322
K03592	4666.91	924.95	0.021447	0.017314
K03593	12030.26	683.20	0.055286	0.012789
K03594	11204.77	878.28	0.051493	0.016441
K03595	13856.83	4125.85	0.063680	0.077233
K03596	14622.33	4125.85	0.067198	0.077233
K03597	812.49	284.28	0.003734	0.005322
K03598	654.32	284.28	0.003007	0.005322
K03599	4107.15	289.28	0.018875	0.005415
K03600	4107.15	289.28	0.018875	0.005415
K03601	11411.04	4122.85	0.052440	0.077177
K03602	11399.04	4122.85	0.052385	0.077177
K03603	359.82	284.28	0.001654	0.005322
K03604	559.02	284.28	0.002569	0.005322
K03605	1774.71	1091.98	0.008156	0.020441
K03606	1662.94	298.28	0.007642	0.005584
K03607	689.49	287.28	0.003169	0.005378
K03608	6283.66	1141.62	0.028877	0.021370
K03609	7263.79	1379.02	0.033381	0.025814
K03610	7109.99	1332.02	0.032675	0.024935
K03611	5345.14	302.20	0.024564	0.005657
K03612	1144.99	725.78	0.005262	0.013586
K03613	1256.99	810.78	0.005777	0.015177
K03614	1256.99	810.78	0.005777	0.015177
K03615	913.35	810.78	0.004197	0.015177
K03616	4232.65	357.28	0.019452	0.006688
K03617	1256.99	810.78	0.005777	0.015177
K03618	457.73	283.70	0.002104	0.005311
K03619	457.73	283.70	0.002104	0.005311
K03620	639.73	330.70	0.002940	0.006190
K03621	7661.67	3882.10	0.035210	0.072670
K03623	722.57	258.45	0.003321	0.004838
K03624	15426.24	4259.19	0.070893	0.079729
K03625	14600.33	4125.85	0.067097	0.077233
K03626	20.00	0.00	0.000092	0.000000
K03627	20.00	0.00	0.000092	0.000000
K03628	12787.91	1777.60	0.058768	0.033276
K03629	14321.16	4125.85	0.065814	0.077233
K03630	14184.76	5113.36	0.065187	0.095719
K03631	14596.33	4125.85	0.067079	0.077233
K03632	320.82	284.28	0.001474	0.005322
K03633	320.82	284.28	0.001474	0.005322
K03634	4234.15	292.28	0.019458	0.005471
K03635	9488.47	400.20	0.043605	0.007491
K03636	6828.61	365.78	0.031381	0.006847
K03637	7832.27	1715.70	0.035994	0.032117
K03638	3764.60	346.62	0.017301	0.006489
K03639	11597.31	1304.70	0.053296	0.024423
K03640	5469.52	357.78	0.025136	0.006697
K03641	5752.85	357.78	0.026438	0.006697
K03642	8868.22	362.45	0.040755	0.006785
K03643	5231.82	321.28	0.024043	0.006014
K03644	12583.21	403.20	0.057827	0.007548
K03645	320.82	284.28	0.001474	0.005322
K03646	5061.68	341.45	0.023261	0.006392
K03647	5512.04	3046.25	0.025331	0.057024
K03648	12035.42	4041.68	0.055310	0.075658
K03649	1345.90	285.87	0.006185	0.005351
K03650	11660.00	3878.10	0.053585	0.072595
K03651	4307.90	289.28	0.019797	0.005415
K03652	5603.10	703.82	0.025750	0.013175
K03653	20.00	333.00	0.000092	0.006234
K03654	16276.35	2837.17	0.074799	0.053110
K03655	19109.74	4627.77	0.087820	0.086629
K03656	4161.15	289.28	0.019123	0.005415
K03657	29714.96	8255.32	0.136558	0.154534
K03658	526.07	264.45	0.002418	0.004950
K03660	882.57	520.00	0.004056	0.009734
K03664	14647.66	4125.85	0.067315	0.077233
K03665	14507.33	4078.85	0.066670	0.076353
K03666	8213.15	857.28	0.037744	0.016048
K03667	4849.86	1054.18	0.022288	0.019734
K03668	609.32	271.12	0.002800	0.005075
K03669	1437.94	280.45	0.006608	0.005250
K03670	1740.34	302.45	0.007998	0.005662
K03671	23557.27	5397.60	0.108260	0.101040
K03672	3871.35	306.62	0.017791	0.005740
K03673	7256.45	303.03	0.033348	0.005673
K03674	412.82	284.28	0.001897	0.005322
K03675	360.03	258.78	0.001655	0.004844
K03676	6142.10	295.45	0.028227	0.005531
K03680	20.00	0.00	0.000092	0.000000
K03683	3884.31	290.95	0.017851	0.005446
K03684	9165.38	601.03	0.042120	0.011251
K03685	17721.08	4124.18	0.081439	0.077202
K03686	17930.58	4373.60	0.082402	0.081871
K03687	14705.41	4125.85	0.067580	0.077233
K03688	9840.26	1592.53	0.045222	0.029811
K03689	8.25	0.00	0.000038	0.000000
K03690	4130.95	289.28	0.018984	0.005415
K03692	6.00	0.00	0.000028	0.000000
K03693	1884.50	2328.65	0.008660	0.043591
K03694	6070.35	768.62	0.027897	0.014388
K03695	14131.88	1930.60	0.064944	0.036140
K03696	9813.39	3397.57	0.045098	0.063600
K03697	2240.17	2523.65	0.010295	0.047241
K03698	3925.73	3128.65	0.018041	0.058566
K03699	5342.60	3365.82	0.024552	0.063006
K03700	2860.50	2608.65	0.013146	0.048832
K03701	18341.36	4402.85	0.084289	0.082418
K03702	14844.33	4125.85	0.068218	0.077233
K03703	14771.70	4193.85	0.067885	0.078506
K03704	32055.41	5403.05	0.147313	0.101142
K03705	9562.52	3783.40	0.043945	0.070823
K03706	2933.50	2848.65	0.013481	0.053325
K03707	7092.20	664.15	0.032593	0.012432
K03708	3723.67	3011.65	0.017112	0.056376
K03709	7199.66	2572.32	0.033087	0.048152
K03710	11155.52	5057.87	0.051266	0.094680
K03711	18947.45	2121.77	0.087075	0.039718
K03712	308.27	258.45	0.001417	0.004838
K03713	2481.50	2512.65	0.011404	0.047035
K03715	20.00	0.00	0.000092	0.000000
K03716	1191.37	935.00	0.005475	0.017503
K03717	817.74	288.95	0.003758	0.005409
K03718	4232.22	789.28	0.019450	0.014775
K03719	18142.43	550.12	0.083375	0.010298
K03720	488.07	269.78	0.002243	0.005050
K03721	437.32	284.28	0.002010	0.005322
K03722	8260.89	3549.63	0.037964	0.066447
K03723	15042.13	4131.85	0.069127	0.077346
K03724	4879.02	533.95	0.022422	0.009995
K03725	20.00	0.00	0.000092	0.000000
K03726	20.00	0.00	0.000092	0.000000
K03727	2210.33	235.75	0.010158	0.004413
K03732	3876.98	289.28	0.017817	0.005415
K03733	12252.58	1343.44	0.056308	0.025148
K03734	9018.44	4232.33	0.041445	0.079226
K03735	1247.55	258.45	0.005733	0.004838
K03736	1226.55	258.45	0.005637	0.004838
K03737	3530.59	2445.78	0.016225	0.045783
K03738	107.33	333.00	0.000493	0.006234
K03739	2013.17	2586.65	0.009252	0.048420
K03740	1900.17	2586.65	0.008732	0.048420
K03741	8427.40	724.84	0.038729	0.013569
K03742	5573.48	3547.32	0.025613	0.066404
K03743	9867.59	565.70	0.045347	0.010590
K03744	13877.78	3168.98	0.063777	0.059321
K03745	4623.15	311.28	0.021246	0.005827
K03746	4744.32	367.28	0.021803	0.006875
K03747	872.99	277.95	0.004012	0.005203
K03748	1854.82	323.78	0.008524	0.006061
K03749	831.49	277.95	0.003821	0.005203
K03750	13146.09	1302.20	0.060414	0.024376
K03752	8539.97	1156.62	0.039246	0.021651
K03753	3250.94	715.45	0.014940	0.013393
K03755	557.63	510.65	0.002563	0.009559
K03756	500.27	305.45	0.002299	0.005718
K03757	287.98	269.45	0.001323	0.005044
K03758	2364.07	516.68	0.010864	0.009672
K03759	597.23	258.45	0.002745	0.004838
K03760	4618.93	293.95	0.021227	0.005503
K03761	2234.80	264.45	0.010270	0.004950
K03762	4626.61	319.45	0.021262	0.005980
K03763	4125.07	3512.65	0.018957	0.065755
K03764	320.82	284.28	0.001474	0.005322
K03765	287.98	269.45	0.001323	0.005044
K03767	8313.32	2926.18	0.038205	0.054776
K03768	14190.33	4536.35	0.065213	0.084918
K03769	6385.77	834.29	0.029346	0.015617
K03770	6731.52	693.78	0.030935	0.012987
K03771	7185.32	360.78	0.033021	0.006754
K03772	6297.83	324.78	0.028942	0.006080
K03773	8649.94	337.78	0.039752	0.006323
K03774	3840.15	282.95	0.017648	0.005297
K03775	5184.98	660.45	0.023828	0.012363
K03776	1665.69	282.95	0.007655	0.005297
K03777	3815.44	269.45	0.017534	0.005044
K03778	5434.52	1645.95	0.024975	0.030811
K03779	489.23	305.45	0.002248	0.005718
K03780	489.23	305.45	0.002248	0.005718
K03781	18424.06	792.60	0.084669	0.014837
K03782	4140.19	351.28	0.019027	0.006576
K03783	6449.03	3421.90	0.029637	0.064056
K03784	4675.63	3650.27	0.021487	0.068331
K03785	3412.52	2562.10	0.015683	0.047961
K03786	11871.93	1348.75	0.054558	0.025248
K03787	9327.85	557.45	0.042867	0.010435
K03788	313.02	269.78	0.001439	0.005050
K03789	14399.33	6359.83	0.066173	0.119052
K03790	13234.95	6384.68	0.060822	0.119517
K03791	643.79	1.67	0.002959	0.000031
K03793	497.00	5.00	0.002284	0.000094
K03794	274.00	5.00	0.001259	0.000094
K03795	1166.33	1.67	0.005360	0.000031
K03796	346.27	591.45	0.001591	0.011072
K03797	19762.07	1753.69	0.090818	0.032828
K03798	18765.59	4665.19	0.086239	0.087329
K03799	9601.23	3356.03	0.044123	0.062823
K03800	10032.90	3254.68	0.046107	0.060925
K03801	9344.26	395.20	0.042942	0.007398
K03802	3079.08	458.00	0.014150	0.008573
K03803	700.49	721.78	0.003219	0.013511
K03804	320.82	284.28	0.001474	0.005322
K03805	5689.77	258.45	0.026148	0.004838
K03806	3685.98	289.28	0.016939	0.005415
K03807	719.57	266.95	0.003307	0.004997
K03808	1604.79	617.23	0.007375	0.011554
K03809	8958.39	276.12	0.041169	0.005169
K03810	1686.07	381.60	0.007748	0.007143
K03811	6560.12	1175.43	0.030148	0.022003
K03812	509.03	263.70	0.002339	0.004936
K03813	161.33	39.83	0.000741	0.000746
K03814	6651.02	360.78	0.030565	0.006754
K03815	194.00	6.25	0.000892	0.000117
K03816	8117.16	3713.32	0.037303	0.069511
K03817	2609.35	590.95	0.011991	0.011062
K03818	428.02	258.45	0.001967	0.004838
K03819	308.27	258.45	0.001417	0.004838
K03820	8767.93	398.20	0.040294	0.007454
K03821	3683.17	70.00	0.016926	0.001310
K03823	12128.18	3478.27	0.055736	0.065111
K03824	1692.85	316.45	0.007780	0.005924
K03825	1184.52	795.45	0.005444	0.014890
K03826	1331.94	808.95	0.006121	0.015143
K03827	2112.32	276.45	0.009707	0.005175
K03828	4994.86	464.95	0.022954	0.008704
K03829	994.84	26.00	0.004572	0.000487
K03830	1016.38	266.20	0.004671	0.004983
K03831	1578.99	306.28	0.007256	0.005733
K03832	19404.50	1180.11	0.089175	0.022091
K03833	1301.80	676.78	0.005983	0.012669
K03834	327.15	290.28	0.001503	0.005434
K03835	329.82	284.28	0.001516	0.005322
K03836	275.73	255.20	0.001267	0.004777
K03837	560.11	317.28	0.002574	0.005939
K03838	308.27	258.45	0.001417	0.004838
K03839	1720.91	986.78	0.007909	0.018472
K03840	320.82	277.95	0.001474	0.005203
K03841	7057.44	356.78	0.032433	0.006679
K03851	3.00	0.00	0.000014	0.000000
K03852	21.00	0.00	0.000097	0.000000
K03855	763.23	305.45	0.003507	0.005718
K03856	4185.15	1558.40	0.019233	0.029172
K03862	3433.93	4.00	0.015781	0.000075
K03863	1332.74	15.25	0.006125	0.000285
K03867	30.42	0.00	0.000140	0.000000
K03885	15944.21	770.25	0.073273	0.014419
K03886	965.33	5.00	0.004436	0.000094
K03887	1022.33	5.00	0.004698	0.000094
K03888	983.33	5.00	0.004519	0.000094
K03889	1334.16	32.75	0.006131	0.000613
K03890	1334.16	32.75	0.006131	0.000613
K03891	1347.16	34.25	0.006191	0.000641
K03892	22318.48	3249.34	0.102567	0.060826
K03893	3094.01	263.87	0.014219	0.004939
K03894	9.62	0.00	0.000044	0.000000
K03895	9.62	0.00	0.000044	0.000000
K03896	9.62	0.00	0.000044	0.000000
K03897	1114.85	1.50	0.005123	0.000028
K03918	961.00	0.00	0.004416	0.000000
K03919	1714.24	315.20	0.007878	0.005900
K03921	1232.66	6.17	0.005665	0.000115
K03923	1806.94	261.45	0.008304	0.004894
K03924	20512.97	1575.12	0.094269	0.029485
K03925	9773.49	1436.10	0.044915	0.026883
K03926	2024.10	321.95	0.009302	0.006027
K03928	3829.33	197.90	0.017598	0.003705
K03929	3385.72	107.17	0.015559	0.002006
K03930	707.87	2302.25	0.003253	0.043097
K03931	424.17	266.20	0.001949	0.004983
K03932	913.50	40.75	0.004198	0.000763
K03933	945.54	11.00	0.004345	0.000206
K03943	13.00	0.00	0.000060	0.000000
K03969	5506.40	752.12	0.025305	0.014079
K03970	465.82	281.95	0.002141	0.005278
K03971	316.07	258.45	0.001453	0.004838
K03972	339.73	258.45	0.001561	0.004838
K03973	939.98	281.95	0.004320	0.005278
K03974	462.49	281.95	0.002125	0.005278
K03975	12908.55	969.45	0.059322	0.018147
K03976	11287.73	4959.68	0.051874	0.092842
K03977	14645.33	4141.10	0.067304	0.077519
K03978	10854.59	3888.43	0.049883	0.072789
K03979	14620.33	4125.85	0.067189	0.077233
K03980	11075.76	1645.70	0.050900	0.030806
K03981	7496.36	289.28	0.034450	0.005415
K04013	292.73	286.78	0.001345	0.005368
K04014	292.73	286.78	0.001345	0.005368
K04015	292.73	286.78	0.001345	0.005368
K04016	287.98	264.78	0.001323	0.004957
K04017	283.23	264.78	0.001302	0.004957
K04018	562.38	527.98	0.002584	0.009883
K04019	283.23	258.45	0.001302	0.004838
K04020	283.23	258.45	0.001302	0.004838
K04021	283.23	258.45	0.001302	0.004838
K04022	283.23	258.45	0.001302	0.004838
K04023	688.73	258.45	0.003165	0.004838
K04024	547.73	258.45	0.002517	0.004838
K04025	283.23	258.45	0.001302	0.004838
K04026	290.23	258.45	0.001334	0.004838
K04027	313.23	258.45	0.001439	0.004838
K04028	777.73	258.45	0.003574	0.004838
K04029	691.73	308.70	0.003179	0.005779
K04030	532.23	258.45	0.002446	0.004838
K04031	835.73	308.70	0.003841	0.005779
K04032	283.23	258.45	0.001302	0.004838
K04033	709.23	258.45	0.003259	0.004838
K04034	119.45	0.00	0.000549	0.000000
K04035	961.70	1.50	0.004420	0.000028
K04037	184.95	0.00	0.000850	0.000000
K04038	909.95	0.00	0.004182	0.000000
K04039	184.95	0.00	0.000850	0.000000
K04040	909.95	0.00	0.004182	0.000000
K04041	1818.34	718.65	0.008356	0.013453
K04042	13427.16	4087.85	0.061706	0.076522
K04043	16348.08	4127.35	0.075129	0.077261
K04044	3796.15	289.28	0.017446	0.005415
K04045	945.65	707.20	0.004346	0.013238
K04046	1813.69	309.95	0.008335	0.005802
K04047	13037.11	3499.85	0.059913	0.065515
K04049	4.75	0.00	0.000022	0.000000
K04050	4.75	0.00	0.000022	0.000000
K04051	4.75	0.00	0.000022	0.000000
K04052	4.75	0.00	0.000022	0.000000
K04053	4.75	0.00	0.000022	0.000000
K04054	4.75	0.00	0.000022	0.000000
K04056	4.75	0.00	0.000022	0.000000
K04057	4.75	0.00	0.000022	0.000000
K04058	17.00	3.25	0.000078	0.000061
K04059	4.75	0.00	0.000022	0.000000
K04060	4.75	0.00	0.000022	0.000000
K04061	1633.33	11.00	0.007506	0.000206
K04062	741.24	264.45	0.003406	0.004950
K04063	2943.47	303.87	0.013527	0.005688
K04064	450.07	258.45	0.002068	0.004838
K04065	1132.74	258.45	0.005206	0.004838
K04066	14671.33	4125.85	0.067423	0.077233
K04067	316.07	273.28	0.001453	0.005116
K04068	6198.24	4458.93	0.028485	0.083468
K04069	7811.44	5343.08	0.035898	0.100019
K04070	800.00	464.00	0.003676	0.008686
K04072	4565.89	3955.93	0.020983	0.074052
K04073	593.73	252.20	0.002729	0.004721
K04074	3886.23	3097.32	0.017860	0.057980
K04075	14592.66	4125.85	0.067062	0.077233
K04076	1134.00	457.00	0.005211	0.008555
K04077	16478.11	4158.60	0.075727	0.077846
K04078	15184.86	4127.35	0.069783	0.077261
K04079	8718.09	1293.78	0.040065	0.024219
K04080	4627.73	324.20	0.021267	0.006069
K04081	316.07	258.45	0.001453	0.004838
K04082	3809.15	289.28	0.017505	0.005415
K04083	10324.17	3835.60	0.047446	0.071800
K04084	9702.55	342.78	0.044589	0.006417
K04085	7904.34	353.78	0.036325	0.006623
K04086	894.50	2400.25	0.004111	0.044931
K04087	2018.36	316.28	0.009276	0.005921
K04088	2015.36	316.28	0.009262	0.005921
K04090	1604.71	28.00	0.007375	0.000524
K04091	5735.30	277.95	0.026357	0.005203
K04092	2356.87	234.50	0.010831	0.004390
K04093	315.33	30.50	0.001449	0.000571
K04094	3712.95	3038.32	0.017063	0.056875
K04095	901.28	281.95	0.004142	0.005278
K04096	14872.50	4125.85	0.068348	0.077233
K04098	280.00	0.00	0.001287	0.000000
K04099	3.00	0.00	0.000014	0.000000
K04100	120.68	4.00	0.000555	0.000075
K04101	335.02	4.00	0.001540	0.000075
K04102	298.67	0.00	0.001373	0.000000
K04103	585.04	4.75	0.002689	0.000089
K04105	102.00	0.00	0.000469	0.000000
K04110	32.00	0.00	0.000147	0.000000
K04116	85.00	3.00	0.000391	0.000056
K04117	72.00	1.50	0.000331	0.000028
K04127	97.00	1.50	0.000446	0.000028
K04333	400.27	258.45	0.001839	0.004838
K04334	352.27	258.45	0.001619	0.004838
K04335	445.27	258.45	0.002046	0.004838
K04336	308.27	258.45	0.001417	0.004838
K04337	397.27	258.45	0.001826	0.004838
K04338	438.27	261.45	0.002014	0.004894
K04343	1131.56	255.37	0.005200	0.004780
K04477	1509.22	1216.45	0.006936	0.022771
K04478	425.00	0.00	0.001953	0.000000
K04479	20.00	0.00	0.000092	0.000000
K04483	20.00	0.00	0.000092	0.000000
K04484	20.00	0.00	0.000092	0.000000
K04485	14358.33	4105.85	0.065985	0.076859
K04486	3740.33	3798.32	0.017189	0.071102
K04487	21520.08	6966.50	0.098897	0.130408
K04488	12245.71	4090.85	0.056276	0.076578
K04496	30.00	0.00	0.000138	0.000000
K04516	2161.17	2206.25	0.009932	0.041300
K04517	8454.08	3179.07	0.038851	0.059510
K04518	9807.78	2477.57	0.045073	0.046378
K04561	1042.17	22.00	0.004789	0.000412
K04562	1798.75	27.50	0.008266	0.000515
K04564	16600.21	3649.80	0.076288	0.068322
K04565	6672.94	367.70	0.030666	0.006883
K04566	1083.87	33.50	0.004981	0.000627
K04567	14159.52	4367.05	0.065071	0.081748
K04568	4348.93	306.28	0.019986	0.005733
K04641	17.92	0.00	0.000082	0.000000
K04651	2360.67	1158.48	0.010849	0.021686
K04652	2024.27	905.28	0.009303	0.016946
K04653	2911.00	1112.48	0.013378	0.020825
K04654	1669.44	828.78	0.007672	0.015514
K04655	1657.44	828.78	0.007617	0.015514
K04656	1649.44	828.78	0.007580	0.015514
K04691	3534.78	289.28	0.016244	0.005415
K04719	821.37	22.00	0.003775	0.000412
K04720	1854.75	1017.08	0.008524	0.019039
K04744	5464.02	368.28	0.025110	0.006894
K04747	21.00	0.00	0.000097	0.000000
K04748	422.50	22.00	0.001942	0.000412
K04749	2224.49	444.50	0.010223	0.008321
K04750	8319.81	2615.85	0.038234	0.048967
K04751	6570.77	2833.45	0.030197	0.053040
K04752	4686.69	298.95	0.021538	0.005596
K04753	345.07	264.78	0.001586	0.004957
K04754	4480.32	639.28	0.020590	0.011967
K04755	7126.69	360.78	0.032751	0.006754
K04756	394.83	28.75	0.001814	0.000538
K04757	3631.16	443.00	0.016687	0.008293
K04758	11505.66	4962.35	0.052875	0.092892
K04759	11571.16	4879.85	0.053176	0.091348
K04760	4355.82	288.28	0.020018	0.005396
K04761	7324.77	403.53	0.033662	0.007554
K04762	8058.02	393.53	0.037031	0.007367
K04763	16052.75	3163.34	0.073772	0.059216
K04764	5279.02	321.28	0.024260	0.006014
K04765	2096.19	316.28	0.009633	0.005921
K04766	1379.33	5.00	0.006339	0.000094
K04767	1842.90	2342.99	0.008469	0.043859
K04768	2120.16	10.50	0.009743	0.000197
K04769	1406.90	606.00	0.006466	0.011344
K04770	320.82	284.28	0.001474	0.005322
K04771	12229.17	3922.43	0.056200	0.073425
K04772	3758.69	284.28	0.017273	0.005322
K04773	9057.39	798.45	0.041624	0.014946
K04774	3815.98	311.28	0.017537	0.005827
K04775	366.07	258.45	0.001682	0.004838
K04780	91.00	1.50	0.000418	0.000028
K04781	297.40	255.20	0.001367	0.004777
K04782	3298.46	32.00	0.015158	0.000599
K04783	319.07	255.20	0.001466	0.004777
K04784	319.07	255.20	0.001466	0.004777
K04785	275.73	255.20	0.001267	0.004777
K04786	275.73	255.20	0.001267	0.004777
K04794	57.00	12.00	0.000262	0.000225
K04795	20.00	0.00	0.000092	0.000000
K04796	20.00	0.00	0.000092	0.000000
K04797	20.00	0.00	0.000092	0.000000
K04798	20.00	0.00	0.000092	0.000000
K04799	20.00	0.00	0.000092	0.000000
K04800	20.00	0.00	0.000092	0.000000
K04801	40.00	0.00	0.000184	0.000000
K04802	20.00	0.00	0.000092	0.000000
K04835	36.50	333.00	0.000168	0.006234
K04844	300.77	255.20	0.001382	0.004777
K04940	1120.17	0.00	0.005148	0.000000
K05020	2559.50	73.00	0.011762	0.001367
K05185	27.50	0.00	0.000126	0.000000
K05245	283.23	258.45	0.001302	0.004838
K05275	252.33	0.00	0.001160	0.000000
K05281	54.08	14.17	0.000249	0.000265
K05296	12.00	0.00	0.000055	0.000000
K05297	3298.86	5.00	0.015160	0.000094
K05299	126.84	0.00	0.000583	0.000000
K05301	93.00	0.00	0.000427	0.000000
K05303	74.17	0.00	0.000341	0.000000
K05306	164.12	14.25	0.000754	0.000267
K05308	20.00	0.00	0.000092	0.000000
K05311	3226.00	885.40	0.014825	0.016574
K05337	5968.08	3276.65	0.027427	0.061337
K05338	770.00	4.00	0.003539	0.000075
K05339	770.00	4.00	0.003539	0.000075
K05340	1776.17	341.65	0.008163	0.006395
K05341	674.66	77.67	0.003100	0.001454
K05342	1173.37	16.75	0.005392	0.000314
K05343	2782.65	219.67	0.012788	0.004112
K05346	718.50	5.00	0.003302	0.000094
K05349	15662.77	3725.60	0.071980	0.069741
K05350	3227.23	244.17	0.014831	0.004571
K05351	239.00	0.00	0.001098	0.000000
K05352	385.00	452.00	0.001769	0.008461
K05356	772.75	0.00	0.003551	0.000000
K05358	322.71	0.00	0.001483	0.000000
K05362	1766.17	2303.65	0.008117	0.043123
K05363	447.00	2207.25	0.002054	0.041318
K05364	2011.07	220.50	0.009242	0.004128
K05365	3793.98	289.28	0.017436	0.005415
K05366	14790.42	3924.43	0.067971	0.073463
K05367	2430.77	300.45	0.011171	0.005624
K05368	320.82	277.95	0.001474	0.005203
K05371	772.75	0.00	0.003551	0.000000
K05372	287.73	255.20	0.001322	0.004777
K05373	310.73	255.20	0.001428	0.004777
K05374	275.73	255.20	0.001267	0.004777
K05375	337.30	13.50	0.001550	0.000253
K05381	9.67	0.00	0.000044	0.000000
K05396	3067.97	259.95	0.014099	0.004866
K05499	1010.90	264.45	0.004646	0.004950
K05501	684.99	284.28	0.003148	0.005322
K05515	10220.19	1352.53	0.046968	0.025318
K05516	4880.40	286.12	0.022428	0.005356
K05517	322.15	272.45	0.001480	0.005100
K05518	371.00	5.00	0.001705	0.000094
K05519	85.00	0.00	0.000391	0.000000
K05520	12055.64	327.02	0.055403	0.006122
K05521	181.21	0.00	0.000833	0.000000
K05522	3726.07	299.70	0.017123	0.005610
K05523	1239.10	255.20	0.005694	0.004777
K05524	5525.20	37.00	0.025392	0.000693
K05526	1017.36	277.95	0.004675	0.005203
K05527	5253.35	321.28	0.024142	0.006014
K05539	5823.68	770.95	0.026763	0.014432
K05540	5473.24	397.78	0.025153	0.007446
K05541	3628.98	289.28	0.016677	0.005415
K05548	8325.67	5.00	0.038261	0.000094
K05549	3032.21	0.00	0.013935	0.000000
K05550	3046.21	0.00	0.013999	0.000000
K05555	41.00	0.00	0.000188	0.000000
K05556	85.00	1.50	0.000391	0.000028
K05557	0.00	1.50	0.000000	0.000028
K05558	16.00	1.50	0.000074	0.000028
K05559	4133.36	23.67	0.018995	0.000443
K05560	4126.03	22.00	0.018962	0.000412
K05561	4126.03	22.00	0.018962	0.000412
K05562	4126.03	22.00	0.018962	0.000412
K05563	4570.03	475.67	0.021002	0.008904
K05564	4498.03	474.00	0.020671	0.008873
K05565	3889.32	49.92	0.017874	0.000934
K05566	4437.74	1362.67	0.020394	0.025508
K05567	5105.07	501.92	0.023461	0.009396
K05568	5151.07	501.92	0.023672	0.009396
K05569	4940.07	501.92	0.022703	0.009396
K05570	4885.07	501.92	0.022450	0.009396
K05571	5087.07	501.92	0.023378	0.009396
K05572	772.75	0.00	0.003551	0.000000
K05573	772.75	0.00	0.003551	0.000000
K05574	772.75	0.00	0.003551	0.000000
K05575	2401.25	0.00	0.011035	0.000000
K05576	882.75	0.00	0.004057	0.000000
K05577	2008.25	0.00	0.009229	0.000000
K05578	793.08	0.00	0.003645	0.000000
K05579	782.42	0.00	0.003596	0.000000
K05580	772.75	0.00	0.003551	0.000000
K05581	772.75	0.00	0.003551	0.000000
K05582	793.42	0.00	0.003646	0.000000
K05583	772.75	0.00	0.003551	0.000000
K05584	772.75	0.00	0.003551	0.000000
K05585	772.75	0.00	0.003551	0.000000
K05586	27.08	0.00	0.000124	0.000000
K05587	27.08	0.00	0.000124	0.000000
K05588	27.08	0.00	0.000124	0.000000
K05589	4939.95	741.28	0.022702	0.013876
K05590	320.82	284.28	0.001474	0.005322
K05591	1435.49	277.95	0.006597	0.005203
K05592	10406.10	3957.68	0.047822	0.074085
K05593	495.67	454.65	0.002278	0.008511
K05594	316.07	258.45	0.001453	0.004838
K05595	6383.68	383.95	0.029337	0.007187
K05596	5348.98	328.70	0.024582	0.006153
K05597	655.83	0.00	0.003014	0.000000
K05599	71.70	0.00	0.000330	0.000000
K05600	71.70	0.00	0.000330	0.000000
K05601	3825.66	2335.78	0.017581	0.043724
K05602	1537.83	32.75	0.007067	0.000613
K05603	379.67	0.00	0.001745	0.000000
K05606	3414.44	210.17	0.015691	0.003934
K05685	4044.06	300.28	0.018585	0.005621
K05708	315.74	252.20	0.001451	0.004721
K05709	289.73	252.20	0.001331	0.004721
K05710	2753.84	259.37	0.012656	0.004855
K05711	289.73	252.20	0.001331	0.004721
K05712	6007.23	257.70	0.027607	0.004824
K05713	296.23	252.20	0.001361	0.004721
K05714	289.73	252.20	0.001331	0.004721
K05715	7.33	1.67	0.000034	0.000031
K05739	188.00	136.00	0.000864	0.002546
K05747	51.00	0.00	0.000234	0.000000
K05772	698.62	344.00	0.003211	0.006439
K05773	688.62	344.00	0.003165	0.006439
K05774	997.07	277.20	0.004582	0.005189
K05775	348.82	269.45	0.001603	0.005044
K05776	802.90	277.62	0.003690	0.005197
K05777	397.52	266.20	0.001827	0.004983
K05778	397.52	266.20	0.001827	0.004983
K05779	397.52	266.20	0.001827	0.004983
K05780	1265.82	277.20	0.005817	0.005189
K05781	1265.82	277.20	0.005817	0.005189
K05782	7681.39	291.37	0.035301	0.005454
K05783	3032.21	0.00	0.013935	0.000000
K05784	3029.04	0.00	0.013920	0.000000
K05785	459.82	277.95	0.002113	0.005203
K05786	10122.18	373.03	0.046517	0.006983
K05787	540.32	284.28	0.002483	0.005322
K05788	5298.02	324.28	0.024348	0.006070
K05789	311.02	258.45	0.001429	0.004838
K05790	316.07	264.45	0.001453	0.004950
K05791	773.17	6.50	0.003553	0.000122
K05792	654.00	6.50	0.003006	0.000122
K05793	2.00	0.00	0.000009	0.000000
K05794	11613.94	690.75	0.053373	0.012930
K05795	2991.01	1373.50	0.013745	0.025711
K05796	519.02	324.95	0.002385	0.006083
K05797	11.67	0.00	0.000054	0.000000
K05798	320.82	266.95	0.001474	0.004997
K05799	3674.32	731.20	0.016886	0.013688
K05800	2831.78	345.95	0.013014	0.006476
K05801	1104.52	312.28	0.005076	0.005846
K05802	852.85	562.23	0.003919	0.010525
K05803	320.82	284.28	0.001474	0.005322
K05804	341.11	258.45	0.001568	0.004838
K05805	900.52	277.95	0.004138	0.005203
K05807	6698.52	360.78	0.030784	0.006754
K05808	8475.63	3604.70	0.038951	0.067478
K05809	320.82	284.28	0.001474	0.005322
K05810	11155.33	1401.20	0.051265	0.026230
K05811	316.07	258.45	0.001453	0.004838
K05812	1080.32	729.95	0.004965	0.013664
K05813	1988.06	290.29	0.009136	0.005434
K05814	1864.73	288.62	0.008570	0.005403
K05815	1959.73	288.62	0.009006	0.005403
K05816	1288.57	280.45	0.005922	0.005250
K05817	5505.39	252.20	0.025301	0.004721
K05818	422.40	252.20	0.001941	0.004721
K05819	5302.10	258.20	0.024366	0.004833
K05820	5586.71	295.28	0.025674	0.005527
K05822	1621.47	542.40	0.007452	0.010153
K05823	1372.63	2472.65	0.006308	0.046286
K05824	24.66	1.67	0.000113	0.000031
K05825	1847.25	297.67	0.008489	0.005572
K05826	136.16	1.67	0.000626	0.000031
K05827	253.66	1.67	0.001166	0.000031
K05828	116.16	1.67	0.000534	0.000031
K05829	116.16	1.67	0.000534	0.000031
K05830	116.16	1.67	0.000534	0.000031
K05831	116.16	1.67	0.000534	0.000031
K05832	4581.84	5837.55	0.021056	0.109275
K05833	4609.84	5847.30	0.021185	0.109458
K05834	3513.90	288.95	0.016148	0.005409
K05835	3268.52	270.45	0.015021	0.005063
K05836	2373.13	55.75	0.010906	0.001044
K05837	12568.64	3812.93	0.057760	0.071376
K05838	5082.35	603.78	0.023356	0.011302
K05839	316.07	258.45	0.001453	0.004838
K05841	17.33	0.00	0.000080	0.000000
K05844	2711.85	287.28	0.012463	0.005378
K05845	4392.06	297.52	0.020184	0.005569
K05846	12962.19	4693.69	0.059569	0.087863
K05847	8620.52	3933.17	0.039616	0.073626
K05851	437.32	284.28	0.002010	0.005322
K05873	842.82	463.00	0.003873	0.008667
K05874	1820.20	277.95	0.008365	0.005203
K05875	769.98	261.70	0.003539	0.004899
K05876	316.56	258.45	0.001455	0.004838
K05877	300.77	252.20	0.001382	0.004721
K05878	2956.69	598.35	0.013588	0.011201
K05879	3450.36	2776.35	0.015856	0.051971
K05880	305.03	266.20	0.001402	0.004983
K05881	874.03	267.70	0.004017	0.005011
K05882	307.67	0.00	0.001414	0.000000
K05886	461.25	0.00	0.002120	0.000000
K05887	283.23	258.45	0.001302	0.004838
K05895	2480.12	942.75	0.011398	0.017648
K05896	12913.56	3815.57	0.059345	0.071425
K05898	99.34	0.00	0.000457	0.000000
K05910	238.67	184.00	0.001097	0.003444
K05916	7879.92	1217.20	0.036213	0.022785
K05917	10.00	0.00	0.000046	0.000000
K05919	765.17	473.00	0.003516	0.008854
K05921	483.62	257.12	0.002223	0.004813
K05922	15.00	0.00	0.000069	0.000000
K05927	30.00	0.00	0.000138	0.000000
K05928	76.75	0.00	0.000353	0.000000
K05934	1237.87	929.25	0.005689	0.017395
K05936	2504.45	930.75	0.011509	0.017423
K05937	648.00	6.00	0.002978	0.000112
K05939	927.27	264.45	0.004261	0.004950
K05946	4405.59	708.07	0.020246	0.013255
K05947	22.00	0.00	0.000101	0.000000
K05952	351.09	30.50	0.001613	0.000571
K05962	172.17	0.00	0.000791	0.000000
K05964	682.97	358.70	0.003139	0.006715
K05966	851.77	358.70	0.003914	0.006715
K05967	618.83	73.00	0.002844	0.001367
K05970	2681.50	210.00	0.012323	0.003931
K05973	1690.04	32.00	0.007767	0.000599
K05979	1483.91	339.34	0.006819	0.006352
K05982	1940.18	259.95	0.008916	0.004866
K05984	316.07	258.45	0.001453	0.004838
K05985	4066.07	3512.65	0.018686	0.065755
K05986	29.00	0.00	0.000133	0.000000
K05988	14.00	0.00	0.000064	0.000000
K05989	1884.50	455.00	0.008660	0.008517
K05991	398.00	1.50	0.001829	0.000028
K05992	127.00	184.00	0.000584	0.003444
K05994	323.75	11.00	0.001488	0.000206
K05995	2641.11	295.78	0.012137	0.005537
K05996	13.00	0.00	0.000060	0.000000
K05997	316.07	258.45	0.001453	0.004838
K06001	8560.20	0.00	0.039339	0.000000
K06006	322.07	258.45	0.001480	0.004838
K06012	1406.90	606.00	0.006466	0.011344
K06013	512.17	1.50	0.002354	0.000028
K06015	864.08	333.00	0.003971	0.006234
K06016	4627.21	106.00	0.021265	0.001984
K06019	1515.73	82.00	0.006966	0.001535
K06020	284.17	0.00	0.001306	0.000000
K06023	4782.24	3487.65	0.021977	0.065287
K06024	12815.56	3815.57	0.058895	0.071425
K06033	14.00	0.00	0.000064	0.000000
K06039	463.82	312.28	0.002132	0.005846
K06041	6752.69	739.78	0.031033	0.013848
K06042	3312.45	930.75	0.015223	0.017423
K06044	2061.07	6.42	0.009472	0.000120
K06045	1093.45	3.00	0.005025	0.000056
K06048	3256.30	306.45	0.014965	0.005737
K06049	137.20	0.00	0.000631	0.000000
K06073	320.82	277.95	0.001474	0.005203
K06074	320.82	277.95	0.001474	0.005203
K06075	1681.83	303.95	0.007729	0.005690
K06076	13719.81	644.28	0.063051	0.012061
K06077	911.24	295.28	0.004188	0.005527
K06078	872.30	525.40	0.004009	0.009835
K06079	2908.24	258.45	0.013365	0.004838
K06080	320.82	277.95	0.001474	0.005203
K06113	1592.01	458.00	0.007316	0.008573
K06118	1575.25	1.50	0.007239	0.000028
K06131	12398.86	5181.20	0.056980	0.096989
K06132	7145.60	291.95	0.032838	0.005465
K06133	6047.00	738.78	0.027790	0.013829
K06134	4333.00	15.00	0.019913	0.000281
K06136	550.19	1.50	0.002528	0.000028
K06137	631.32	1.50	0.002901	0.000028
K06138	567.19	1.50	0.002607	0.000028
K06139	577.19	1.50	0.002653	0.000028
K06140	4683.32	286.95	0.021523	0.005372
K06141	320.82	258.45	0.001474	0.004838
K06142	7652.61	757.12	0.035168	0.014173
K06143	1858.53	269.45	0.008541	0.005044
K06144	316.07	258.45	0.001453	0.004838
K06145	1705.41	328.28	0.007837	0.006145
K06146	7.50	6.25	0.000034	0.000117
K06147	63078.70	29779.66	0.289884	0.557456
K06148	6342.14	6154.26	0.029146	0.115204
K06149	998.80	591.98	0.004590	0.011081
K06151	676.97	0.00	0.003111	0.000000
K06152	682.97	0.00	0.003139	0.000000
K06153	15012.66	4017.85	0.068992	0.075212
K06155	1405.44	308.45	0.006459	0.005774
K06156	505.32	269.45	0.002322	0.005044
K06157	277.50	6.25	0.001275	0.000117
K06158	14193.83	4414.77	0.065229	0.082642
K06159	599.82	274.45	0.002757	0.005138
K06160	146.20	0.00	0.000672	0.000000
K06162	1511.07	277.20	0.006944	0.005189
K06163	1265.82	277.20	0.005817	0.005189
K06164	1265.82	277.20	0.005817	0.005189
K06165	1184.82	277.20	0.005445	0.005189
K06166	1265.82	277.20	0.005817	0.005189
K06167	3273.10	396.70	0.015042	0.007426
K06168	12776.83	1607.20	0.058717	0.030086
K06169	5251.00	33.75	0.024131	0.000632
K06173	15158.50	4647.25	0.069662	0.086993
K06174	20.00	0.00	0.000092	0.000000
K06175	1732.82	292.28	0.007963	0.005471
K06176	1073.65	290.95	0.004934	0.005446
K06177	14035.93	607.03	0.064503	0.011363
K06178	14999.93	4125.85	0.068933	0.077233
K06179	6599.09	1110.28	0.030327	0.020784
K06180	24129.23	10368.49	0.110888	0.194091
K06181	5257.37	296.28	0.024161	0.005546
K06182	4991.39	1232.78	0.022938	0.023077
K06183	9718.17	6148.08	0.044661	0.115088
K06186	4147.15	289.28	0.019059	0.005415
K06187	14620.33	4125.85	0.067189	0.077233
K06188	6980.76	544.95	0.032081	0.010201
K06189	4274.15	311.28	0.019642	0.005827
K06190	4810.02	321.28	0.022105	0.006014
K06191	4194.24	3022.35	0.019275	0.056576
K06192	895.02	299.95	0.004113	0.005615
K06193	9216.52	3230.93	0.042355	0.060481
K06194	4161.15	289.28	0.019123	0.005415
K06195	3096.69	329.45	0.014231	0.006167
K06196	5144.99	501.42	0.023644	0.009386
K06197	381.57	258.45	0.001754	0.004838
K06198	2339.67	2518.65	0.010752	0.047147
K06199	15574.48	1332.95	0.071574	0.024952
K06200	6915.93	894.45	0.031783	0.016744
K06201	5318.22	3363.93	0.024440	0.062971
K06202	707.49	284.28	0.003251	0.005322
K06203	1009.85	618.78	0.004641	0.011583
K06204	6514.35	333.78	0.029937	0.006248
K06205	451.32	284.28	0.002074	0.005322
K06206	2605.77	1191.68	0.011975	0.022307
K06207	14536.43	4125.85	0.066803	0.077233
K06208	2314.58	73.00	0.010637	0.001367
K06209	2764.00	1312.00	0.012702	0.024560
K06211	527.07	269.78	0.002422	0.005050
K06212	432.82	284.28	0.001989	0.005322
K06213	11254.51	1458.48	0.051721	0.027302
K06214	842.27	267.45	0.003871	0.005006
K06215	4682.39	656.42	0.021518	0.012288
K06216	0.67	0.00	0.000003	0.000000
K06217	13854.37	3605.30	0.063669	0.067489
K06218	1748.74	16.25	0.008036	0.000304
K06219	712.32	282.95	0.003274	0.005297
K06221	2614.76	292.70	0.012016	0.005479
K06222	1748.86	277.95	0.008037	0.005203
K06223	4010.06	1696.03	0.018429	0.031749
K06257	16.00	0.00	0.000074	0.000000
K06268	8.25	0.00	0.000038	0.000000
K06281	2457.96	1564.48	0.011296	0.029286
K06282	1918.96	1090.48	0.008819	0.020413
K06283	1381.90	525.00	0.006351	0.009828
K06284	2378.73	457.00	0.010932	0.008555
K06285	582.00	5.00	0.002675	0.000094
K06286	2756.50	2523.65	0.012668	0.047241
K06287	14243.22	1744.60	0.065456	0.032658
K06288	78.00	0.00	0.000358	0.000000
K06289	78.00	0.00	0.000358	0.000000
K06290	78.00	0.00	0.000358	0.000000
K06291	78.00	0.00	0.000358	0.000000
K06292	78.00	0.00	0.000358	0.000000
K06293	78.00	0.00	0.000358	0.000000
K06294	567.00	5.00	0.002606	0.000094
K06295	1358.00	92.00	0.006241	0.001722
K06296	899.00	82.00	0.004131	0.001535
K06297	863.00	82.00	0.003966	0.001535
K06298	386.00	5.00	0.001774	0.000094
K06299	346.00	5.00	0.001590	0.000094
K06300	190.00	5.00	0.000873	0.000094
K06301	190.00	5.00	0.000873	0.000094
K06302	190.00	5.00	0.000873	0.000094
K06303	190.00	5.00	0.000873	0.000094
K06304	190.00	5.00	0.000873	0.000094
K06305	592.00	82.00	0.002721	0.001535
K06306	388.00	5.00	0.001783	0.000094
K06307	743.00	452.00	0.003415	0.008461
K06308	282.00	5.00	0.001296	0.000094
K06310	249.40	0.00	0.001146	0.000000
K06311	198.00	0.00	0.000910	0.000000
K06312	188.00	0.00	0.000864	0.000000
K06313	575.00	5.00	0.002642	0.000094
K06314	567.00	5.00	0.002606	0.000094
K06315	190.00	5.00	0.000873	0.000094
K06317	1364.67	534.00	0.006271	0.009996
K06318	371.00	5.00	0.001705	0.000094
K06319	78.00	0.00	0.000358	0.000000
K06320	541.20	0.00	0.002487	0.000000
K06321	78.00	0.00	0.000358	0.000000
K06322	78.00	0.00	0.000358	0.000000
K06324	121.00	1.50	0.000556	0.000028
K06327	268.00	5.00	0.001232	0.000094
K06328	592.00	82.00	0.002721	0.001535
K06329	14.00	0.00	0.000064	0.000000
K06330	78.00	0.00	0.000358	0.000000
K06332	293.00	5.00	0.001347	0.000094
K06333	1513.50	1126.00	0.006955	0.021078
K06334	1513.50	1126.00	0.006955	0.021078
K06335	78.00	0.00	0.000358	0.000000
K06336	119.00	0.00	0.000547	0.000000
K06338	181.00	0.00	0.000832	0.000000
K06340	78.00	0.00	0.000358	0.000000
K06341	85.00	0.00	0.000391	0.000000
K06342	92.00	0.00	0.000423	0.000000
K06343	78.00	0.00	0.000358	0.000000
K06344	274.00	0.00	0.001259	0.000000
K06345	78.00	0.00	0.000358	0.000000
K06346	6389.58	3726.82	0.029364	0.069764
K06347	629.33	5.00	0.002892	0.000094
K06348	190.00	5.00	0.000873	0.000094
K06349	949.33	5.00	0.004363	0.000094
K06350	811.50	5.00	0.003729	0.000094
K06351	616.00	5.00	0.002831	0.000094
K06359	312.00	0.00	0.001434	0.000000
K06362	234.00	0.00	0.001075	0.000000
K06366	78.00	0.00	0.000358	0.000000
K06368	78.00	0.00	0.000358	0.000000
K06369	78.00	0.00	0.000358	0.000000
K06370	567.00	5.00	0.002606	0.000094
K06371	186.00	0.00	0.000855	0.000000
K06372	78.00	0.00	0.000358	0.000000
K06373	1217.90	939.00	0.005597	0.017577
K06374	1217.90	606.00	0.005597	0.011344
K06375	414.33	5.00	0.001904	0.000094
K06376	78.00	0.00	0.000358	0.000000
K06377	1098.07	6.67	0.005046	0.000125
K06378	1460.90	607.50	0.006714	0.011372
K06379	1406.90	606.00	0.006466	0.011344
K06380	266.00	0.00	0.001222	0.000000
K06381	2703.98	987.67	0.012426	0.018489
K06382	1381.90	525.00	0.006351	0.009828
K06383	1381.90	525.00	0.006351	0.009828
K06384	1416.90	525.00	0.006511	0.009828
K06385	1381.90	525.00	0.006351	0.009828
K06386	592.00	82.00	0.002721	0.001535
K06387	1406.90	602.00	0.006466	0.011269
K06388	78.00	0.00	0.000358	0.000000
K06389	78.00	0.00	0.000358	0.000000
K06390	1192.90	525.00	0.005482	0.009828
K06391	1192.90	525.00	0.005482	0.009828
K06392	1381.90	525.00	0.006351	0.009828
K06393	1192.90	525.00	0.005482	0.009828
K06394	1381.90	525.00	0.006351	0.009828
K06395	1192.90	525.00	0.005482	0.009828
K06396	1381.90	525.00	0.006351	0.009828
K06397	1381.90	525.00	0.006351	0.009828
K06398	1406.90	606.00	0.006466	0.011344
K06399	1427.90	674.00	0.006562	0.012617
K06400	876.47	532.40	0.004028	0.009966
K06401	378.00	5.00	0.001737	0.000094
K06402	1322.40	461.00	0.006077	0.008630
K06403	386.00	5.00	0.001774	0.000094
K06404	386.00	5.00	0.001774	0.000094
K06405	1755.90	606.00	0.008069	0.011344
K06406	1867.90	611.00	0.008584	0.011438
K06407	1945.90	611.00	0.008943	0.011438
K06408	1044.50	602.00	0.004800	0.011269
K06409	3905.20	2124.00	0.017947	0.039760
K06410	612.40	82.00	0.002814	0.001535
K06411	587.40	5.00	0.002699	0.000094
K06412	2325.90	939.00	0.010689	0.017577
K06413	378.00	5.00	0.001737	0.000094
K06415	1525.50	457.00	0.007011	0.008555
K06416	1590.29	615.67	0.007308	0.011525
K06417	378.00	5.00	0.001737	0.000094
K06418	78.00	0.00	0.000358	0.000000
K06419	209.00	0.00	0.000960	0.000000
K06421	190.00	5.00	0.000873	0.000094
K06422	386.00	5.00	0.001774	0.000094
K06423	567.00	5.00	0.002606	0.000094
K06425	308.00	5.00	0.001415	0.000094
K06426	592.00	82.00	0.002721	0.001535
K06427	78.00	0.00	0.000358	0.000000
K06428	190.00	5.00	0.000873	0.000094
K06430	78.00	0.00	0.000358	0.000000
K06431	190.00	5.00	0.000873	0.000094
K06432	190.00	5.00	0.000873	0.000094
K06433	378.00	5.00	0.001737	0.000094
K06434	733.00	5.00	0.003369	0.000094
K06436	1184.90	525.00	0.005445	0.009828
K06437	78.00	0.00	0.000358	0.000000
K06438	1381.90	525.00	0.006351	0.009828
K06439	28.00	0.00	0.000129	0.000000
K06440	28.00	0.00	0.000129	0.000000
K06442	8609.35	3773.40	0.039565	0.070636
K06443	849.50	23.92	0.003904	0.000448
K06445	4033.65	282.95	0.018537	0.005297
K06446	410.07	7.67	0.001885	0.000144
K06447	1467.70	287.95	0.006745	0.005390
K06518	6111.11	3497.45	0.028084	0.065470
K06595	505.66	5.00	0.002324	0.000094
K06596	5138.50	5.00	0.023614	0.000094
K06597	541.50	0.00	0.002489	0.000000
K06598	403.50	0.00	0.001854	0.000000
K06599	19.50	0.00	0.000090	0.000000
K06600	19.50	0.00	0.000090	0.000000
K06601	1242.40	28.00	0.005710	0.000524
K06602	993.40	28.00	0.004565	0.000524
K06603	1838.75	22.00	0.008450	0.000412
K06605	125.30	0.00	0.000576	0.000000
K06606	103.30	3.25	0.000475	0.000061
K06608	78.00	0.00	0.000358	0.000000
K06609	394.00	0.00	0.001811	0.000000
K06610	182.00	0.00	0.000836	0.000000
K06714	595.00	8.25	0.002734	0.000154
K06718	332.67	0.00	0.001529	0.000000
K06720	332.67	0.00	0.001529	0.000000
K06726	2708.22	923.93	0.012446	0.017295
K06857	515.12	11.00	0.002367	0.000206
K06858	451.32	277.95	0.002074	0.005203
K06859	70.08	0.00	0.000322	0.000000
K06860	1352.25	27.25	0.006214	0.000510
K06861	7733.60	745.45	0.035540	0.013954
K06864	2327.08	578.00	0.010694	0.010820
K06865	20.00	0.00	0.000092	0.000000
K06866	320.82	284.28	0.001474	0.005322
K06867	7373.30	824.44	0.033885	0.015433
K06869	40.00	0.00	0.000184	0.000000
K06871	4174.76	2207.68	0.019185	0.041326
K06872	9376.77	924.43	0.043092	0.017305
K06873	790.08	0.00	0.003631	0.000000
K06875	20.00	0.00	0.000092	0.000000
K06876	3498.91	19.50	0.016080	0.000365
K06877	2334.57	45.42	0.010729	0.000850
K06878	6032.34	2835.85	0.027722	0.053085
K06879	4124.15	289.28	0.018953	0.005415
K06880	111.50	0.00	0.000512	0.000000
K06881	7151.56	4034.32	0.032866	0.075520
K06882	15.00	0.00	0.000069	0.000000
K06883	1932.24	1.67	0.008880	0.000031
K06884	1727.46	519.90	0.007939	0.009732
K06885	4794.17	2721.65	0.022032	0.050948
K06886	6210.87	82.26	0.028543	0.001540
K06887	274.40	255.20	0.001261	0.004777
K06888	3731.57	131.92	0.017149	0.002469
K06889	17481.00	5818.91	0.080335	0.108926
K06890	6994.51	3773.30	0.032144	0.070634
K06891	10736.01	841.20	0.049338	0.015747
K06893	863.84	13.00	0.003970	0.000243
K06894	2930.50	555.65	0.013467	0.010401
K06895	6903.98	725.03	0.031728	0.013572
K06896	1940.70	3026.25	0.008919	0.056649
K06897	315.45	14.25	0.001450	0.000267
K06898	1625.25	578.00	0.007469	0.010820
K06899	540.32	284.28	0.002483	0.005322
K06900	35.88	0.00	0.000165	0.000000
K06901	16162.03	5625.43	0.074274	0.105304
K06902	4865.16	635.25	0.022358	0.011891
K06903	492.82	24.00	0.002265	0.000449
K06904	1913.23	967.00	0.008792	0.018102
K06905	374.07	12.50	0.001719	0.000234
K06906	366.57	9.25	0.001685	0.000173
K06907	721.65	25.50	0.003316	0.000477
K06908	372.74	12.50	0.001713	0.000234
K06909	465.00	0.00	0.002137	0.000000
K06910	5391.00	790.65	0.024775	0.014800
K06911	23997.37	858.81	0.110282	0.016076
K06912	132.00	0.00	0.000607	0.000000
K06915	12374.48	360.70	0.056868	0.006752
K06916	6452.35	322.12	0.029652	0.006030
K06917	2240.56	692.45	0.010297	0.012962
K06918	1029.02	306.28	0.004729	0.005733
K06919	1124.56	264.95	0.005168	0.004960
K06920	8064.60	1177.28	0.037062	0.022038
K06921	232.34	12.50	0.001068	0.000234
K06923	4778.15	489.00	0.021958	0.009154
K06925	14148.13	4110.60	0.065019	0.076948
K06926	117.29	0.00	0.000539	0.000000
K06929	3720.63	2579.70	0.017098	0.048290
K06930	200.00	0.00	0.000919	0.000000
K06932	20.00	0.00	0.000092	0.000000
K06934	1139.07	258.45	0.005235	0.004838
K06936	20.00	0.00	0.000092	0.000000
K06937	436.50	0.00	0.002006	0.000000
K06938	5309.53	310.95	0.024400	0.005821
K06940	6797.52	2675.12	0.031239	0.050076
K06941	14469.50	3930.85	0.066496	0.073583
K06942	14640.33	4125.85	0.067281	0.077233
K06943	20.00	0.00	0.000092	0.000000
K06944	20.00	0.00	0.000092	0.000000
K06945	1271.82	6.00	0.005845	0.000112
K06946	601.87	510.40	0.002766	0.009554
K06948	3056.50	2945.65	0.014046	0.055141
K06949	14796.14	4353.35	0.067997	0.081492
K06950	9864.44	6344.58	0.045333	0.118766
K06951	7.33	1.67	0.000034	0.000031
K06952	1405.72	286.20	0.006460	0.005357
K06953	1367.87	32.00	0.006286	0.000599
K06954	3383.37	22.00	0.015549	0.000412
K06955	475.24	5.00	0.002184	0.000094
K06956	4022.27	1116.93	0.018485	0.020908
K06957	443.82	284.28	0.002040	0.005322
K06958	11397.05	4077.35	0.052376	0.076325
K06959	11187.50	3881.18	0.051413	0.072653
K06960	7186.58	3726.82	0.033027	0.069764
K06961	20.00	0.00	0.000092	0.000000
K06962	4329.82	3091.65	0.019898	0.057874
K06965	20.00	0.00	0.000092	0.000000
K06966	18319.53	980.43	0.084189	0.018353
K06967	4073.40	3181.32	0.018720	0.059552
K06968	1083.99	284.28	0.004982	0.005322
K06969	7010.64	3629.44	0.032218	0.067941
K06970	1633.61	280.95	0.007507	0.005259
K06971	273.25	3.25	0.001256	0.000061
K06972	3449.56	65.67	0.015853	0.001229
K06973	4472.10	785.57	0.020552	0.014705
K06974	62.00	6.00	0.000285	0.000112
K06975	15236.77	1046.85	0.070022	0.019596
K06976	1793.41	152.50	0.008242	0.002855
K06977	362.00	0.00	0.001664	0.000000
K06978	4046.55	10.00	0.018596	0.000187
K06979	190.50	0.00	0.000875	0.000000
K06980	7653.93	355.70	0.035174	0.006658
K06981	37.33	0.00	0.000172	0.000000
K06982	20.00	0.00	0.000092	0.000000
K06983	258.00	0.00	0.001186	0.000000
K06984	20.00	1.50	0.000092	0.000028
K06985	1714.79	51.50	0.007880	0.000964
K06986	422.01	12.00	0.001939	0.000225
K06987	903.34	3.00	0.004151	0.000056
K06988	2073.10	113.75	0.009527	0.002129
K06989	1072.04	0.00	0.004927	0.000000
K06990	199.50	76.00	0.000917	0.001423
K06991	1251.67	4.00	0.005752	0.000075
K06992	3511.50	4.00	0.016137	0.000075
K06994	6068.97	136.17	0.027890	0.002549
K06995	4418.90	15.75	0.020307	0.000295
K06996	4565.99	93.25	0.020983	0.001746
K06997	15034.93	3933.85	0.069094	0.073639
K06998	629.49	3.00	0.002893	0.000056
K06999	7987.27	700.10	0.036706	0.013105
K07000	5174.72	560.90	0.023781	0.010500
K07001	21596.80	3869.05	0.099250	0.072426
K07002	8121.52	38.17	0.037323	0.000715
K07003	2101.74	910.00	0.009659	0.017035
K07004	4067.94	14.17	0.018695	0.000265
K07005	1410.42	154.42	0.006482	0.002891
K07006	4171.29	167.00	0.019170	0.003126
K07007	16982.84	4698.43	0.078046	0.087952
K07008	5627.75	315.78	0.025863	0.005911
K07009	4676.31	3218.40	0.021490	0.060246
K07010	6422.84	6479.40	0.029517	0.121290
K07011	4935.48	989.90	0.022681	0.018530
K07012	5656.37	718.12	0.025994	0.013443
K07013	9.67	0.00	0.000044	0.000000
K07014	524.82	284.28	0.002412	0.005322
K07015	3877.83	2615.32	0.017821	0.048957
K07016	28.33	0.00	0.000130	0.000000
K07017	4641.46	52.08	0.021330	0.000975
K07018	5097.53	37.00	0.023426	0.000693
K07019	5268.23	285.95	0.024211	0.005353
K07020	742.58	22.50	0.003413	0.000421
K07023	2764.30	148.40	0.012704	0.002778
K07024	39611.15	32878.65	0.182037	0.615467
K07025	23660.28	10239.59	0.108733	0.191678
K07026	2768.52	258.45	0.012723	0.004838
K07027	7274.50	1115.93	0.033431	0.020889
K07028	353.25	7.67	0.001623	0.000144
K07029	4294.00	2615.90	0.019733	0.048968
K07030	5045.66	3512.07	0.023188	0.065744
K07031	155.66	0.00	0.000715	0.000000
K07032	4736.01	22.40	0.021765	0.000419
K07033	21.07	0.00	0.000097	0.000000
K07034	1592.32	803.95	0.007318	0.015049
K07035	3330.76	1295.80	0.015307	0.024257
K07037	3247.48	911.40	0.014924	0.017061
K07038	5297.34	1333.40	0.024344	0.024960
K07039	4088.94	263.45	0.018791	0.004932
K07040	12214.29	4090.85	0.056132	0.076578
K07041	20.00	0.00	0.000092	0.000000
K07042	13160.83	4086.35	0.060482	0.076494
K07043	9442.67	1435.23	0.043395	0.026867
K07044	19088.87	5.50	0.087725	0.000103
K07045	2565.66	18.50	0.011791	0.000346
K07046	780.33	6.00	0.003586	0.000112
K07047	8837.84	630.57	0.040615	0.011804
K07048	1390.71	515.15	0.006391	0.009643
K07049	20.00	0.00	0.000092	0.000000
K07050	354.33	0.00	0.001628	0.000000
K07051	126.58	0.00	0.000582	0.000000
K07052	20419.95	10907.45	0.093842	0.204180
K07053	12679.39	4066.95	0.058269	0.076131
K07054	7348.71	352.37	0.033772	0.006596
K07056	16147.00	4128.85	0.074205	0.077289
K07057	14.00	0.00	0.000064	0.000000
K07058	18426.75	4110.88	0.084682	0.076953
K07059	20.00	0.00	0.000092	0.000000
K07060	20.00	0.00	0.000092	0.000000
K07061	29.33	0.00	0.000135	0.000000
K07062	4040.58	47.50	0.018569	0.000889
K07063	16.50	0.00	0.000076	0.000000
K07064	341.20	0.00	0.001568	0.000000
K07065	766.08	0.00	0.003521	0.000000
K07066	46.42	0.00	0.000213	0.000000
K07067	2328.83	875.50	0.010702	0.016389
K07068	896.68	13.50	0.004121	0.000253
K07069	87.00	478.00	0.000400	0.008948
K07070	3666.98	282.95	0.016852	0.005297
K07071	7753.72	369.53	0.035633	0.006917
K07074	2092.31	258.70	0.009615	0.004843
K07075	2278.52	22.92	0.010471	0.000429
K07076	392.00	0.00	0.001801	0.000000
K07077	1047.33	18.42	0.004813	0.000345
K07078	4507.24	210.65	0.020713	0.003943
K07079	1244.00	524.00	0.005717	0.009809
K07080	2201.08	42.17	0.010115	0.000789
K07082	13779.08	4114.85	0.063323	0.077027
K07084	4675.74	487.00	0.021488	0.009116
K07085	1955.97	898.73	0.008989	0.016824
K07086	241.42	11.00	0.001109	0.000206
K07088	22340.25	5342.10	0.102667	0.100001
K07089	5432.03	3894.38	0.024963	0.072900
K07090	42889.54	2650.69	0.197103	0.049619
K07091	7082.58	953.65	0.032549	0.017852
K07092	36.00	0.00	0.000165	0.000000
K07093	6759.43	44.00	0.031064	0.000824
K07094	1575.33	8.00	0.007240	0.000150
K07095	7441.39	4843.10	0.034198	0.090660
K07097	14.00	0.00	0.000064	0.000000
K07098	12456.55	2191.57	0.057245	0.041025
K07099	1034.23	568.67	0.004753	0.010645
K07100	248.42	0.00	0.001142	0.000000
K07101	2541.42	28.75	0.011679	0.000538
K07102	4959.95	48.00	0.022794	0.000899
K07103	20.00	0.00	0.000092	0.000000
K07104	4098.36	2352.32	0.018834	0.044034
K07105	2544.00	3240.65	0.011691	0.060663
K07106	5645.89	988.35	0.025946	0.018501
K07107	29267.09	1276.44	0.134499	0.023894
K07108	20.00	0.00	0.000092	0.000000
K07109	614.22	527.98	0.002823	0.009883
K07110	2671.17	71.00	0.012276	0.001329
K07112	21737.20	1581.57	0.099895	0.029606
K07113	4957.61	345.03	0.022783	0.006459
K07114	11321.36	1484.51	0.052028	0.027789
K07115	5133.35	317.28	0.023591	0.005939
K07116	558.42	0.00	0.002566	0.000000
K07117	1053.17	5.00	0.004840	0.000094
K07118	3892.88	2438.65	0.017890	0.045650
K07119	7151.90	297.70	0.032867	0.005573
K07120	2565.85	672.95	0.011792	0.012597
K07121	3859.66	284.28	0.017737	0.005322
K07122	3930.95	284.28	0.018065	0.005322
K07123	64.87	0.00	0.000298	0.000000
K07124	9409.05	3535.40	0.043240	0.066180
K07126	9595.02	948.18	0.044095	0.017749
K07127	5508.55	303.87	0.025315	0.005688
K07128	60.40	0.00	0.000278	0.000000
K07129	20.00	0.00	0.000092	0.000000
K07130	639.56	6.67	0.002939	0.000125
K07131	1240.13	15.84	0.005699	0.000297
K07132	110.34	0.00	0.000507	0.000000
K07133	5073.70	977.00	0.023317	0.018289
K07136	1108.94	283.95	0.005096	0.005315
K07137	3467.01	1420.00	0.015933	0.026581
K07138	320.50	94.00	0.001473	0.001760
K07139	4295.56	3630.43	0.019741	0.067959
K07140	2737.97	329.03	0.012583	0.006159
K07141	2996.51	844.87	0.013771	0.015815
K07142	20.00	0.00	0.000092	0.000000
K07145	1322.83	0.00	0.006079	0.000000
K07146	10186.15	2713.35	0.046811	0.050792
K07147	2094.65	301.95	0.009626	0.005652
K07148	3145.40	275.12	0.014455	0.005150
K07149	1479.26	574.67	0.006798	0.010757
K07150	3693.77	3773.77	0.016975	0.070643
K07151	20.00	0.00	0.000092	0.000000
K07152	6790.35	92.34	0.031206	0.001729
K07153	3704.98	284.28	0.017027	0.005322
K07154	4099.25	326.78	0.018838	0.006117
K07155	78.00	0.00	0.000358	0.000000
K07156	6382.77	300.37	0.029333	0.005623
K07157	2075.03	65.67	0.009536	0.001229
K07158	20.00	0.00	0.000092	0.000000
K07159	20.00	0.00	0.000092	0.000000
K07160	5105.13	418.20	0.023461	0.007828
K07161	800.16	14.17	0.003677	0.000265
K07162	8.00	0.00	0.000037	0.000000
K07163	20.00	0.00	0.000092	0.000000
K07164	2790.66	88.92	0.012825	0.001665
K07165	4838.39	38.00	0.022235	0.000711
K07166	3091.70	3268.50	0.014208	0.061184
K07167	838.75	41.50	0.003855	0.000777
K07168	3805.46	43.00	0.017488	0.000805
K07169	11.29	0.00	0.000052	0.000000
K07171	7064.66	2003.07	0.032466	0.037496
K07172	537.32	255.20	0.002469	0.004777
K07173	5847.82	3541.60	0.026874	0.066296
K07175	2543.08	390.25	0.011687	0.007305
K07177	4130.83	2760.90	0.018984	0.051682
K07178	718.71	22.67	0.003303	0.000424
K07179	20.00	0.00	0.000092	0.000000
K07180	2488.69	734.95	0.011437	0.013758
K07181	1609.76	19.50	0.007398	0.000365
K07182	1507.91	79.75	0.006930	0.001493
K07183	7191.86	721.50	0.033051	0.013506
K07184	541.32	284.28	0.002488	0.005322
K07186	320.82	284.28	0.001474	0.005322
K07190	59.75	0.00	0.000275	0.000000
K07192	2085.46	184.07	0.009584	0.003446
K07213	10072.05	605.92	0.046287	0.011342
K07214	1130.90	789.02	0.005197	0.014770
K07215	918.67	0.00	0.004222	0.000000
K07216	3541.16	68.00	0.016274	0.001273
K07217	2835.23	987.92	0.013030	0.018493
K07218	368.00	0.00	0.001691	0.000000
K07219	916.70	785.00	0.004213	0.014695
K07220	5750.95	238.67	0.026429	0.004468
K07221	1890.04	22.00	0.008686	0.000412
K07222	1630.54	42.50	0.007493	0.000796
K07223	4639.68	294.70	0.021322	0.005517
K07224	1520.40	270.45	0.006987	0.005063
K07225	739.67	25.00	0.003399	0.000468
K07226	894.43	39.00	0.004110	0.000730
K07227	108.08	20.00	0.000497	0.000374
K07228	914.99	1.67	0.004205	0.000031
K07229	308.27	258.45	0.001417	0.004838
K07230	805.00	203.00	0.003699	0.003800
K07231	459.50	22.00	0.002112	0.000412
K07232	1229.27	283.20	0.005649	0.005301
K07233	7557.80	15.00	0.034733	0.000281
K07234	1150.75	33.00	0.005288	0.000618
K07235	3707.98	325.78	0.017040	0.006098
K07236	734.32	320.78	0.003375	0.006005
K07237	684.32	320.78	0.003145	0.006005
K07238	8678.15	4535.10	0.039881	0.084894
K07239	224.40	0.00	0.001031	0.000000
K07240	16804.18	2856.84	0.077225	0.053478
K07241	618.54	7.92	0.002843	0.000148
K07242	47.75	0.00	0.000219	0.000000
K07243	3687.19	485.20	0.016945	0.009083
K07244	40.00	0.00	0.000184	0.000000
K07245	6593.44	301.87	0.030301	0.005651
K07246	2233.89	252.20	0.010266	0.004721
K07248	446.77	255.20	0.002053	0.004777
K07250	2071.64	763.45	0.009520	0.014291
K07251	320.82	277.95	0.001474	0.005203
K07254	20.00	0.00	0.000092	0.000000
K07255	21.00	0.00	0.000097	0.000000
K07256	21.00	0.00	0.000097	0.000000
K07257	153.50	6.00	0.000705	0.000112
K07258	14891.55	4509.08	0.068435	0.084407
K07259	7221.99	922.70	0.033189	0.017272
K07260	5976.75	5104.65	0.027467	0.095556
K07261	929.02	306.28	0.004269	0.005733
K07262	4120.24	300.28	0.018935	0.005621
K07263	14734.40	371.70	0.067713	0.006958
K07264	320.82	269.45	0.001474	0.005044
K07265	867.87	22.00	0.003988	0.000412
K07266	867.87	22.00	0.003988	0.000412
K07267	2265.87	6.00	0.010413	0.000112
K07268	0.00	6.00	0.000000	0.000112
K07269	320.82	277.95	0.001474	0.005203
K07270	4033.38	23.00	0.018536	0.000431
K07271	427.67	196.25	0.001965	0.003674
K07272	442.50	2202.00	0.002034	0.041220
K07273	6418.43	2504.70	0.029496	0.046886
K07274	1007.26	857.15	0.004629	0.016045
K07275	6301.22	295.28	0.028958	0.005527
K07276	935.60	6.00	0.004300	0.000112
K07277	7913.27	743.78	0.036366	0.013923
K07278	5277.02	321.28	0.024251	0.006014
K07279	275.73	255.20	0.001267	0.004777
K07280	9.00	0.00	0.000041	0.000000
K07282	3852.86	2483.92	0.017706	0.046497
K07283	873.74	262.45	0.004015	0.004913
K07284	8670.52	6360.05	0.039846	0.119056
K07285	883.55	533.15	0.004060	0.009980
K07286	529.32	284.28	0.002433	0.005322
K07287	850.49	277.95	0.003909	0.005203
K07288	15.00	0.00	0.000069	0.000000
K07289	1528.52	283.95	0.007024	0.005315
K07290	1332.94	264.45	0.006126	0.004950
K07300	3550.73	738.12	0.016318	0.013817
K07301	3804.14	1506.45	0.017482	0.028200
K07302	2196.45	39.50	0.010094	0.000739
K07303	2322.62	39.50	0.010674	0.000739
K07304	15001.23	830.85	0.068939	0.015553
K07305	12880.97	735.85	0.059196	0.013775
K07306	378.56	264.95	0.001740	0.004960
K07307	656.83	520.40	0.003019	0.009742
K07308	348.56	270.95	0.001602	0.005072
K07309	308.27	258.45	0.001417	0.004838
K07310	283.23	255.45	0.001302	0.004782
K07312	308.27	255.45	0.001417	0.004782
K07313	3865.81	475.60	0.017766	0.008903
K07314	283.23	258.45	0.001302	0.004838
K07315	3567.08	360.00	0.016393	0.006739
K07316	1609.92	355.25	0.007399	0.006650
K07317	54.50	333.00	0.000250	0.006234
K07318	3226.66	0.00	0.014828	0.000000
K07319	283.23	258.45	0.001302	0.004838
K07320	4275.15	289.28	0.019647	0.005415
K07321	171.50	137.50	0.000788	0.002574
K07322	2180.58	295.45	0.010021	0.005531
K07323	4377.15	306.28	0.020116	0.005733
K07326	331.00	0.00	0.001521	0.000000
K07332	20.00	0.00	0.000092	0.000000
K07333	20.00	0.00	0.000092	0.000000
K07334	757.75	58.08	0.003482	0.001087
K07335	8541.39	5979.49	0.039253	0.111932
K07336	4482.15	265.20	0.020598	0.004964
K07337	349.82	277.95	0.001608	0.005203
K07338	336.50	0.00	0.001546	0.000000
K07339	89.33	15.25	0.000411	0.000285
K07340	4672.98	300.95	0.021475	0.005634
K07341	2001.78	185.33	0.009199	0.003469
K07342	20.00	0.00	0.000092	0.000000
K07343	1112.07	307.28	0.005111	0.005752
K07344	850.04	6.00	0.003906	0.000112
K07345	2299.65	1280.00	0.010568	0.023961
K07346	6745.04	1021.30	0.030997	0.019118
K07347	9176.39	2569.25	0.042171	0.048095
K07348	584.00	510.65	0.002684	0.009559
K07349	316.86	255.20	0.001456	0.004777
K07350	308.27	258.45	0.001417	0.004838
K07351	316.56	258.45	0.001455	0.004838
K07354	274.40	252.20	0.001261	0.004721
K07355	274.40	252.20	0.001261	0.004721
K07356	274.40	252.20	0.001261	0.004721
K07357	291.19	258.20	0.001338	0.004833
K07358	282.06	255.20	0.001296	0.004777
K07374	13.00	0.00	0.000060	0.000000
K07386	7720.55	2669.50	0.035480	0.049971
K07387	924.30	541.90	0.004248	0.010144
K07390	6214.77	321.28	0.028561	0.006014
K07391	12432.17	1517.20	0.057133	0.028401
K07393	2839.02	350.20	0.013047	0.006556
K07394	3835.91	27.50	0.017628	0.000515
K07395	4999.70	31.00	0.022977	0.000580
K07396	572.55	21.50	0.002631	0.000402
K07397	8923.01	362.20	0.041006	0.006780
K07398	20.00	0.00	0.000092	0.000000
K07399	3404.08	37.75	0.015644	0.000707
K07400	3851.98	289.28	0.017702	0.005415
K07401	1085.28	11.00	0.004987	0.000206
K07402	6745.09	2442.82	0.030998	0.045728
K07403	1550.67	52.00	0.007126	0.000973
K07404	3462.99	2802.85	0.015914	0.052468
K07405	76.50	0.00	0.000352	0.000000
K07406	962.98	258.45	0.004425	0.004838
K07407	6518.95	4840.82	0.029958	0.090617
K07442	2158.83	235.75	0.009921	0.004413
K07443	7711.81	971.45	0.035440	0.018185
K07444	5601.51	3482.65	0.025742	0.065193
K07445	167.00	36.83	0.000767	0.000689
K07446	20.00	0.00	0.000092	0.000000
K07447	14620.33	4125.85	0.067189	0.077233
K07448	2167.42	309.28	0.009961	0.005790
K07451	877.14	724.20	0.004031	0.013557
K07452	2589.25	21.00	0.011899	0.000393
K07453	28.00	0.00	0.000129	0.000000
K07454	378.20	258.45	0.001738	0.004838
K07455	374.00	0.00	0.001719	0.000000
K07456	6438.48	3556.82	0.029589	0.066581
K07457	1145.53	216.00	0.005264	0.004043
K07458	2308.35	505.78	0.010608	0.009468
K07459	541.07	659.45	0.002487	0.012344
K07460	11759.83	1517.20	0.054043	0.028401
K07461	8823.66	3846.43	0.040550	0.072003
K07462	12871.25	4223.10	0.059151	0.079054
K07463	40.00	0.00	0.000184	0.000000
K07464	786.14	119.00	0.003613	0.002228
K07465	626.50	28.75	0.002879	0.000538
K07466	60.00	0.00	0.000276	0.000000
K07467	298.20	1.40	0.001370	0.000026
K07469	30.50	0.00	0.000140	0.000000
K07470	316.07	258.45	0.001453	0.004838
K07471	1.33	3.00	0.000006	0.000056
K07473	2101.59	1010.20	0.009658	0.018910
K07474	1458.67	119.65	0.006703	0.002240
K07476	1312.00	5.00	0.006029	0.000094
K07477	100.83	0.00	0.000463	0.000000
K07478	14527.50	4131.85	0.066762	0.077346
K07479	320.82	284.28	0.001474	0.005322
K07480	2262.38	2017.60	0.010397	0.037768
K07481	448.36	22.00	0.002060	0.000412
K07482	452.00	452.00	0.002077	0.008461
K07483	22124.92	3914.42	0.101677	0.073275
K07484	3222.31	1961.20	0.014808	0.036712
K07485	82.50	0.00	0.000379	0.000000
K07486	1013.10	25.00	0.004656	0.000468
K07487	343.42	0.00	0.001578	0.000000
K07488	156.00	0.00	0.000717	0.000000
K07490	316.07	258.45	0.001453	0.004838
K07491	5076.10	1551.45	0.023328	0.029042
K07492	240.87	3.17	0.001107	0.000059
K07493	7246.20	6.00	0.033301	0.000112
K07494	162.99	1.67	0.000749	0.000031
K07495	587.21	507.40	0.002699	0.009498
K07496	8542.04	2718.87	0.039256	0.050895
K07497	36442.97	2955.38	0.167477	0.055323
K07498	1667.48	2.90	0.007663	0.000054
K07499	130.50	0.00	0.000600	0.000000
K07501	3921.66	8.00	0.018022	0.000150
K07502	757.66	5.00	0.003482	0.000094
K07503	2180.16	237.42	0.010019	0.004444
K07504	731.92	18.25	0.003364	0.000342
K07505	144.00	0.00	0.000662	0.000000
K07506	1528.39	11.00	0.007024	0.000206
K07507	8660.56	1920.27	0.039800	0.035946
K07508	3.00	0.00	0.000014	0.000000
K07516	3739.50	45.34	0.017185	0.000849
K07518	119.00	0.00	0.000547	0.000000
K07533	4348.47	3056.65	0.019984	0.057218
K07535	144.00	0.00	0.000662	0.000000
K07544	12.00	0.00	0.000055	0.000000
K07552	10090.61	490.03	0.046372	0.009173
K07557	20.00	0.00	0.000092	0.000000
K07558	20.00	0.00	0.000092	0.000000
K07559	684.56	258.37	0.003146	0.004837
K07560	13440.81	4115.85	0.061768	0.077046
K07561	20.00	0.00	0.000092	0.000000
K07562	20.00	0.00	0.000092	0.000000
K07566	12504.83	3890.10	0.057467	0.072820
K07568	12208.00	3882.10	0.056103	0.072670
K07569	20.00	0.00	0.000092	0.000000
K07570	1681.50	2597.65	0.007727	0.048626
K07571	3271.90	808.07	0.015036	0.015127
K07572	20.00	0.00	0.000092	0.000000
K07574	8412.98	3993.93	0.038663	0.074764
K07575	20.00	0.00	0.000092	0.000000
K07576	2016.25	4.67	0.009266	0.000087
K07577	2841.37	32.00	0.013058	0.000599
K07579	20.00	0.00	0.000092	0.000000
K07580	20.00	0.00	0.000092	0.000000
K07581	20.00	0.00	0.000092	0.000000
K07583	20.00	0.00	0.000092	0.000000
K07584	3881.07	3499.65	0.017836	0.065511
K07586	2752.83	2597.65	0.012651	0.048626
K07588	3221.75	485.54	0.014806	0.009089
K07589	464.07	255.20	0.002133	0.004777
K07590	1900.33	504.00	0.008733	0.009435
K07592	308.27	258.45	0.001417	0.004838
K07636	13187.50	1676.43	0.060604	0.031382
K07637	741.32	277.95	0.003407	0.005203
K07638	4707.35	310.95	0.021633	0.005821
K07639	3768.98	282.95	0.017321	0.005297
K07640	340.82	284.28	0.001566	0.005322
K07641	1103.03	269.45	0.005069	0.005044
K07642	3774.55	270.12	0.017346	0.005056
K07643	316.07	258.45	0.001453	0.004838
K07644	4418.86	263.45	0.020307	0.004932
K07645	7225.55	280.78	0.033206	0.005256
K07646	5945.14	368.12	0.027321	0.006891
K07647	289.31	258.45	0.001330	0.004838
K07648	320.82	284.28	0.001474	0.005322
K07649	2145.55	3.25	0.009860	0.000061
K07650	134.33	8.00	0.000617	0.000150
K07651	1486.13	6.40	0.006830	0.000120
K07652	2940.50	2523.65	0.013513	0.047241
K07653	452.50	16.50	0.002080	0.000309
K07654	1548.66	35.75	0.007117	0.000669
K07657	6648.78	319.28	0.030555	0.005977
K07658	6387.06	1314.40	0.029352	0.024605
K07659	4800.52	310.95	0.022061	0.005821
K07660	742.32	277.95	0.003411	0.005203
K07661	3769.98	282.95	0.017325	0.005297
K07662	533.24	273.28	0.002451	0.005116
K07663	1074.03	269.45	0.004936	0.005044
K07664	3655.90	266.95	0.016801	0.004997
K07665	4458.07	263.20	0.020487	0.004927
K07666	4271.77	280.78	0.019631	0.005256
K07667	3952.22	360.45	0.018163	0.006747
K07668	2988.17	2523.65	0.013732	0.047241
K07669	839.00	28.75	0.003856	0.000538
K07670	2117.99	32.75	0.009733	0.000613
K07671	13.00	1.50	0.000060	0.000028
K07672	9.67	0.00	0.000044	0.000000
K07673	728.07	258.45	0.003346	0.004838
K07674	516.82	275.78	0.002375	0.005162
K07675	840.53	277.95	0.003863	0.005203
K07676	316.07	258.45	0.001453	0.004838
K07677	344.07	258.45	0.001581	0.004838
K07678	3598.18	282.95	0.016536	0.005297
K07679	756.11	266.20	0.003475	0.004983
K07680	78.00	0.00	0.000358	0.000000
K07681	614.00	0.00	0.002822	0.000000
K07683	970.00	0.00	0.004458	0.000000
K07684	1141.94	326.45	0.005248	0.006111
K07685	304.45	275.78	0.001399	0.005162
K07686	345.86	277.95	0.001589	0.005203
K07687	765.86	266.95	0.003520	0.004997
K07688	314.74	255.45	0.001446	0.004782
K07689	443.02	277.95	0.002036	0.005203
K07690	334.23	266.20	0.001536	0.004983
K07691	257.00	0.00	0.001181	0.000000
K07692	620.00	5.00	0.002849	0.000094
K07693	3093.66	33.42	0.014217	0.000626
K07694	425.00	0.00	0.001953	0.000000
K07695	7.00	0.00	0.000032	0.000000
K07696	983.00	0.00	0.004517	0.000000
K07697	633.00	10.00	0.002909	0.000187
K07698	78.00	0.00	0.000358	0.000000
K07699	1531.23	614.00	0.007037	0.011494
K07700	323.57	261.70	0.001487	0.004899
K07701	318.07	258.45	0.001462	0.004838
K07702	323.57	261.70	0.001487	0.004899
K07703	316.07	258.45	0.001453	0.004838
K07704	1072.13	69.40	0.004927	0.001299
K07705	947.13	10.40	0.004353	0.000195
K07706	2104.81	3189.65	0.009673	0.059708
K07707	1506.81	2588.65	0.006925	0.048458
K07708	4879.02	314.95	0.022422	0.005896
K07709	286.23	258.45	0.001315	0.004838
K07710	275.73	255.20	0.001267	0.004777
K07711	426.82	277.95	0.001961	0.005203
K07712	4897.02	647.95	0.022505	0.012129
K07713	800.23	261.45	0.003678	0.004894
K07714	497.73	292.03	0.002287	0.005467
K07715	424.49	277.95	0.001951	0.005203
K07716	1125.40	6.00	0.005172	0.000112
K07717	196.00	2.00	0.000901	0.000037
K07718	5730.04	2252.00	0.026333	0.042156
K07719	408.00	13.00	0.001875	0.000243
K07720	6826.24	4821.65	0.031371	0.090258
K07721	20.00	0.00	0.000092	0.000000
K07722	1257.35	317.28	0.005778	0.005939
K07723	1482.23	73.00	0.006812	0.001367
K07724	340.86	262.03	0.001566	0.004905
K07726	4155.69	521.90	0.019098	0.009770
K07727	6074.76	2938.50	0.027917	0.055007
K07728	20.00	0.00	0.000092	0.000000
K07729	9299.60	7755.70	0.042737	0.145182
K07730	20.00	0.00	0.000092	0.000000
K07731	20.00	0.00	0.000092	0.000000
K07732	20.00	0.00	0.000092	0.000000
K07733	8742.29	282.28	0.040176	0.005284
K07734	2307.46	24.50	0.010604	0.000459
K07735	6989.18	371.95	0.032119	0.006963
K07736	5045.53	1333.42	0.023187	0.024961
K07738	12988.85	4001.35	0.059691	0.074903
K07739	57.00	12.00	0.000262	0.000225
K07740	540.32	277.95	0.002483	0.005203
K07741	430.00	520.00	0.001976	0.009734
K07742	6646.18	3575.07	0.030543	0.066923
K07743	20.00	0.00	0.000092	0.000000
K07744	20.00	0.00	0.000092	0.000000
K07746	3092.80	286.45	0.014213	0.005362
K07749	2405.47	261.20	0.011055	0.004889
K07751	325.57	295.28	0.001496	0.005527
K07757	380.47	258.45	0.001748	0.004838
K07768	1917.83	128.75	0.008814	0.002410
K07769	772.75	0.00	0.003551	0.000000
K07770	157.33	8.00	0.000723	0.000150
K07771	319.07	258.45	0.001466	0.004838
K07772	341.48	258.45	0.001569	0.004838
K07773	320.82	284.28	0.001474	0.005322
K07774	981.21	3.25	0.004509	0.000061
K07775	1748.13	6.40	0.008034	0.000120
K07776	2068.67	128.75	0.009507	0.002410
K07777	1139.49	5.00	0.005237	0.000094
K07778	4054.66	2235.17	0.018634	0.041841
K07780	0.00	3.00	0.000000	0.000056
K07781	316.07	258.45	0.001453	0.004838
K07782	964.27	302.45	0.004431	0.005662
K07783	369.32	281.20	0.001697	0.005264
K07784	313.02	269.45	0.001439	0.005044
K07785	8.25	0.00	0.000038	0.000000
K07786	275.73	255.20	0.001267	0.004777
K07787	1962.55	314.78	0.009019	0.005892
K07788	1241.94	264.45	0.005707	0.004950
K07789	1247.94	264.45	0.005735	0.004950
K07791	1471.57	336.95	0.006763	0.006307
K07792	393.82	293.53	0.001810	0.005495
K07793	3015.48	404.92	0.013858	0.007580
K07794	2088.62	41.92	0.009598	0.000785
K07795	1938.12	41.92	0.008907	0.000785
K07796	300.77	255.20	0.001382	0.004777
K07797	275.73	255.20	0.001267	0.004777
K07798	1955.63	311.53	0.008987	0.005832
K07799	1546.94	264.45	0.007109	0.004950
K07800	415.00	0.00	0.001907	0.000000
K07803	297.23	258.45	0.001366	0.004838
K07804	15.00	6.50	0.000069	0.000122
K07805	7.50	3.25	0.000034	0.000061
K07806	320.82	269.45	0.001474	0.005044
K07807	378.00	22.00	0.001737	0.000412
K07810	369.26	255.20	0.001697	0.004777
K07811	287.98	258.45	0.001323	0.004838
K07812	280.48	272.53	0.001289	0.005102
K07813	1785.84	588.00	0.008207	0.011007
K07814	1492.83	486.67	0.006860	0.009110
K07816	5998.90	3331.65	0.027568	0.062366
K07821	275.73	261.53	0.001267	0.004896
K07823	230.50	0.00	0.001059	0.000000
K07862	4600.15	2614.53	0.021140	0.048942
K07978	772.75	0.00	0.003551	0.000000
K07979	5453.93	721.50	0.025064	0.013506
K07991	20.00	0.00	0.000092	0.000000
K08068	27.00	3.00	0.000124	0.000056
K08070	355.36	0.00	0.001633	0.000000
K08077	15.00	0.00	0.000069	0.000000
K08081	295.25	0.00	0.001357	0.000000
K08082	3468.33	5.00	0.015939	0.000094
K08083	3645.83	15.00	0.016755	0.000281
K08084	4923.66	35.50	0.022627	0.000665
K08085	295.50	0.00	0.001358	0.000000
K08086	1041.09	19.50	0.004784	0.000365
K08087	7.50	3.25	0.000034	0.000061
K08088	32.54	3.25	0.000150	0.000061
K08092	308.27	264.78	0.001417	0.004957
K08093	1664.00	5.00	0.007647	0.000094
K08094	1567.33	8.00	0.007203	0.000150
K08096	20.00	0.00	0.000092	0.000000
K08097	147.00	0.00	0.000676	0.000000
K08100	20.00	0.00	0.000092	0.000000
K08137	322.07	258.45	0.001480	0.004838
K08138	328.20	255.45	0.001508	0.004782
K08139	573.00	5.50	0.002633	0.000103
K08151	1902.68	261.54	0.008744	0.004896
K08152	30.00	2.00	0.000138	0.000037
K08153	1631.40	641.00	0.007497	0.011999
K08154	320.82	269.45	0.001474	0.005044
K08156	2149.44	458.45	0.009878	0.008582
K08159	789.36	269.78	0.003628	0.005050
K08160	3167.02	258.45	0.014554	0.004838
K08161	1675.61	689.10	0.007700	0.012900
K08162	335.48	279.62	0.001542	0.005234
K08163	308.27	269.45	0.001417	0.005044
K08164	420.00	0.00	0.001930	0.000000
K08166	226.00	7.50	0.001039	0.000140
K08167	1962.54	36.00	0.009019	0.000674
K08168	1009.50	127.00	0.004639	0.002377
K08169	1125.40	262.45	0.005172	0.004913
K08170	960.04	0.00	0.004412	0.000000
K08172	388.10	255.20	0.001784	0.004777
K08173	459.07	258.45	0.002110	0.004838
K08174	260.00	0.00	0.001195	0.000000
K08177	2528.92	743.45	0.011622	0.013917
K08178	102.30	3.25	0.000470	0.000061
K08191	2712.04	275.45	0.012463	0.005156
K08194	452.57	255.20	0.002080	0.004777
K08195	1287.67	3.25	0.005918	0.000061
K08196	2696.10	0.00	0.012390	0.000000
K08217	288.37	1.67	0.001325	0.000031
K08218	6675.61	338.78	0.030678	0.006342
K08219	320.82	269.45	0.001474	0.005044
K08221	386.00	5.00	0.001774	0.000094
K08222	378.00	5.00	0.001737	0.000094
K08223	3426.72	349.62	0.015748	0.006545
K08224	4752.48	292.20	0.021840	0.005470
K08225	412.57	258.45	0.001896	0.004838
K08226	329.48	0.00	0.001514	0.000000
K08227	316.07	258.45	0.001453	0.004838
K08234	4722.99	3558.60	0.021705	0.066615
K08252	152.17	0.00	0.000699	0.000000
K08253	123.99	3.34	0.000570	0.000063
K08255	769.00	0.00	0.003534	0.000000
K08256	1258.16	237.75	0.005782	0.004451
K08258	338.00	0.00	0.001553	0.000000
K08259	484.58	0.00	0.002227	0.000000
K08260	42.00	0.00	0.000193	0.000000
K08261	92.00	0.00	0.000423	0.000000
K08276	1141.82	269.45	0.005247	0.005044
K08277	283.23	258.45	0.001302	0.004838
K08279	648.23	258.45	0.002979	0.004838
K08281	6907.18	441.20	0.031743	0.008259
K08282	903.33	4.50	0.004151	0.000084
K08289	5701.90	560.03	0.026204	0.010483
K08295	710.34	1.50	0.003264	0.000028
K08296	9004.40	569.28	0.041381	0.010657
K08297	283.23	258.45	0.001302	0.004838
K08298	283.23	258.45	0.001302	0.004838
K08299	542.90	259.95	0.002495	0.004866
K08300	8188.60	557.03	0.037631	0.010427
K08301	7009.15	1237.78	0.032211	0.023170
K08302	1173.42	607.65	0.005393	0.011375
K08303	12506.71	5952.50	0.057476	0.111427
K08304	2610.02	294.28	0.011995	0.005509
K08305	4506.45	328.28	0.020710	0.006145
K08306	320.82	284.28	0.001474	0.005322
K08307	2470.99	317.78	0.011356	0.005949
K08308	316.07	258.45	0.001453	0.004838
K08309	7492.67	903.28	0.034433	0.016909
K08310	675.49	284.28	0.003104	0.005322
K08311	5379.02	321.28	0.024720	0.006014
K08312	1031.32	284.28	0.004740	0.005322
K08313	385.32	278.20	0.001771	0.005208
K08314	371.98	270.45	0.001709	0.005063
K08315	313.02	269.45	0.001439	0.005044
K08316	8711.85	3322.03	0.040036	0.062186
K08317	347.40	259.85	0.001597	0.004864
K08318	308.27	258.45	0.001417	0.004838
K08319	359.23	258.45	0.001651	0.004838
K08320	316.07	258.45	0.001453	0.004838
K08321	308.27	255.45	0.001417	0.004782
K08322	316.07	258.45	0.001453	0.004838
K08323	1230.13	517.65	0.005653	0.009690
K08324	521.27	258.45	0.002396	0.004838
K08325	3737.31	296.95	0.017175	0.005559
K08326	300.77	255.20	0.001382	0.004777
K08344	45.09	14.25	0.000207	0.000267
K08348	601.54	510.40	0.002764	0.009554
K08349	308.27	258.45	0.001417	0.004838
K08350	308.27	258.45	0.001417	0.004838
K08351	510.07	258.45	0.002344	0.004838
K08352	7.50	3.25	0.000034	0.000061
K08353	281.90	255.45	0.001295	0.004782
K08354	283.23	258.45	0.001302	0.004838
K08357	38.25	3.25	0.000176	0.000061
K08358	38.25	3.25	0.000176	0.000061
K08359	38.25	3.25	0.000176	0.000061
K08363	944.26	6.00	0.004339	0.000112
K08364	881.26	11.00	0.004050	0.000206
K08365	2325.05	10.00	0.010685	0.000187
K08368	881.23	259.95	0.004050	0.004866
K08369	6380.33	696.32	0.029321	0.013035
K08372	2438.16	249.25	0.011205	0.004666
K08384	2356.57	1105.00	0.010830	0.020685
K08475	13.58	14.25	0.000062	0.000267
K08476	13.58	3.25	0.000062	0.000061
K08478	13.58	3.25	0.000062	0.000061
K08479	47.75	0.00	0.000219	0.000000
K08480	47.75	0.00	0.000219	0.000000
K08481	867.70	0.00	0.003988	0.000000
K08482	1756.66	4.00	0.008073	0.000075
K08483	7966.89	4418.85	0.036613	0.082718
K08484	4453.85	309.95	0.020468	0.005802
K08485	3458.48	277.95	0.015894	0.005203
K08566	7.50	3.25	0.000034	0.000061
K08591	8041.94	4334.10	0.036957	0.081132
K08598	7.50	3.25	0.000034	0.000061
K08600	1771.50	3614.00	0.008141	0.067652
K08602	5575.59	3591.99	0.025623	0.067240
K08603	28.33	0.00	0.000130	0.000000
K08604	7.75	11.00	0.000036	0.000206
K08640	5.33	0.00	0.000024	0.000000
K08641	2972.13	480.78	0.013659	0.009000
K08642	4.75	11.00	0.000022	0.000206
K08646	189.92	11.00	0.000873	0.000206
K08652	0.00	4.00	0.000000	0.000075
K08659	3576.87	3132.25	0.016438	0.058634
K08676	872.25	14.00	0.004009	0.000262
K08677	23.00	4.50	0.000106	0.000084
K08678	1669.99	6.00	0.007675	0.000112
K08679	3356.46	54.50	0.015425	0.001020
K08680	2540.70	491.18	0.011676	0.009195
K08681	4415.72	652.42	0.020293	0.012213
K08682	316.07	258.45	0.001453	0.004838
K08687	30.50	0.00	0.000140	0.000000
K08688	682.00	27.00	0.003134	0.000505
K08691	574.40	22.00	0.002640	0.000412
K08692	137.20	0.00	0.000631	0.000000
K08693	381.33	5.00	0.001752	0.000094
K08696	105.17	0.00	0.000483	0.000000
K08697	47.75	0.00	0.000219	0.000000
K08698	57.42	0.00	0.000264	0.000000
K08699	47.75	0.00	0.000219	0.000000
K08700	47.75	0.00	0.000219	0.000000
K08713	119.00	5.00	0.000547	0.000094
K08714	154.33	0.00	0.000709	0.000000
K08715	971.75	3.00	0.004466	0.000056
K08717	932.70	0.00	0.004286	0.000000
K08720	167.00	22.00	0.000767	0.000412
K08721	19.50	0.00	0.000090	0.000000
K08722	691.82	336.95	0.003179	0.006307
K08723	308.27	258.45	0.001417	0.004838
K08724	1555.63	306.40	0.007149	0.005736
K08728	601.50	206.00	0.002764	0.003856
K08738	5111.18	78.00	0.023489	0.001460
K08744	2530.14	224.50	0.011627	0.004202
K08884	25516.85	4813.16	0.117265	0.090099
K08902	772.75	0.00	0.003551	0.000000
K08903	772.75	0.00	0.003551	0.000000
K08904	38.08	0.00	0.000175	0.000000
K08906	855.75	0.00	0.003933	0.000000
K08926	137.20	0.00	0.000631	0.000000
K08927	137.20	0.00	0.000631	0.000000
K08928	137.20	0.00	0.000631	0.000000
K08929	137.20	0.00	0.000631	0.000000
K08963	2636.45	91.83	0.012116	0.001719
K08964	1779.17	5.00	0.008176	0.000094
K08965	558.33	5.00	0.002566	0.000094
K08966	661.00	5.00	0.003038	0.000094
K08967	1101.75	5.00	0.005063	0.000094
K08969	1280.33	101.00	0.005884	0.001891
K08970	411.02	258.45	0.001889	0.004838
K08971	20.00	0.00	0.000092	0.000000
K08972	6425.41	646.32	0.029529	0.012099
K08973	6348.95	76.50	0.029177	0.001432
K08974	2907.77	1038.25	0.013363	0.019435
K08975	40.00	0.00	0.000184	0.000000
K08976	2174.66	9.67	0.009994	0.000181
K08977	376.07	1.67	0.001728	0.000031
K08978	1363.35	459.67	0.006265	0.008605
K08979	20.00	0.00	0.000092	0.000000
K08980	11.00	0.00	0.000051	0.000000
K08981	3528.16	40.25	0.016214	0.000753
K08982	732.50	4.50	0.003366	0.000084
K08983	403.25	17.00	0.001853	0.000318
K08984	3744.89	266.20	0.017210	0.004983
K08985	116.50	0.00	0.000535	0.000000
K08986	819.87	2307.25	0.003768	0.043190
K08987	4616.17	2716.90	0.021214	0.050859
K08988	732.62	21.00	0.003367	0.000393
K08989	2135.89	316.45	0.009816	0.005924
K08990	1029.02	306.28	0.004729	0.005733
K08992	3219.28	284.28	0.014794	0.005322
K08993	407.32	277.95	0.001872	0.005203
K08994	8992.75	276.45	0.041327	0.005175
K08995	2510.36	26.67	0.011537	0.000499
K08996	1392.27	314.45	0.006398	0.005886
K08997	3344.48	282.95	0.015370	0.005297
K08998	12918.94	3638.15	0.059370	0.068104
K08999	3486.91	72.00	0.016024	0.001348
K09000	56.33	0.00	0.000259	0.000000
K09001	7580.76	358.45	0.034838	0.006710
K09002	40.33	0.00	0.000185	0.000000
K09003	609.00	3.00	0.002799	0.000056
K09004	873.07	0.00	0.004012	0.000000
K09005	2617.45	32.00	0.012029	0.000599
K09007	1493.33	22.00	0.006863	0.000412
K09009	2241.83	235.75	0.010303	0.004413
K09011	77.50	3.00	0.000356	0.000056
K09012	785.75	0.00	0.003611	0.000000
K09013	10586.42	3242.35	0.048651	0.060695
K09014	10524.25	3239.35	0.048365	0.060639
K09015	9205.18	3176.35	0.042303	0.059459
K09016	330.97	255.20	0.001521	0.004777
K09017	4419.97	280.45	0.020312	0.005250
K09018	719.81	255.20	0.003308	0.004777
K09019	1648.10	266.70	0.007574	0.004992
K09020	690.14	255.20	0.003172	0.004777
K09021	649.14	255.20	0.002983	0.004777
K09022	7677.39	3879.05	0.035282	0.072613
K09023	649.14	255.20	0.002983	0.004777
K09024	3858.00	260.20	0.017730	0.004871
K09065	307.00	0.00	0.001411	0.000000
K09116	20.00	0.00	0.000092	0.000000
K09117	9920.45	1067.40	0.045590	0.019981
K09118	2558.83	128.75	0.011759	0.002410
K09119	20.00	0.00	0.000092	0.000000
K09120	37.00	1.67	0.000170	0.000031
K09121	1791.25	704.00	0.008232	0.013178
K09122	293.67	1.50	0.001350	0.000028
K09123	167.00	0.00	0.000767	0.000000
K09124	14.00	0.00	0.000064	0.000000
K09125	4388.52	777.45	0.020168	0.014553
K09127	48.67	0.00	0.000224	0.000000
K09128	21.00	0.00	0.000097	0.000000
K09129	86.67	0.00	0.000398	0.000000
K09131	2542.10	352.78	0.011682	0.006604
K09134	3283.16	2700.50	0.015088	0.050552
K09136	1856.15	287.28	0.008530	0.005378
K09137	21.67	1.50	0.000100	0.000028
K09138	58.00	0.00	0.000267	0.000000
K09140	20.00	0.00	0.000092	0.000000
K09141	3.00	0.00	0.000014	0.000000
K09142	20.00	0.00	0.000092	0.000000
K09144	1.50	0.00	0.000007	0.000000
K09145	1000.66	1.67	0.004599	0.000031
K09146	189.83	28.92	0.000872	0.000541
K09148	20.00	0.00	0.000092	0.000000
K09150	20.00	0.00	0.000092	0.000000
K09152	20.00	0.00	0.000092	0.000000
K09153	1121.50	27.25	0.005154	0.000510
K09154	157.20	0.00	0.000722	0.000000
K09155	1789.20	2270.00	0.008222	0.042493
K09157	3102.70	3274.50	0.014259	0.061297
K09158	5312.15	292.28	0.024412	0.005471
K09159	5262.02	321.28	0.024182	0.006014
K09160	4653.85	321.28	0.021387	0.006014
K09161	555.82	277.95	0.002554	0.005203
K09162	3025.99	86.42	0.013906	0.001618
K09163	274.33	1.67	0.001261	0.000031
K09164	1567.66	21.42	0.007204	0.000401
K09165	3698.50	1.50	0.016997	0.000028
K09166	978.66	3.00	0.004498	0.000056
K09167	3948.66	46.25	0.018146	0.000866
K09181	2391.94	277.95	0.010992	0.005203
K09190	736.20	10.50	0.003383	0.000197
K09251	313.60	259.95	0.001441	0.004866
K09252	502.37	1.50	0.002309	0.000028
K09384	603.83	0.00	0.002775	0.000000
K09386	780.16	1.67	0.003585	0.000031
K09388	386.00	5.00	0.001774	0.000094
K09456	4261.24	275.20	0.019583	0.005152
K09457	3070.78	514.00	0.014112	0.009622
K09458	14601.19	3932.93	0.067101	0.073622
K09459	46.00	0.00	0.000211	0.000000
K09461	709.17	1.50	0.003259	0.000028
K09470	779.98	252.20	0.003584	0.004721
K09471	1272.53	294.45	0.005848	0.005512
K09472	1015.20	263.20	0.004665	0.004927
K09473	300.28	252.20	0.001380	0.004721
K09474	924.20	21.25	0.004247	0.000398
K09475	323.57	264.70	0.001487	0.004955
K09476	316.07	258.45	0.001453	0.004838
K09477	560.03	305.45	0.002574	0.005718
K09482	20.00	0.00	0.000092	0.000000
K09483	435.37	0.00	0.002001	0.000000
K09516	48.00	3.00	0.000221	0.000056
K09607	335.07	11.00	0.001540	0.000206
K09611	3.00	0.00	0.000014	0.000000
K09612	316.07	258.45	0.001453	0.004838
K09650	395.00	0.00	0.001815	0.000000
K09680	953.00	0.00	0.004380	0.000000
K09681	397.50	5.00	0.001827	0.000094
K09682	417.33	5.00	0.001918	0.000094
K09683	266.00	0.00	0.001222	0.000000
K09684	2287.66	61.25	0.010513	0.001147
K09685	3900.00	3090.65	0.017923	0.057855
K09688	915.87	22.00	0.004209	0.000412
K09689	1048.87	44.00	0.004820	0.000824
K09690	3580.30	9.00	0.016454	0.000168
K09691	3225.47	9.00	0.014823	0.000168
K09692	2683.53	118.50	0.012332	0.002218
K09693	3094.53	302.50	0.014221	0.005663
K09694	660.16	4.00	0.003034	0.000075
K09695	400.83	4.00	0.001842	0.000075
K09696	986.00	69.67	0.004531	0.001304
K09697	986.00	69.67	0.004531	0.001304
K09698	3284.67	2723.65	0.015095	0.050985
K09699	2256.17	9.00	0.010368	0.000168
K09700	43.00	0.00	0.000198	0.000000
K09701	4135.66	47.50	0.019006	0.000889
K09702	904.91	189.00	0.004159	0.003538
K09703	340.00	0.00	0.001562	0.000000
K09704	1301.87	6.40	0.005983	0.000120
K09705	2345.87	26.00	0.010781	0.000487
K09706	359.50	90.00	0.001652	0.001685
K09707	338.66	7.67	0.001556	0.000144
K09709	731.67	22.00	0.003362	0.000412
K09710	13834.93	3340.85	0.063580	0.062539
K09711	21.00	68.00	0.000097	0.001273
K09712	3193.53	258.45	0.014676	0.004838
K09713	20.00	0.00	0.000092	0.000000
K09716	20.00	0.00	0.000092	0.000000
K09722	20.00	0.00	0.000092	0.000000
K09723	20.00	0.00	0.000092	0.000000
K09726	74.00	0.00	0.000340	0.000000
K09728	20.00	0.00	0.000092	0.000000
K09729	218.50	448.00	0.001004	0.008386
K09730	20.00	0.00	0.000092	0.000000
K09731	20.00	0.00	0.000092	0.000000
K09732	20.00	0.00	0.000092	0.000000
K09735	20.00	0.00	0.000092	0.000000
K09736	20.00	0.00	0.000092	0.000000
K09738	20.00	0.00	0.000092	0.000000
K09739	20.00	0.00	0.000092	0.000000
K09740	102.00	0.00	0.000469	0.000000
K09741	20.00	0.00	0.000092	0.000000
K09743	20.00	0.00	0.000092	0.000000
K09744	803.08	1.67	0.003691	0.000031
K09746	40.00	0.00	0.000184	0.000000
K09747	12616.83	3918.85	0.057982	0.073358
K09748	13158.50	3922.85	0.060471	0.073433
K09749	996.92	19.50	0.004581	0.000365
K09758	1330.20	520.00	0.006113	0.009734
K09759	424.16	1.67	0.001949	0.000031
K09760	6828.89	2868.03	0.031383	0.053688
K09761	14351.83	4102.85	0.065955	0.076803
K09762	6244.90	3760.40	0.028699	0.070392
K09763	2421.74	6.67	0.011129	0.000125
K09764	1505.49	543.42	0.006919	0.010172
K09765	1925.62	2748.25	0.008849	0.051445
K09766	1009.33	5.00	0.004638	0.000094
K09767	7872.56	457.18	0.036179	0.008558
K09768	7858.02	1368.35	0.036112	0.025615
K09769	3213.53	762.07	0.014768	0.014265
K09770	1425.23	525.00	0.006550	0.009828
K09771	5440.94	333.95	0.025004	0.006251
K09772	6968.05	4094.90	0.032022	0.076654
K09773	9521.89	1309.52	0.043759	0.024513
K09774	6216.77	368.28	0.028570	0.006894
K09775	1883.58	496.67	0.008656	0.009297
K09776	550.00	0.00	0.002528	0.000000
K09777	1765.15	956.00	0.008112	0.017896
K09778	753.20	339.00	0.003461	0.006346
K09779	2113.34	1054.00	0.009712	0.019730
K09780	6879.06	334.78	0.031613	0.006267
K09781	6968.85	352.87	0.032026	0.006605
K09785	7.33	1.67	0.000034	0.000031
K09786	2598.69	734.95	0.011943	0.013758
K09787	4066.07	3512.65	0.018686	0.065755
K09788	4714.56	260.20	0.021666	0.004871
K09789	285.00	333.00	0.001310	0.006234
K09790	6449.78	1471.60	0.029641	0.027547
K09791	2667.52	341.03	0.012259	0.006384
K09792	2222.17	64.00	0.010212	0.001198
K09793	3376.91	9.67	0.015519	0.000181
K09794	3632.44	308.03	0.016693	0.005766
K09795	523.20	0.00	0.002404	0.000000
K09796	3084.15	103.92	0.014173	0.001945
K09797	1538.17	4.00	0.007069	0.000075
K09798	1618.77	301.28	0.007439	0.005640
K09799	3693.00	32.50	0.016972	0.000608
K09800	6134.02	368.28	0.028189	0.006894
K09801	4161.15	289.28	0.019123	0.005415
K09802	320.82	617.28	0.001474	0.011555
K09803	3480.40	70.00	0.015994	0.001310
K09805	15.00	0.00	0.000069	0.000000
K09806	4221.15	300.28	0.019399	0.005621
K09807	5341.60	364.95	0.024548	0.006832
K09808	9241.51	1022.23	0.042470	0.019135
K09809	1603.33	456.50	0.007368	0.008545
K09810	7267.52	698.45	0.033399	0.013075
K09811	10032.84	4109.85	0.046107	0.076934
K09812	10159.84	3960.85	0.046690	0.074145
K09813	425.00	0.00	0.001953	0.000000
K09814	425.00	0.00	0.001953	0.000000
K09815	9269.36	5977.58	0.042598	0.111896
K09816	8138.22	3673.93	0.037400	0.068774
K09817	8158.22	3684.93	0.037492	0.068979
K09818	299.16	1.67	0.001375	0.000031
K09819	1266.08	5.67	0.005818	0.000106
K09820	960.08	13.67	0.004412	0.000256
K09822	418.00	0.00	0.001921	0.000000
K09823	5003.85	314.95	0.022996	0.005896
K09824	731.70	334.20	0.003363	0.006256
K09825	4372.23	3516.65	0.020093	0.065829
K09826	572.20	22.00	0.002630	0.000412
K09833	47.75	0.00	0.000219	0.000000
K09834	47.75	0.00	0.000219	0.000000
K09835	57.42	0.00	0.000264	0.000000
K09836	298.75	0.00	0.001373	0.000000
K09844	137.20	0.00	0.000631	0.000000
K09845	137.20	0.00	0.000631	0.000000
K09846	137.20	0.00	0.000631	0.000000
K09857	855.52	299.95	0.003932	0.005615
K09858	6947.31	696.20	0.031927	0.013032
K09859	33.75	11.00	0.000155	0.000206
K09860	19.75	19.50	0.000091	0.000365
K09861	9004.55	3768.78	0.041381	0.070549
K09862	4939.02	321.28	0.022698	0.006014
K09879	268.08	0.00	0.001232	0.000000
K09880	1210.34	0.00	0.005562	0.000000
K09882	1131.07	32.00	0.005198	0.000599
K09883	1100.87	32.00	0.005059	0.000599
K09888	6933.26	1191.18	0.031862	0.022298
K09889	4136.15	289.28	0.019008	0.005415
K09890	426.82	284.28	0.001961	0.005322
K09891	423.82	284.28	0.001948	0.005322
K09892	649.32	284.28	0.002984	0.005322
K09893	320.82	284.28	0.001474	0.005322
K09894	320.82	284.28	0.001474	0.005322
K09895	3672.98	289.28	0.016880	0.005415
K09896	320.82	284.28	0.001474	0.005322
K09897	320.82	284.28	0.001474	0.005322
K09898	540.32	284.28	0.002483	0.005322
K09899	320.82	284.28	0.001474	0.005322
K09900	312.53	275.78	0.001436	0.005162
K09901	325.57	295.28	0.001496	0.005527
K09902	3851.98	289.28	0.017702	0.005415
K09903	14640.33	4125.85	0.067281	0.077233
K09904	320.82	284.28	0.001474	0.005322
K09906	3355.73	278.28	0.015422	0.005209
K09907	320.82	284.28	0.001474	0.005322
K09908	540.32	284.28	0.002483	0.005322
K09909	3349.23	300.28	0.015392	0.005621
K09910	320.82	284.28	0.001474	0.005322
K09911	316.07	264.78	0.001453	0.004957
K09912	3762.40	271.95	0.017290	0.005091
K09913	4216.65	287.95	0.019378	0.005390
K09914	653.90	260.12	0.003005	0.004869
K09915	1307.49	277.95	0.006009	0.005203
K09916	3564.98	282.95	0.016383	0.005297
K09917	316.07	264.78	0.001453	0.004957
K09918	437.32	277.95	0.002010	0.005203
K09919	2860.29	37.00	0.013145	0.000693
K09920	853.32	277.95	0.003922	0.005203
K09921	1667.49	305.95	0.007663	0.005727
K09922	4131.41	21.00	0.018986	0.000393
K09923	615.49	284.28	0.002829	0.005322
K09924	1220.99	11.00	0.005611	0.000206
K09925	579.40	252.20	0.002663	0.004721
K09926	763.42	24.50	0.003508	0.000459
K09927	2346.68	278.62	0.010784	0.005216
K09928	1352.79	50.50	0.006217	0.000945
K09929	696.25	0.00	0.003200	0.000000
K09930	1433.00	19.50	0.006585	0.000365
K09931	287.08	0.00	0.001319	0.000000
K09932	1426.13	1.67	0.006554	0.000031
K09933	1642.07	277.95	0.007546	0.005203
K09934	338.23	255.20	0.001554	0.004777
K09935	966.17	255.37	0.004440	0.004780
K09936	10164.11	1955.57	0.046710	0.036607
K09937	876.32	277.95	0.004027	0.005203
K09938	408.25	19.50	0.001876	0.000365
K09939	1329.09	25.50	0.006108	0.000477
K09940	2492.99	8.67	0.011457	0.000162
K09941	661.17	0.00	0.003038	0.000000
K09942	801.08	0.00	0.003681	0.000000
K09943	134.00	0.00	0.000616	0.000000
K09944	15.00	0.00	0.000069	0.000000
K09945	630.17	0.00	0.002896	0.000000
K09946	2643.07	268.70	0.012146	0.005030
K09947	492.50	22.00	0.002263	0.000412
K09948	798.37	4.00	0.003669	0.000075
K09949	1158.20	408.00	0.005323	0.007637
K09950	709.75	19.50	0.003262	0.000365
K09951	3932.42	3325.27	0.018072	0.062247
K09952	1137.47	2251.65	0.005227	0.042149
K09953	7.50	6.25	0.000034	0.000117
K09954	2098.49	317.78	0.009644	0.005949
K09955	2716.94	1162.45	0.012486	0.021760
K09956	3457.03	15.00	0.015887	0.000281
K09957	648.50	0.00	0.002980	0.000000
K09958	920.68	4.50	0.004231	0.000084
K09959	2483.03	22.00	0.011411	0.000412
K09960	234.17	0.00	0.001076	0.000000
K09961	323.46	0.00	0.001486	0.000000
K09962	1725.28	2407.92	0.007929	0.045075
K09963	3173.24	662.20	0.014583	0.012396
K09964	434.50	4.50	0.001997	0.000084
K09965	634.53	7.67	0.002916	0.000144
K09966	4077.41	33.00	0.018738	0.000618
K09967	2625.02	26.00	0.012064	0.000487
K09968	12.50	6.25	0.000057	0.000117
K09969	2692.14	283.20	0.012372	0.005301
K09970	1909.14	277.20	0.008774	0.005189
K09971	1909.14	277.20	0.008774	0.005189
K09972	2029.47	278.87	0.009327	0.005220
K09973	2947.83	316.95	0.013547	0.005933
K09974	1000.23	284.20	0.004597	0.005320
K09975	1744.69	297.45	0.008018	0.005568
K09976	3056.50	2608.65	0.014046	0.048832
K09977	3266.33	0.00	0.015011	0.000000
K09978	1045.74	305.28	0.004806	0.005715
K09979	359.07	260.28	0.001650	0.004872
K09980	491.73	258.45	0.002260	0.004838
K09981	728.00	10.00	0.003346	0.000187
K09982	449.45	3.25	0.002065	0.000061
K09983	860.93	27.00	0.003956	0.000505
K09984	401.17	10.00	0.001844	0.000187
K09985	1100.87	32.00	0.005059	0.000599
K09986	4348.03	37.00	0.019982	0.000693
K09987	1100.87	32.00	0.005059	0.000599
K09988	91.37	3.00	0.000420	0.000056
K09989	4440.20	52.50	0.020405	0.000983
K09990	1041.50	9.00	0.004786	0.000168
K09991	933.87	10.00	0.004292	0.000187
K09992	1965.34	0.00	0.009032	0.000000
K09994	308.27	261.45	0.001417	0.004894
K09996	323.57	261.70	0.001487	0.004899
K09997	320.82	284.28	0.001474	0.005322
K09998	320.82	284.28	0.001474	0.005322
K09999	320.82	284.28	0.001474	0.005322
K10000	320.82	284.28	0.001474	0.005322
K10001	4123.60	263.45	0.018950	0.004932
K10002	3580.43	263.45	0.016454	0.004932
K10003	3580.43	263.45	0.016454	0.004932
K10004	3726.60	263.45	0.017126	0.004932
K10005	1883.16	255.25	0.008654	0.004778
K10006	1823.33	249.25	0.008379	0.004666
K10007	1823.33	249.25	0.008379	0.004666
K10008	1825.33	250.75	0.008388	0.004694
K10009	3569.23	708.85	0.016403	0.013269
K10010	2246.57	472.78	0.010324	0.008850
K10011	320.82	269.45	0.001474	0.005044
K10012	379.99	269.45	0.001746	0.005044
K10013	355.11	258.45	0.001632	0.004838
K10014	346.27	258.45	0.001591	0.004838
K10015	360.27	258.45	0.001656	0.004838
K10016	360.27	258.45	0.001656	0.004838
K10017	360.27	258.45	0.001656	0.004838
K10018	254.00	0.00	0.001167	0.000000
K10019	233.00	0.00	0.001071	0.000000
K10020	233.00	0.00	0.001071	0.000000
K10021	233.00	0.00	0.001071	0.000000
K10022	218.75	11.00	0.001005	0.000206
K10023	199.25	11.00	0.000916	0.000206
K10024	199.25	11.00	0.000916	0.000206
K10025	213.25	11.00	0.000980	0.000206
K10026	5568.31	704.78	0.025590	0.013193
K10027	3046.64	793.67	0.014001	0.014857
K10036	429.07	258.45	0.001972	0.004838
K10037	429.07	258.45	0.001972	0.004838
K10038	790.07	260.45	0.003631	0.004875
K10039	1252.17	2423.65	0.005754	0.045369
K10040	2569.34	4803.30	0.011808	0.089915
K10041	1609.17	2518.65	0.007395	0.047147
K10107	1200.07	44.00	0.005515	0.000824
K10108	351.82	275.78	0.001617	0.005162
K10109	351.82	275.78	0.001617	0.005162
K10110	351.82	275.78	0.001617	0.005162
K10111	2326.66	306.28	0.010692	0.005733
K10112	12099.53	5003.27	0.055604	0.093658
K10117	10042.27	4964.00	0.046150	0.092923
K10118	9393.35	4382.00	0.043168	0.082028
K10119	9132.02	4378.00	0.041967	0.081953
K10120	744.00	904.00	0.003419	0.016922
K10124	550.13	507.40	0.002528	0.009498
K10125	1585.57	47.00	0.007287	0.000880
K10126	1418.57	25.00	0.006519	0.000468
K10187	29.00	3.00	0.000133	0.000056
K10188	626.67	1.50	0.002880	0.000028
K10189	646.67	1.50	0.002972	0.000028
K10190	646.67	1.50	0.002972	0.000028
K10191	81.00	0.00	0.000372	0.000000
K10192	40.04	0.00	0.000184	0.000000
K10193	40.04	0.00	0.000184	0.000000
K10194	40.04	0.00	0.000184	0.000000
K10195	28.04	0.00	0.000129	0.000000
K10200	864.66	453.50	0.003974	0.008489
K10201	844.66	453.50	0.003882	0.008489
K10202	844.66	453.50	0.003882	0.008489
K10206	1567.25	115.00	0.007202	0.002153
K10208	415.00	0.00	0.001907	0.000000
K10209	415.00	0.00	0.001907	0.000000
K10210	443.33	0.00	0.002037	0.000000
K10211	415.00	0.00	0.001907	0.000000
K10212	415.00	0.00	0.001907	0.000000
K10213	283.73	255.20	0.001304	0.004777
K10215	25.00	15.25	0.000115	0.000285
K10216	15.17	0.00	0.000070	0.000000
K10217	145.00	0.00	0.000666	0.000000
K10218	433.84	4.00	0.001994	0.000075
K10219	75.67	4.00	0.000348	0.000075
K10220	196.51	4.00	0.000903	0.000075
K10221	63.67	4.00	0.000293	0.000075
K10227	805.00	23.50	0.003699	0.000440
K10228	761.00	23.50	0.003497	0.000440
K10229	761.00	23.50	0.003497	0.000440
K10231	136.00	0.00	0.000625	0.000000
K10232	864.66	23.50	0.003974	0.000440
K10233	806.66	23.50	0.003707	0.000440
K10234	806.66	23.50	0.003707	0.000440
K10235	292.00	22.00	0.001342	0.000412
K10236	408.83	1.67	0.001879	0.000031
K10237	408.83	1.67	0.001879	0.000031
K10238	408.83	1.67	0.001879	0.000031
K10240	729.66	0.00	0.003353	0.000000
K10241	707.66	0.00	0.003252	0.000000
K10242	700.66	0.00	0.003220	0.000000
K10253	509.42	0.00	0.002341	0.000000
K10254	3869.61	956.90	0.017783	0.017913
K10255	2009.95	5.00	0.009237	0.000094
K10257	36.75	0.00	0.000169	0.000000
K10353	177.00	11.00	0.000813	0.000206
K10439	6699.09	3231.93	0.030786	0.060500
K10440	5503.63	863.95	0.025292	0.016173
K10441	5427.63	861.95	0.024943	0.016135
K10530	69.17	0.00	0.000318	0.000000
K10531	99.50	3.00	0.000457	0.000056
K10533	18.67	0.00	0.000086	0.000000
K10536	2761.37	51.67	0.012690	0.000967
K10537	401.57	270.70	0.001845	0.005067
K10538	401.57	266.20	0.001845	0.004983
K10539	401.57	270.70	0.001845	0.005067
K10540	2335.82	664.28	0.010734	0.012435
K10541	1032.82	664.28	0.004746	0.012435
K10542	1032.82	664.28	0.004746	0.012435
K10543	1497.57	280.20	0.006882	0.005245
K10544	1446.57	280.20	0.006648	0.005245
K10545	1440.57	280.20	0.006620	0.005245
K10546	1443.16	0.00	0.006632	0.000000
K10547	1366.16	0.00	0.006278	0.000000
K10548	1399.16	0.00	0.006430	0.000000
K10549	284.02	255.20	0.001305	0.004777
K10550	8.29	3.00	0.000038	0.000056
K10551	8.29	3.00	0.000038	0.000056
K10552	406.00	22.00	0.001866	0.000412
K10553	406.00	22.00	0.001866	0.000412
K10554	362.00	22.00	0.001664	0.000412
K10555	308.27	255.45	0.001417	0.004782
K10556	352.27	255.45	0.001619	0.004782
K10557	308.27	255.45	0.001417	0.004782
K10558	308.27	255.45	0.001417	0.004782
K10559	358.21	0.00	0.001646	0.000000
K10560	358.21	0.00	0.001646	0.000000
K10561	424.21	0.00	0.001949	0.000000
K10562	535.21	0.00	0.002460	0.000000
K10563	13506.09	3051.10	0.062068	0.057115
K10564	217.20	0.00	0.000998	0.000000
K10565	151.20	0.00	0.000695	0.000000
K10601	0.00	1.50	0.000000	0.000028
K10621	125.34	0.00	0.000576	0.000000
K10622	57.00	0.00	0.000262	0.000000
K10670	588.23	476.00	0.002703	0.008910
K10672	163.01	68.00	0.000749	0.001273
K10673	326.40	252.20	0.001500	0.004721
K10674	344.67	0.00	0.001584	0.000000
K10676	7361.50	0.00	0.033830	0.000000
K10678	584.02	269.45	0.002684	0.005044
K10679	3694.31	258.45	0.016978	0.004838
K10680	3399.61	336.28	0.015623	0.006295
K10681	340.00	2.00	0.001562	0.000037
K10697	47.75	0.00	0.000219	0.000000
K10708	21.00	0.00	0.000097	0.000000
K10710	21.00	0.00	0.000097	0.000000
K10713	137.20	0.00	0.000631	0.000000
K10714	137.20	0.00	0.000631	0.000000
K10715	290.00	0.00	0.001333	0.000000
K10716	8641.71	3163.79	0.039714	0.059224
K10725	60.00	0.00	0.000276	0.000000
K10726	20.00	0.00	0.000092	0.000000
K10742	360.50	0.00	0.001657	0.000000
K10747	3011.90	39.50	0.013841	0.000739
K10748	320.82	277.95	0.001474	0.005203
K10762	8.29	0.00	0.000038	0.000000
K10763	4161.15	289.28	0.019123	0.005415
K10764	5072.83	40.00	0.023313	0.000749
K10773	14940.23	4132.19	0.068659	0.077352
K10778	3830.56	352.28	0.017604	0.006594
K10780	348.25	5.00	0.001600	0.000094
K10793	76.50	68.00	0.000352	0.001273
K10794	161.00	136.00	0.000740	0.002546
K10795	76.50	68.00	0.000352	0.001273
K10796	76.50	68.00	0.000352	0.001273
K10797	194.00	0.00	0.000892	0.000000
K10804	5683.02	314.95	0.026117	0.005896
K10805	6865.68	537.70	0.031552	0.010065
K10806	4830.22	294.28	0.022198	0.005509
K10810	653.00	5.00	0.003001	0.000094
K10819	1011.25	454.92	0.004647	0.008516
K10823	8608.05	4021.60	0.039559	0.075282
K10824	714.73	255.20	0.003285	0.004777
K10831	944.52	270.45	0.004341	0.005063
K10843	1407.08	32.75	0.006466	0.000613
K10844	112.50	0.00	0.000517	0.000000
K10850	362.00	0.00	0.001664	0.000000
K10851	970.00	0.00	0.004458	0.000000
K10854	3.00	0.00	0.000014	0.000000
K10856	3.00	0.00	0.000014	0.000000
K10857	6297.23	269.45	0.028939	0.005044
K10896	20.00	0.00	0.000092	0.000000
K10906	309.60	255.45	0.001423	0.004782
K10907	2953.23	1084.00	0.013572	0.020292
K10908	204.00	0.00	0.000937	0.000000
K10912	12.00	0.00	0.000055	0.000000
K10913	4.75	11.00	0.000022	0.000206
K10914	3638.98	284.28	0.016723	0.005322
K10915	12.00	0.00	0.000055	0.000000
K10916	55.00	0.00	0.000253	0.000000
K10924	195.09	19.50	0.000897	0.000365
K10925	4.75	11.00	0.000022	0.000206
K10926	189.92	19.50	0.000873	0.000365
K10927	189.92	19.50	0.000873	0.000365
K10938	49.95	0.00	0.000230	0.000000
K10939	275.73	255.20	0.001267	0.004777
K10941	434.25	19.50	0.001996	0.000365
K10942	121.25	19.50	0.000557	0.000365
K10943	248.92	23.50	0.001144	0.000440
K10947	6723.47	2979.05	0.030898	0.055766
K10954	28.50	11.00	0.000131	0.000206
K10960	909.95	0.00	0.004182	0.000000
K10972	283.23	258.45	0.001302	0.004838
K10973	275.73	255.20	0.001267	0.004777
K10974	1057.64	718.95	0.004860	0.013458
K10975	330.73	255.20	0.001520	0.004777
K10979	3970.00	19.50	0.018244	0.000365
K10984	275.73	267.20	0.001267	0.005002
K10985	275.73	267.20	0.001267	0.005002
K10986	275.73	267.20	0.001267	0.005002
K11003	122.00	0.00	0.000561	0.000000
K11004	104.00	0.00	0.000478	0.000000
K11006	0.00	3.00	0.000000	0.000056
K11013	15.00	3.00	0.000069	0.000056
K11014	15.00	3.00	0.000069	0.000056
K11015	0.00	3.00	0.000000	0.000056
K11017	9.00	0.00	0.000041	0.000000
K11020	4.75	11.00	0.000022	0.000206
K11031	63.00	70.00	0.000290	0.001310
K11041	1556.27	457.25	0.007152	0.008559
K11045	778.00	2.00	0.003575	0.000037
K11050	703.00	2212.25	0.003231	0.041412
K11051	701.00	2212.25	0.003222	0.041412
K11060	372.00	452.00	0.001710	0.008461
K11065	6780.62	3848.68	0.031161	0.072045
K11066	1196.49	610.95	0.005499	0.011437
K11068	11041.50	4009.02	0.050742	0.075046
K11069	6465.90	4289.43	0.029715	0.080295
K11070	5678.65	3771.43	0.026097	0.070599
K11071	5752.65	3763.43	0.026437	0.070449
K11072	5822.65	3759.43	0.026759	0.070374
K11073	1769.77	288.95	0.008133	0.005409
K11074	1282.52	277.95	0.005894	0.005203
K11075	1210.52	277.95	0.005563	0.005203
K11076	1210.52	277.95	0.005563	0.005203
K11077	21.00	0.00	0.000097	0.000000
K11078	21.00	0.00	0.000097	0.000000
K11079	21.00	0.00	0.000097	0.000000
K11080	21.00	0.00	0.000097	0.000000
K11081	7.50	3.25	0.000034	0.000061
K11082	7.50	3.25	0.000034	0.000061
K11083	7.50	3.25	0.000034	0.000061
K11084	7.50	3.25	0.000034	0.000061
K11085	10795.18	1198.45	0.049610	0.022434
K11089	62.00	0.00	0.000285	0.000000
K11102	2039.27	447.45	0.009372	0.008376
K11103	6927.32	307.70	0.031835	0.005760
K11104	712.23	707.45	0.003273	0.013243
K11105	2783.31	2066.45	0.012791	0.038683
K11106	572.77	302.20	0.002632	0.005657
K11107	515.82	282.95	0.002370	0.005297
K11130	20.00	0.00	0.000092	0.000000
K11139	274.40	252.20	0.001261	0.004721
K11144	3056.50	2608.65	0.014046	0.048832
K11145	4092.15	3512.65	0.018806	0.065755
K11159	598.25	5.50	0.002749	0.000103
K11173	66.00	0.00	0.000303	0.000000
K11175	14206.43	3922.85	0.065287	0.073433
K11176	20.00	0.00	0.000092	0.000000
K11177	2619.34	263.20	0.012037	0.004927
K11178	2563.34	263.20	0.011780	0.004927
K11179	3756.98	325.78	0.017266	0.006098
K11183	1241.34	294.95	0.005705	0.005521
K11184	582.00	5.00	0.002675	0.000094
K11189	9451.27	3806.32	0.043434	0.071252
K11192	275.73	255.20	0.001267	0.004777
K11200	290.98	252.20	0.001337	0.004721
K11201	858.40	765.85	0.003945	0.014336
K11202	1093.73	768.85	0.005026	0.014392
K11203	1134.15	776.85	0.005212	0.014542
K11208	533.44	258.20	0.002451	0.004833
K11209	7635.75	2763.40	0.035091	0.051729
K11210	506.00	5.00	0.002325	0.000094
K11211	421.75	25.50	0.001938	0.000477
K11212	402.83	1.50	0.001851	0.000028
K11216	333.07	255.45	0.001531	0.004782
K11249	289.23	258.45	0.001329	0.004838
K11250	3229.31	270.95	0.014841	0.005072
K11258	578.82	284.28	0.002660	0.005322
K11261	30.50	0.00	0.000140	0.000000
K11263	4013.53	325.00	0.018445	0.006084
K11264	275.73	252.20	0.001267	0.004721
K11311	49.70	0.00	0.000228	0.000000
K11312	176.29	11.00	0.000810	0.000206
K11325	147.75	0.00	0.000679	0.000000
K11326	34.42	0.00	0.000158	0.000000
K11328	9.67	0.00	0.000044	0.000000
K11329	775.75	0.00	0.003565	0.000000
K11332	35.25	0.00	0.000162	0.000000
K11333	137.20	0.00	0.000631	0.000000
K11334	137.20	0.00	0.000631	0.000000
K11335	137.20	0.00	0.000631	0.000000
K11336	137.20	0.00	0.000631	0.000000
K11337	137.20	0.00	0.000631	0.000000
K11354	25.58	0.00	0.000118	0.000000
K11355	35.25	0.00	0.000162	0.000000
K11356	47.75	0.00	0.000219	0.000000
K11357	643.20	6.00	0.002956	0.000112
K11358	556.00	484.00	0.002555	0.009060
K11381	1377.17	3.00	0.006329	0.000056
K11382	53.83	3.25	0.000247	0.000061
K11383	114.50	0.00	0.000526	0.000000
K11384	116.50	0.00	0.000535	0.000000
K11386	44.00	0.00	0.000202	0.000000
K11387	249.50	27.25	0.001147	0.000510
K11391	313.02	277.95	0.001439	0.005203
K11392	554.82	269.45	0.002550	0.005044
K11395	20.00	0.00	0.000092	0.000000
K11434	9.67	0.00	0.000044	0.000000
K11437	9.67	0.00	0.000044	0.000000
K11440	78.00	0.00	0.000358	0.000000
K11441	11.00	0.00	0.000051	0.000000
K11442	769.00	0.00	0.003534	0.000000
K11443	1089.54	10.00	0.005007	0.000187
K11444	271.67	0.00	0.001248	0.000000
K11472	2418.35	277.20	0.011114	0.005189
K11473	2769.35	283.87	0.012727	0.005314
K11474	417.23	255.20	0.001917	0.004777
K11475	536.20	0.00	0.002464	0.000000
K11476	692.00	0.00	0.003180	0.000000
K11477	495.23	256.70	0.002276	0.004805
K11517	20.00	0.00	0.000092	0.000000
K11520	47.75	0.00	0.000219	0.000000
K11521	787.75	0.00	0.003620	0.000000
K11522	105.75	0.00	0.000486	0.000000
K11523	35.25	0.00	0.000162	0.000000
K11524	47.75	0.00	0.000219	0.000000
K11525	101.08	0.00	0.000465	0.000000
K11526	38.08	0.00	0.000175	0.000000
K11527	1008.50	11.00	0.004635	0.000206
K11529	76.70	0.00	0.000352	0.000000
K11530	316.07	255.45	0.001453	0.004782
K11531	308.27	255.45	0.001417	0.004782
K11532	727.62	32.00	0.003344	0.000599
K11533	863.00	236.25	0.003966	0.004422
K11534	436.57	261.70	0.002006	0.004899
K11535	1564.99	282.95	0.007192	0.005297
K11537	1247.33	9.25	0.005732	0.000173
K11601	328.00	15.25	0.001507	0.000285
K11602	331.00	15.25	0.001521	0.000285
K11603	365.00	15.25	0.001677	0.000285
K11604	109.67	9.58	0.000504	0.000179
K11605	109.67	9.58	0.000504	0.000179
K11606	109.67	12.58	0.000504	0.000235
K11607	109.67	9.58	0.000504	0.000179
K11608	10.00	0.00	0.000046	0.000000
K11614	124.00	0.00	0.000570	0.000000
K11615	867.00	452.00	0.003984	0.008461
K11616	85.80	0.00	0.000394	0.000000
K11617	1641.50	2328.65	0.007544	0.043591
K11618	1877.08	2328.65	0.008626	0.043591
K11619	414.33	5.00	0.001904	0.000094
K11620	80.00	0.00	0.000368	0.000000
K11621	92.00	0.00	0.000423	0.000000
K11622	624.33	5.00	0.002869	0.000094
K11624	272.00	0.00	0.001250	0.000000
K11626	92.00	0.00	0.000423	0.000000
K11629	542.00	0.00	0.002491	0.000000
K11630	542.00	0.00	0.002491	0.000000
K11631	957.00	0.00	0.004398	0.000000
K11632	957.00	0.00	0.004398	0.000000
K11635	438.50	0.00	0.002015	0.000000
K11636	438.50	0.00	0.002015	0.000000
K11637	351.00	0.00	0.001613	0.000000
K11638	351.00	0.00	0.001613	0.000000
K11639	78.00	0.00	0.000358	0.000000
K11640	78.00	0.00	0.000358	0.000000
K11641	78.00	0.00	0.000358	0.000000
K11645	1166.99	280.45	0.005363	0.005250
K11646	20.00	0.00	0.000092	0.000000
K11685	308.27	258.45	0.001417	0.004838
K11686	192.00	5.00	0.000882	0.000094
K11688	1043.67	22.00	0.004796	0.000412
K11689	423.50	22.00	0.001946	0.000412
K11690	1000.50	22.00	0.004598	0.000412
K11691	93.00	0.00	0.000427	0.000000
K11692	93.00	0.00	0.000427	0.000000
K11693	831.40	0.00	0.003821	0.000000
K11694	787.00	0.00	0.003617	0.000000
K11695	787.00	0.00	0.003617	0.000000
K11704	889.67	6.65	0.004089	0.000124
K11705	956.17	6.65	0.004394	0.000124
K11706	889.67	6.65	0.004089	0.000124
K11707	647.33	14.00	0.002975	0.000262
K11708	612.33	2.00	0.002814	0.000037
K11709	612.33	2.00	0.002814	0.000037
K11710	720.66	2.00	0.003312	0.000037
K11711	257.17	0.00	0.001182	0.000000
K11712	257.17	0.00	0.001182	0.000000
K11717	10909.07	3260.18	0.050134	0.061028
K11719	5310.82	368.28	0.024406	0.006894
K11720	8772.66	1002.32	0.040316	0.018763
K11731	646.20	0.00	0.002970	0.000000
K11732	334.27	258.45	0.001536	0.004838
K11733	5500.23	562.45	0.025277	0.010529
K11734	7544.68	324.95	0.034672	0.006083
K11735	1036.09	290.45	0.004761	0.005437
K11736	316.07	258.45	0.001453	0.004838
K11737	8935.16	305.45	0.041062	0.005718
K11738	1270.57	279.70	0.005839	0.005236
K11739	277.06	255.20	0.001273	0.004777
K11740	609.40	259.20	0.002801	0.004852
K11741	8283.10	300.87	0.038066	0.005632
K11742	559.32	269.45	0.002570	0.005044
K11743	559.32	269.45	0.002570	0.005044
K11744	316.07	258.45	0.001453	0.004838
K11745	774.24	295.28	0.003558	0.005527
K11746	528.44	258.45	0.002428	0.004838
K11747	5474.22	335.78	0.025157	0.006286
K11748	842.82	314.78	0.003873	0.005892
K11749	11711.75	3890.10	0.053822	0.072820
K11750	320.82	277.95	0.001474	0.005203
K11751	317.40	273.28	0.001459	0.005116
K11752	13035.59	1431.45	0.059906	0.026796
K11753	14639.33	4125.85	0.067276	0.077233
K11754	15547.76	6342.52	0.071451	0.118728
K11755	9286.09	456.45	0.042675	0.008544
K11777	47.75	0.00	0.000219	0.000000
K11779	256.50	1.50	0.001179	0.000028
K11780	792.75	0.00	0.003643	0.000000
K11781	792.75	0.00	0.003643	0.000000
K11782	769.66	3.17	0.003537	0.000059
K11783	699.66	3.17	0.003215	0.000059
K11784	727.33	1.50	0.003343	0.000028
K11785	734.66	3.17	0.003376	0.000059
K11787	758.67	12.00	0.003487	0.000225
K11788	15.00	0.00	0.000069	0.000000
K11811	4924.98	11.00	0.022633	0.000206
K11814	123.00	0.00	0.000565	0.000000
K11815	151.00	0.00	0.000694	0.000000
K11890	508.63	3.25	0.002337	0.000061
K11891	3473.15	266.45	0.015961	0.004988
K11892	3422.40	263.20	0.015728	0.004927
K11893	3743.07	266.45	0.017202	0.004988
K11894	407.65	263.20	0.001873	0.004927
K11895	3756.32	266.45	0.017262	0.004988
K11896	3802.32	266.45	0.017474	0.004988
K11897	3268.79	0.00	0.015022	0.000000
K11898	75.79	0.00	0.000348	0.000000
K11899	12.00	0.00	0.000055	0.000000
K11900	3574.40	263.20	0.016426	0.004927
K11901	3489.57	266.45	0.016037	0.004988
K11902	3328.20	0.00	0.015295	0.000000
K11903	4157.61	294.95	0.019107	0.005521
K11904	16395.68	817.85	0.075348	0.015310
K11905	416.73	263.20	0.001915	0.004927
K11906	670.99	266.45	0.003084	0.004988
K11907	3480.81	266.45	0.015996	0.004988
K11908	4.75	11.00	0.000022	0.000206
K11909	279.15	263.20	0.001283	0.004927
K11910	396.98	263.20	0.001824	0.004927
K11911	305.52	263.20	0.001404	0.004927
K11912	25.50	0.00	0.000117	0.000000
K11913	37.50	0.00	0.000172	0.000000
K11914	108.50	0.00	0.000499	0.000000
K11915	136.00	0.00	0.000625	0.000000
K11916	28.00	0.00	0.000129	0.000000
K11917	19.50	0.00	0.000090	0.000000
K11918	31.50	0.00	0.000145	0.000000
K11919	19.50	0.00	0.000090	0.000000
K11921	330.23	259.95	0.001518	0.004866
K11922	317.69	252.20	0.001460	0.004721
K11923	316.07	258.45	0.001453	0.004838
K11924	936.27	280.45	0.004303	0.005250
K11925	320.82	277.95	0.001474	0.005203
K11926	320.82	277.95	0.001474	0.005203
K11927	6372.02	905.45	0.029283	0.016949
K11928	8401.81	801.53	0.038611	0.015004
K11929	308.27	258.45	0.001417	0.004838
K11930	287.98	258.45	0.001323	0.004838
K11931	3348.43	252.20	0.015388	0.004721
K11932	366.15	258.45	0.001683	0.004838
K11933	320.82	277.95	0.001474	0.005203
K11934	316.07	258.45	0.001453	0.004838
K11935	503.44	252.20	0.002314	0.004721
K11936	6386.88	772.20	0.029351	0.014455
K11937	2618.04	0.00	0.012031	0.000000
K11938	323.40	260.12	0.001486	0.004869
K11939	8904.12	303.37	0.040920	0.005679
K11940	1255.94	290.45	0.005772	0.005437
K11941	329.07	258.45	0.001512	0.004838
K11942	1572.17	8.00	0.007225	0.000150
K11950	47.75	0.00	0.000219	0.000000
K11951	47.75	0.00	0.000219	0.000000
K11952	47.75	0.00	0.000219	0.000000
K11953	76.67	0.00	0.000352	0.000000
K11954	47.75	0.00	0.000219	0.000000
K11955	47.75	0.00	0.000219	0.000000
K11956	47.75	0.00	0.000219	0.000000
K11957	47.75	0.00	0.000219	0.000000
K11958	47.75	0.00	0.000219	0.000000
K11959	4833.42	27.00	0.022212	0.000505
K11960	4729.09	27.00	0.021733	0.000505
K11961	4729.09	27.00	0.021733	0.000505
K11962	4843.09	27.00	0.022257	0.000505
K11963	4956.09	65.33	0.022776	0.001223
K11991	10005.14	3712.85	0.045980	0.069502
K11996	10586.92	386.45	0.048653	0.007234
K12055	14.00	0.00	0.000064	0.000000
K12056	349.08	255.20	0.001604	0.004777
K12057	73.35	0.00	0.000337	0.000000
K12058	73.35	0.00	0.000337	0.000000
K12059	73.35	0.00	0.000337	0.000000
K12060	56.01	0.00	0.000257	0.000000
K12061	73.35	0.00	0.000337	0.000000
K12062	73.35	0.00	0.000337	0.000000
K12063	73.35	0.00	0.000337	0.000000
K12064	64.68	0.00	0.000297	0.000000
K12065	74.68	0.00	0.000343	0.000000
K12066	74.68	0.00	0.000343	0.000000
K12067	74.68	0.00	0.000343	0.000000
K12068	66.01	0.00	0.000303	0.000000
K12069	8.67	0.00	0.000040	0.000000
K12072	349.08	252.20	0.001604	0.004721
K12073	772.75	0.00	0.003551	0.000000
K12097	15.00	0.00	0.000069	0.000000
K12111	323.77	334.20	0.001488	0.006256
K12112	288.77	266.20	0.001327	0.004983
K12113	288.77	266.20	0.001327	0.004983
K12136	279.15	263.20	0.001283	0.004927
K12137	279.15	263.20	0.001283	0.004927
K12138	279.15	263.20	0.001283	0.004927
K12139	548.80	504.40	0.002522	0.009442
K12140	293.40	252.20	0.001348	0.004721
K12141	293.40	252.20	0.001348	0.004721
K12142	274.40	252.20	0.001261	0.004721
K12143	279.15	263.20	0.001283	0.004927
K12144	274.40	252.20	0.001261	0.004721
K12145	274.40	252.20	0.001261	0.004721
K12146	274.40	252.20	0.001261	0.004721
K12147	316.07	258.45	0.001453	0.004838
K12148	316.07	258.45	0.001453	0.004838
K12149	595.22	536.15	0.002735	0.010036
K12151	316.07	258.45	0.001453	0.004838
K12152	320.82	258.78	0.001474	0.004844
K12203	3.00	3.00	0.000014	0.000056
K12204	3.00	3.00	0.000014	0.000056
K12205	3.00	3.00	0.000014	0.000056
K12206	33.00	3.00	0.000152	0.000056
K12209	3.00	3.00	0.000014	0.000056
K12213	3.00	3.00	0.000014	0.000056
K12214	3.00	3.00	0.000014	0.000056
K12217	6.00	3.00	0.000028	0.000056
K12218	3.00	3.00	0.000014	0.000056
K12222	3.00	3.00	0.000014	0.000056
K12227	0.00	3.00	0.000000	0.000056
K12234	665.83	1.50	0.003060	0.000028
K12240	13.00	0.00	0.000060	0.000000
K12242	0.00	3.00	0.000000	0.000056
K12243	12.00	0.00	0.000055	0.000000
K12247	15.00	0.00	0.000069	0.000000
K12251	2360.67	69.17	0.010849	0.001295
K12252	40.50	0.00	0.000186	0.000000
K12254	421.42	11.00	0.001937	0.000206
K12255	189.50	0.00	0.000871	0.000000
K12256	503.42	11.00	0.002314	0.000206
K12257	5417.89	937.67	0.024898	0.017553
K12262	7663.45	345.45	0.035218	0.006467
K12263	961.33	5.00	0.004418	0.000094
K12264	313.02	269.45	0.001439	0.005044
K12265	320.82	269.45	0.001474	0.005044
K12266	457.52	269.45	0.002103	0.005044
K12267	3812.50	3406.00	0.017521	0.063758
K12268	804.00	2178.00	0.003695	0.040771
K12269	806.00	2178.00	0.003704	0.040771
K12270	779.00	2178.00	0.003580	0.040771
K12276	189.92	19.50	0.000873	0.000365
K12278	189.92	19.50	0.000873	0.000365
K12279	189.92	19.50	0.000873	0.000365
K12280	189.92	19.50	0.000873	0.000365
K12281	189.92	19.50	0.000873	0.000365
K12282	189.92	19.50	0.000873	0.000365
K12283	189.92	19.50	0.000873	0.000365
K12284	189.92	19.50	0.000873	0.000365
K12285	189.92	19.50	0.000873	0.000365
K12286	52.92	19.50	0.000243	0.000365
K12287	146.92	11.00	0.000675	0.000206
K12288	316.07	258.45	0.001453	0.004838
K12289	316.07	258.45	0.001453	0.004838
K12290	308.27	258.45	0.001417	0.004838
K12291	307.78	258.45	0.001414	0.004838
K12296	441.00	2205.25	0.002027	0.041281
K12297	3916.98	301.28	0.018001	0.005640
K12299	292.48	255.20	0.001344	0.004777
K12308	4672.99	1439.07	0.021475	0.026938
K12339	4566.31	278.95	0.020985	0.005222
K12340	7816.94	356.45	0.035923	0.006673
K12343	19.00	0.00	0.000087	0.000000
K12349	193.67	0.00	0.000890	0.000000
K12368	942.91	292.78	0.004333	0.005481
K12369	720.57	286.78	0.003311	0.005368
K12370	720.57	286.78	0.003311	0.005368
K12371	736.57	286.78	0.003385	0.005368
K12372	720.57	286.78	0.003311	0.005368
K12373	4276.51	502.50	0.019653	0.009406
K12405	19.50	0.00	0.000090	0.000000
K12410	10990.76	1868.60	0.050509	0.034979
K12420	5.33	0.00	0.000024	0.000000
K12424	13.00	0.00	0.000060	0.000000
K12428	155.50	27.25	0.000715	0.000510
K12429	21.33	1.50	0.000098	0.000028
K12431	0.00	1.50	0.000000	0.000028
K12433	0.00	1.50	0.000000	0.000028
K12436	13.00	1.50	0.000060	0.000028
K12437	167.50	27.25	0.000770	0.000510
K12448	266.67	0.00	0.001226	0.000000
K12452	23.50	3.25	0.000108	0.000061
K12454	79.20	0.00	0.000364	0.000000
K12472	0.00	11.00	0.000000	0.000206
K12500	490.07	258.45	0.002252	0.004838
K12503	1549.16	35.92	0.007119	0.000672
K12506	1662.87	79.00	0.007642	0.001479
K12507	283.23	258.45	0.001302	0.004838
K12508	570.37	21.25	0.002621	0.000398
K12510	6284.54	285.75	0.028881	0.005349
K12511	4171.71	54.00	0.019171	0.001011
K12516	7.50	6.25	0.000034	0.000117
K12517	1.33	3.00	0.000006	0.000056
K12518	1.33	3.00	0.000006	0.000056
K12519	1.33	3.00	0.000006	0.000056
K12520	1.33	0.00	0.000006	0.000000
K12521	1.33	0.00	0.000006	0.000000
K12522	1.33	0.00	0.000006	0.000000
K12523	1.33	0.00	0.000006	0.000000
K12524	2087.32	329.78	0.009592	0.006173
K12525	320.82	277.95	0.001474	0.005203
K12526	287.00	0.00	0.001319	0.000000
K12527	1001.48	718.20	0.004602	0.013444
K12528	280.48	266.20	0.001289	0.004983
K12529	280.48	266.20	0.001289	0.004983
K12536	274.22	0.00	0.001260	0.000000
K12537	186.22	0.00	0.000856	0.000000
K12538	169.47	0.00	0.000779	0.000000
K12540	81.00	0.00	0.000372	0.000000
K12541	5784.66	14.25	0.026584	0.000267
K12542	3426.66	14.25	0.015748	0.000267
K12543	3203.62	14.25	0.014723	0.000267
K12545	19.50	0.00	0.000090	0.000000
K12551	415.00	0.00	0.001907	0.000000
K12552	769.00	0.00	0.003534	0.000000
K12553	789.00	0.00	0.003626	0.000000
K12554	458.00	2206.50	0.002105	0.041304
K12555	2097.17	2528.65	0.009638	0.047335
K12556	707.87	2302.25	0.003253	0.043097
K12567	1.00	0.00	0.000005	0.000000
K12573	11696.67	3890.10	0.053753	0.072820
K12574	12986.68	6857.72	0.059681	0.128372
K12582	316.07	258.78	0.001453	0.004844
K12583	1319.83	32.75	0.006065	0.000613
K12585	210.00	0.00	0.000965	0.000000
K12600	29.67	0.00	0.000136	0.000000
K12658	571.70	3.00	0.002627	0.000056
K12660	283.23	258.45	0.001302	0.004838
K12661	134.00	9.00	0.000616	0.000168
K12678	1343.17	1015.05	0.006173	0.019001
K12684	32.66	6.00	0.000150	0.000112
K12685	335.80	0.00	0.001543	0.000000
K12686	808.84	3.25	0.003717	0.000061
K12687	277.06	255.20	0.001273	0.004777
K12700	1284.65	453.45	0.005904	0.008488
K12733	20.00	0.00	0.000092	0.000000
K12784	0.00	3.00	0.000000	0.000056
K12785	0.00	3.00	0.000000	0.000056
K12786	0.00	3.00	0.000000	0.000056
K12787	0.00	3.00	0.000000	0.000056
K12788	0.00	3.00	0.000000	0.000056
K12790	0.00	3.00	0.000000	0.000056
K12826	3.00	0.00	0.000014	0.000000
K12910	7.33	1.67	0.000034	0.000031
K12940	930.44	310.20	0.004276	0.005807
K12941	989.69	252.20	0.004548	0.004721
K12942	3803.09	1622.95	0.017477	0.030381
K12943	316.07	258.45	0.001453	0.004838
K12944	299.98	258.45	0.001379	0.004838
K12945	308.27	258.45	0.001417	0.004838
K12952	2293.51	2967.15	0.010540	0.055543
K12954	462.00	27.25	0.002123	0.000510
K12955	13.00	1.50	0.000060	0.000028
K12957	3159.93	258.45	0.014522	0.004838
K12960	989.33	119.00	0.004547	0.002228
K12961	320.82	277.95	0.001474	0.005203
K12962	468.82	269.45	0.002155	0.005044
K12963	320.82	269.45	0.001474	0.005044
K12972	1950.91	280.45	0.008966	0.005250
K12973	341.11	258.45	0.001568	0.004838
K12974	316.07	258.45	0.001453	0.004838
K12975	316.07	258.45	0.001453	0.004838
K12976	163.50	0.00	0.000751	0.000000
K12979	4254.97	3.25	0.019554	0.000061
K12980	81.00	0.00	0.000372	0.000000
K12981	7.50	3.25	0.000034	0.000061
K12982	407.75	25.50	0.001874	0.000477
K12984	37.59	25.50	0.000173	0.000477
K12985	275.73	252.20	0.001267	0.004721
K12988	19.50	0.00	0.000090	0.000000
K12989	248.00	0.00	0.001140	0.000000
K12990	145.29	17.00	0.000668	0.000318
K12991	35.00	0.00	0.000161	0.000000
K12992	266.50	3.25	0.001225	0.000061
K12994	169.50	0.00	0.000779	0.000000
K12995	343.17	0.00	0.001577	0.000000
K12996	442.20	2205.25	0.002032	0.041281
K12997	480.00	2205.25	0.002206	0.041281
K12998	0.00	4.00	0.000000	0.000075
K12999	441.00	2203.25	0.002027	0.041243
K13005	7.50	3.25	0.000034	0.000061
K13006	33.00	0.00	0.000152	0.000000
K13007	2451.25	0.00	0.011265	0.000000
K13009	4.75	11.00	0.000022	0.000206
K13010	70.08	1.50	0.000322	0.000028
K13012	407.50	16.00	0.001873	0.000300
K13013	354.20	6.00	0.001628	0.000112
K13014	320.82	269.45	0.001474	0.005044
K13015	953.25	3.00	0.004381	0.000056
K13016	2358.00	0.00	0.010836	0.000000
K13017	2518.17	0.00	0.011572	0.000000
K13018	2537.84	0.00	0.011663	0.000000
K13019	60.84	0.00	0.000280	0.000000
K13020	158.17	0.00	0.000727	0.000000
K13021	45.50	3.25	0.000209	0.000061
K13028	10.00	0.00	0.000046	0.000000
K13037	78.00	0.00	0.000358	0.000000
K13038	13299.06	1626.60	0.061117	0.030449
K13040	24.25	3.25	0.000111	0.000061
K13041	38.25	3.25	0.000176	0.000061
K13043	1121.50	3.00	0.005154	0.000056
K13049	494.00	6.00	0.002270	0.000112
K13051	2386.24	276.45	0.010966	0.005175
K13052	3062.50	2608.65	0.014074	0.048832
K13053	690.57	266.95	0.003174	0.004997
K13057	163.50	0.00	0.000751	0.000000
K13059	1.50	0.00	0.000007	0.000000
K13060	423.55	19.50	0.001946	0.000365
K13063	47.33	1.50	0.000218	0.000028
K13069	3420.79	518.40	0.015721	0.009704
K13085	7.50	3.25	0.000034	0.000061
K13237	33.00	0.00	0.000152	0.000000
K13243	275.73	255.20	0.001267	0.004777
K13245	360.00	6.00	0.001654	0.000112
K13252	28.87	0.00	0.000133	0.000000
K13255	509.27	258.45	0.002340	0.004838
K13256	862.87	357.18	0.003965	0.006686
K13274	106.33	0.00	0.000489	0.000000
K13275	430.50	73.00	0.001978	0.001367
K13276	78.00	0.00	0.000358	0.000000
K13277	106.00	0.00	0.000487	0.000000
K13280	974.87	165.00	0.004480	0.003089
K13281	1710.75	603.67	0.007862	0.011300
K13282	2608.74	462.67	0.011989	0.008661
K13283	644.49	310.28	0.002962	0.005808
K13284	7.50	3.25	0.000034	0.000061
K13285	7.50	3.25	0.000034	0.000061
K13286	7.50	3.25	0.000034	0.000061
K13287	7.50	3.25	0.000034	0.000061
K13288	6191.98	525.03	0.028456	0.009828
K13292	10649.97	3888.50	0.048943	0.072790
K13300	791.33	5.00	0.003637	0.000094
K13301	316.07	258.45	0.001453	0.004838
K13311	13.00	0.00	0.000060	0.000000
K13315	27.33	0.00	0.000126	0.000000
K13371	14.00	0.00	0.000064	0.000000
K13372	14.00	0.00	0.000064	0.000000
K13378	3535.98	282.95	0.016250	0.005297
K13381	1.33	3.00	0.000006	0.000056
K13408	437.83	0.00	0.002012	0.000000
K13409	424.37	0.00	0.001950	0.000000
K13421	651.08	0.00	0.002992	0.000000
K13444	270.00	0.00	0.001241	0.000000
K13448	13.00	0.00	0.000060	0.000000
K13479	660.48	718.20	0.003035	0.013444
K13480	280.48	266.20	0.001289	0.004983
K13481	1271.87	43.92	0.005845	0.000822
K13482	1288.87	43.92	0.005923	0.000822
K13483	2445.34	263.20	0.011238	0.004927
K13485	416.67	1.67	0.001915	0.000031
K13486	281.34	0.00	0.001293	0.000000
K13487	281.34	0.00	0.001293	0.000000
K13488	281.34	0.00	0.001293	0.000000
K13489	281.34	0.00	0.001293	0.000000
K13490	281.34	0.00	0.001293	0.000000
K13491	281.34	0.00	0.001293	0.000000
K13497	672.27	258.45	0.003089	0.004838
K13498	1017.65	795.28	0.004677	0.014887
K13501	35.00	0.00	0.000161	0.000000
K13503	298.83	1.67	0.001373	0.000031
K13522	3342.83	8.34	0.015362	0.000156
K13525	322.59	4.00	0.001482	0.000075
K13527	1857.83	235.75	0.008538	0.004413
K13529	1435.08	31.00	0.006595	0.000580
K13530	776.80	1.40	0.003570	0.000026
K13531	612.80	98.40	0.002816	0.001842
K13532	88.00	0.00	0.000404	0.000000
K13533	558.00	5.00	0.002564	0.000094
K13540	106.00	1.50	0.000487	0.000028
K13541	995.25	0.00	0.004574	0.000000
K13542	3496.24	934.42	0.016067	0.017492
K13543	206.17	0.00	0.000947	0.000000
K13559	78.00	0.00	0.000358	0.000000
K13560	78.00	0.00	0.000358	0.000000
K13570	1870.83	235.75	0.008598	0.004413
K13571	3715.66	471.50	0.017076	0.008826
K13572	1427.16	17.50	0.006559	0.000328
K13573	1318.83	48.00	0.006061	0.000899
K13574	513.48	255.20	0.002360	0.004777
K13580	88.50	0.00	0.000407	0.000000
K13581	1118.20	32.00	0.005139	0.000599
K13582	765.20	6.00	0.003517	0.000112
K13583	1447.87	32.00	0.006654	0.000599
K13584	1132.87	32.00	0.005206	0.000599
K13585	360.00	6.00	0.001654	0.000112
K13586	360.00	6.00	0.001654	0.000112
K13587	1107.87	32.00	0.005091	0.000599
K13588	1094.87	32.00	0.005032	0.000599
K13589	882.87	10.00	0.004057	0.000187
K13590	1772.33	488.50	0.008145	0.009144
K13591	360.00	6.00	0.001654	0.000112
K13592	894.87	10.00	0.004112	0.000187
K13593	619.20	6.00	0.002846	0.000112
K13598	1120.87	32.00	0.005151	0.000599
K13599	1152.87	32.00	0.005298	0.000599
K13609	72.00	0.00	0.000331	0.000000
K13611	28.00	0.00	0.000129	0.000000
K13614	4.00	0.00	0.000018	0.000000
K13620	308.27	258.45	0.001417	0.004838
K13622	150.67	0.00	0.000692	0.000000
K13623	130.67	0.00	0.000601	0.000000
K13626	1259.23	73.00	0.005787	0.001367
K13628	9381.35	365.78	0.043113	0.006847
K13629	308.27	258.45	0.001417	0.004838
K13630	308.27	258.45	0.001417	0.004838
K13631	299.98	258.45	0.001379	0.004838
K13632	308.27	258.45	0.001417	0.004838
K13633	408.37	9.00	0.001877	0.000168
K13634	850.49	284.28	0.003909	0.005322
K13635	3585.15	271.20	0.016476	0.005077
K13636	45.09	14.25	0.000207	0.000267
K13637	316.56	258.45	0.001455	0.004838
K13638	320.82	269.45	0.001474	0.005044
K13639	1799.89	274.95	0.008272	0.005147
K13640	2142.66	249.42	0.009847	0.004669
K13641	1596.57	287.62	0.007337	0.005384
K13642	33.00	0.00	0.000152	0.000000
K13643	4818.15	400.78	0.022142	0.007502
K13650	300.77	255.20	0.001382	0.004777
K13652	610.65	266.45	0.002806	0.004988
K13653	4667.38	2913.40	0.021449	0.054537
K13654	291.52	258.45	0.001340	0.004838
K13668	359.83	31.75	0.001654	0.000594
K13669	0.00	1.50	0.000000	0.000028
K13671	951.49	74.25	0.004373	0.001390
K13677	574.84	2213.25	0.002642	0.041431
K13678	591.20	195.00	0.002717	0.003650
K13683	320.27	258.45	0.001472	0.004838
K13684	308.27	258.45	0.001417	0.004838
K13686	168.50	27.25	0.000774	0.000510
K13687	130.50	12.00	0.000600	0.000225
K13688	249.68	0.00	0.001147	0.000000
K13689	15.00	0.00	0.000069	0.000000
K13693	2616.83	13.50	0.012026	0.000253
K13694	1706.07	264.78	0.007840	0.004957
K13695	397.82	284.28	0.001828	0.005322
K13714	937.00	0.00	0.004306	0.000000
K13727	136.71	0.00	0.000628	0.000000
K13730	83.08	12.00	0.000382	0.000225
K13735	873.69	771.85	0.004015	0.014449
K13739	7.50	3.25	0.000034	0.000061
K13740	7.50	3.25	0.000034	0.000061
K13741	7.50	3.25	0.000034	0.000061
K13743	0.00	3.00	0.000000	0.000056
K13745	3518.08	12.50	0.016168	0.000234
K13747	520.17	35.67	0.002390	0.000668
K13766	5225.95	55.50	0.024016	0.001039
K13767	386.00	5.00	0.001774	0.000094
K13770	630.33	5.00	0.002897	0.000094
K13771	6702.30	811.70	0.030801	0.015194
K13772	146.00	0.00	0.000671	0.000000
K13774	648.54	0.00	0.002980	0.000000
K13775	943.04	6.00	0.004334	0.000112
K13776	2871.16	0.00	0.013195	0.000000
K13777	609.20	0.00	0.002800	0.000000
K13778	612.87	0.00	0.002816	0.000000
K13779	534.20	0.00	0.002455	0.000000
K13786	156.00	0.00	0.000717	0.000000
K13787	2513.32	255.25	0.011550	0.004778
K13788	5976.14	529.70	0.027464	0.009916
K13789	7566.52	3556.82	0.034773	0.066581
K13794	139.65	3.25	0.000642	0.000061
K13795	208.45	3.25	0.000958	0.000061
K13796	518.45	3.25	0.002383	0.000061
K13799	772.75	0.00	0.003551	0.000000
K13810	509.37	0.00	0.002341	0.000000
K13815	287.00	0.00	0.001319	0.000000
K13816	313.29	4.00	0.001440	0.000075
K13818	167.00	47.00	0.000767	0.000880
K13819	70.25	0.00	0.000323	0.000000
K13820	434.90	68.00	0.001999	0.001273
K13821	7334.27	348.53	0.033705	0.006524
K13829	1290.03	272.50	0.005928	0.005101
K13832	20.00	0.00	0.000092	0.000000
K13853	1396.66	83.67	0.006418	0.001566
K13868	13.00	0.00	0.000060	0.000000
K13873	12.00	0.00	0.000055	0.000000
K13874	188.17	0.00	0.000865	0.000000
K13875	221.17	0.00	0.001016	0.000000
K13876	36.00	0.00	0.000165	0.000000
K13888	4356.52	348.78	0.020021	0.006529
K13889	465.07	258.45	0.002137	0.004838
K13890	564.07	258.45	0.002592	0.004838
K13891	495.07	258.45	0.002275	0.004838
K13892	506.07	258.45	0.002326	0.004838
K13893	4673.63	315.95	0.021478	0.005914
K13894	4240.18	304.95	0.019486	0.005708
K13895	4240.18	304.95	0.019486	0.005708
K13896	4235.43	285.45	0.019464	0.005343
K13918	316.07	258.45	0.001453	0.004838
K13919	174.50	50.25	0.000802	0.000941
K13920	174.50	50.25	0.000802	0.000941
K13921	205.00	50.25	0.000942	0.000941
K13922	429.50	50.25	0.001974	0.000941
K13923	174.50	50.25	0.000802	0.000941
K13924	810.92	1.67	0.003727	0.000031
K13926	766.35	280.45	0.003522	0.005250
K13927	67.00	0.00	0.000308	0.000000
K13928	188.74	0.00	0.000867	0.000000
K13929	743.11	0.00	0.003415	0.000000
K13930	743.11	0.00	0.003415	0.000000
K13931	743.11	0.00	0.003415	0.000000
K13932	743.11	0.00	0.003415	0.000000
K13933	743.11	0.00	0.003415	0.000000
K13934	743.11	0.00	0.003415	0.000000
K13935	171.74	0.00	0.000789	0.000000
K13936	69.04	0.00	0.000317	0.000000
K13938	440.82	274.70	0.002026	0.005142
K13940	2301.67	988.00	0.010578	0.018495
K13950	1996.92	931.25	0.009177	0.017432
K13953	4018.86	2491.70	0.018469	0.046643
K13954	3456.18	269.45	0.015883	0.005044
K13955	469.00	0.00	0.002155	0.000000
K13963	282.50	1.50	0.001298	0.000028
K13967	81.00	0.00	0.000372	0.000000
K13979	4685.69	336.53	0.021534	0.006300
K13990	51.00	0.00	0.000234	0.000000
K13991	137.20	0.00	0.000631	0.000000
K13992	137.20	0.00	0.000631	0.000000
K13993	8923.88	1748.59	0.041010	0.032732
K13995	42.00	0.00	0.000193	0.000000
K14028	137.20	0.00	0.000631	0.000000
K14029	137.20	0.00	0.000631	0.000000
K14048	558.40	3.00	0.002566	0.000056
K14051	316.07	258.45	0.001453	0.004838
K14052	480.77	252.20	0.002209	0.004721
K14053	300.77	255.20	0.001382	0.004777
K14054	316.07	258.45	0.001453	0.004838
K14055	389.82	277.95	0.001791	0.005203
K14056	305.03	263.20	0.001402	0.004927
K14057	282.69	252.20	0.001299	0.004721
K14058	4519.48	312.95	0.020770	0.005858
K14059	1310.70	275.62	0.006023	0.005159
K14060	349.73	255.20	0.001607	0.004777
K14061	299.98	258.45	0.001379	0.004838
K14062	316.56	269.45	0.001455	0.005044
K14063	326.74	252.20	0.001502	0.004721
K14064	316.07	258.45	0.001453	0.004838
K14067	137.20	0.00	0.000631	0.000000
K14079	2358.00	0.00	0.010836	0.000000
K14080	8.00	0.00	0.000037	0.000000
K14083	177.00	22.00	0.000813	0.000412
K14136	214.50	28.75	0.000986	0.000538
K14138	51.50	68.00	0.000237	0.001273
K14153	156.41	46.75	0.000719	0.000875
K14155	6337.10	4035.17	0.029123	0.075536
K14159	2993.46	5.00	0.013757	0.000094
K14160	1875.21	32.00	0.008618	0.000599
K14161	3640.54	60.75	0.016730	0.001137
K14162	4099.37	67.75	0.018839	0.001268
K14166	1120.16	1.50	0.005148	0.000028
K14170	6764.15	1378.28	0.031085	0.025801
K14187	342.07	284.28	0.001572	0.005322
K14188	1932.17	2586.65	0.008879	0.048420
K14189	910.42	7.00	0.004184	0.000131
K14194	338.00	0.00	0.001553	0.000000
K14205	3306.29	409.40	0.015194	0.007664
K14259	55.00	0.00	0.000253	0.000000
K14260	6390.52	2840.78	0.029368	0.053178
K14261	1371.44	305.28	0.006303	0.005715
K14266	2101.18	27.50	0.009656	0.000515
K14267	4598.99	40.92	0.021135	0.000766
K14268	116.50	0.00	0.000535	0.000000
K14273	60.00	0.00	0.000276	0.000000
K14274	20.00	0.00	0.000092	0.000000
K14275	20.00	0.00	0.000092	0.000000
K14287	5008.40	261.45	0.023017	0.004894
K14330	772.75	0.00	0.003551	0.000000
K14331	772.75	0.00	0.003551	0.000000
K14333	34.67	0.00	0.000159	0.000000
K14335	991.84	7.50	0.004558	0.000140
K14337	480.50	28.75	0.002208	0.000538
K14338	210.00	1.50	0.000965	0.000028
K14339	238.83	27.25	0.001098	0.000510
K14340	119.66	1.50	0.000550	0.000028
K14347	4931.99	315.20	0.022665	0.005900
K14348	3370.64	258.45	0.015490	0.004838
K14358	7.00	0.00	0.000032	0.000000
K14392	822.82	690.28	0.003781	0.012922
K14393	7325.45	384.20	0.033665	0.007192
K14414	591.73	258.45	0.002719	0.004838
K14415	4870.67	281.12	0.022384	0.005262
K14422	14.00	0.00	0.000064	0.000000
K14439	144.00	0.00	0.000662	0.000000
K14441	8067.53	1275.45	0.037075	0.023876
K14445	4316.59	52.50	0.019837	0.000983
K14446	346.20	22.00	0.001591	0.000412
K14447	465.53	23.50	0.002139	0.000440
K14448	332.87	28.00	0.001530	0.000524
K14449	344.20	22.00	0.001582	0.000412
K14451	167.00	22.00	0.000767	0.000412
K14470	138.67	0.00	0.000637	0.000000
K14475	116.50	0.00	0.000535	0.000000
K14518	772.75	0.00	0.003551	0.000000
K14519	2113.64	25.00	0.009713	0.000468
K14520	128.01	0.00	0.000588	0.000000
K14540	4470.74	3532.15	0.020546	0.066120
K14564	20.00	0.00	0.000092	0.000000
K14574	20.00	0.00	0.000092	0.000000
K14578	36.00	0.00	0.000165	0.000000
K14581	50.00	0.00	0.000230	0.000000
K14585	8.67	0.00	0.000040	0.000000
K14587	7.50	3.25	0.000034	0.000061
K14588	341.82	269.45	0.001571	0.005044
K14591	317.27	258.45	0.001458	0.004838
K14596	72.00	0.00	0.000331	0.000000
K14597	12.00	0.00	0.000055	0.000000
K14605	772.75	0.00	0.003551	0.000000
K14606	772.75	0.00	0.003551	0.000000
K14623	306.15	252.20	0.001407	0.004721
K14627	13.00	1.50	0.000060	0.000028
K14629	51.00	0.00	0.000234	0.000000
K14645	1674.42	18.34	0.007695	0.000343
K14647	199.00	5.00	0.000915	0.000094
K14652	13172.52	1189.00	0.060535	0.022257
K14654	20.00	0.00	0.000092	0.000000
K14656	20.00	0.00	0.000092	0.000000
K14660	229.67	22.00	0.001055	0.000412
K14665	883.00	5.00	0.004058	0.000094
K14667	5.33	0.00	0.000024	0.000000
K14668	5.33	0.00	0.000024	0.000000
K14670	5.33	0.00	0.000024	0.000000
K14671	5.33	0.00	0.000024	0.000000
K14673	5.33	0.00	0.000024	0.000000
K14680	22.00	0.00	0.000101	0.000000
K14682	3874.15	289.28	0.017804	0.005415
K14683	30.75	11.00	0.000141	0.000206
K14698	25.00	15.25	0.000115	0.000285
K14699	25.00	15.25	0.000115	0.000285
K14727	611.00	0.00	0.002808	0.000000
K14733	134.00	0.00	0.000616	0.000000
K14742	7587.45	418.18	0.034869	0.007828
K14743	201.50	12.00	0.000926	0.000225
K14744	560.29	522.65	0.002575	0.009784
K14749	8.67	0.00	0.000040	0.000000
K14750	20.67	0.00	0.000095	0.000000
K14751	26.01	0.00	0.000120	0.000000
K14761	4740.24	1187.62	0.021784	0.022231
K14762	316.07	258.45	0.001453	0.004838
K14940	362.00	0.00	0.001664	0.000000
K14941	424.50	3.00	0.001951	0.000056
K14949	242.50	28.75	0.001114	0.000538
K14952	34.33	0.00	0.000158	0.000000
K14954	115.33	0.00	0.000530	0.000000
K14956	51.00	16.75	0.000234	0.000314
K14972	30.20	0.00	0.000139	0.000000
K14974	190.00	0.00	0.000873	0.000000
K14977	1319.76	278.87	0.006065	0.005220
K14978	7.50	3.25	0.000034	0.000061
K14979	7.50	3.25	0.000034	0.000061
K14980	1112.87	33.50	0.005114	0.000627
K14981	1112.87	32.00	0.005114	0.000599
K14982	752.67	2303.65	0.003459	0.043123
K14983	752.67	2303.65	0.003459	0.043123
K14986	821.07	6.00	0.003773	0.000112
K14987	1286.07	10.00	0.005910	0.000187
K14998	1852.24	32.00	0.008512	0.000599
K15011	2068.54	28.00	0.009506	0.000524
K15012	2068.54	28.00	0.009506	0.000524
K15016	84.00	0.00	0.000386	0.000000
K15023	51.50	68.00	0.000237	0.001273
K15024	286.00	68.00	0.001314	0.001273
K15034	4435.94	355.28	0.020386	0.006651
K15051	2138.77	3184.50	0.009829	0.059612
K15052	29.33	0.00	0.000135	0.000000
K15054	8.67	0.00	0.000040	0.000000
K15064	8.67	4.00	0.000040	0.000075
K15066	213.00	0.00	0.000979	0.000000
K15067	34.33	0.00	0.000158	0.000000
K15125	1436.24	23.00	0.006600	0.000431
K15126	4.75	0.00	0.000022	0.000000
K15226	772.75	0.00	0.003551	0.000000
K15228	20.00	0.00	0.000092	0.000000
K15229	20.00	0.00	0.000092	0.000000
K15232	34.00	0.00	0.000156	0.000000
K15256	5662.02	292.28	0.026020	0.005471
K15257	770.52	289.28	0.003541	0.005415
K15268	1598.65	277.12	0.007347	0.005188
K15269	310.41	15.50	0.001427	0.000290
K15270	726.84	26.00	0.003340	0.000487
K15311	13.00	0.00	0.000060	0.000000
K15312	16.00	0.00	0.000074	0.000000
K15313	16.00	0.00	0.000074	0.000000
K15314	5.33	0.00	0.000024	0.000000
K15315	5.33	0.00	0.000024	0.000000
K15320	13.00	0.00	0.000060	0.000000
K15337	13.00	0.00	0.000060	0.000000
K15342	7236.12	3027.12	0.033254	0.056666
K15344	7.50	3.25	0.000034	0.000061
K15345	7.50	3.25	0.000034	0.000061
K15346	7.50	3.25	0.000034	0.000061
K15347	7.50	3.25	0.000034	0.000061
K15349	7.50	3.25	0.000034	0.000061
K15350	7.50	3.25	0.000034	0.000061
K15351	7.50	3.25	0.000034	0.000061
K15352	7.50	3.25	0.000034	0.000061
K15357	42.00	0.00	0.000193	0.000000
K15358	115.00	0.00	0.000528	0.000000
K15367	7.50	3.25	0.000034	0.000061
K15368	7.50	3.25	0.000034	0.000061
K15371	2551.42	35.00	0.011725	0.000655
K15372	695.00	92.75	0.003194	0.001736
K15373	39.00	0.00	0.000179	0.000000
K15383	1045.08	11.00	0.004803	0.000206
K15396	3938.98	289.28	0.018102	0.005415
K15408	865.83	7.67	0.003979	0.000144
K15429	20.00	0.00	0.000092	0.000000
K15460	1785.82	391.78	0.008207	0.007334
K15461	4215.15	295.28	0.019371	0.005527
K15468	105.00	0.00	0.000483	0.000000
K15495	28.29	0.00	0.000130	0.000000
K15496	28.29	0.00	0.000130	0.000000
K15497	20.00	0.00	0.000092	0.000000
K15509	119.29	0.00	0.000548	0.000000
K15510	98.00	0.00	0.000450	0.000000
K15512	137.00	0.00	0.000630	0.000000
K15513	137.00	0.00	0.000630	0.000000
K15518	899.83	73.00	0.004135	0.001367
K15519	914.83	73.00	0.004204	0.001367
K15520	1134.83	32.75	0.005215	0.000613
K15521	1235.66	32.75	0.005679	0.000613
K15524	360.69	252.20	0.001658	0.004721
K15525	917.49	31.92	0.004216	0.000598
K15526	1223.66	32.75	0.005623	0.000613
K15527	19.00	1.50	0.000087	0.000028
K15531	2.00	0.00	0.000009	0.000000
K15532	1599.71	109.25	0.007352	0.002045
K15533	407.50	452.00	0.001873	0.008461
K15536	833.19	284.28	0.003829	0.005322
K15539	1189.49	284.28	0.005466	0.005322
K15540	327.77	258.45	0.001506	0.004838
K15545	316.07	264.78	0.001453	0.004957
K15546	365.20	0.00	0.001678	0.000000
K15547	295.73	255.20	0.001359	0.004777
K15548	316.07	258.45	0.001453	0.004838
K15549	295.73	255.20	0.001359	0.004777
K15550	280.90	255.20	0.001291	0.004777
K15551	944.52	270.45	0.004341	0.005063
K15552	1036.52	270.45	0.004763	0.005063
K15553	9398.51	255.20	0.043192	0.004777
K15554	5443.08	255.20	0.025014	0.004777
K15555	5667.76	347.20	0.026047	0.006499
K15576	1577.12	6.00	0.007248	0.000112
K15577	1100.95	0.00	0.005060	0.000000
K15578	1109.20	0.00	0.005097	0.000000
K15579	41.42	0.00	0.000190	0.000000
K15580	12637.51	8642.43	0.058077	0.161781
K15581	6649.18	3715.68	0.030557	0.069555
K15582	6623.68	3706.93	0.030440	0.069391
K15583	6715.15	4017.43	0.030860	0.075204
K15584	377.73	255.20	0.001736	0.004777
K15585	377.73	255.20	0.001736	0.004777
K15586	544.73	302.20	0.002503	0.005657
K15587	377.73	255.20	0.001736	0.004777
K15598	449.00	37.25	0.002063	0.000697
K15599	305.00	37.25	0.001402	0.000697
K15600	188.00	22.00	0.000864	0.000412
K15629	617.17	0.00	0.002836	0.000000
K15633	8945.76	1343.18	0.041111	0.025143
K15634	20953.88	12403.89	0.096295	0.232193
K15635	51.83	1.67	0.000238	0.000031
K15640	288.33	0.00	0.001325	0.000000
K15642	15.00	1.50	0.000069	0.000028
K15652	19.20	0.00	0.000088	0.000000
K15654	78.00	0.00	0.000358	0.000000
K15655	78.00	0.00	0.000358	0.000000
K15656	78.00	0.00	0.000358	0.000000
K15657	78.00	0.00	0.000358	0.000000
K15669	50.00	0.00	0.000230	0.000000
K15670	0.00	1.50	0.000000	0.000028
K15690	51.00	0.00	0.000234	0.000000
K15721	275.73	255.20	0.001267	0.004777
K15722	291.52	258.45	0.001340	0.004838
K15723	320.82	277.95	0.001474	0.005203
K15724	4176.15	289.28	0.019192	0.005415
K15725	7658.23	18.00	0.035194	0.000337
K15726	10430.47	21.00	0.047934	0.000393
K15727	9147.64	21.00	0.042039	0.000393
K15731	313.00	0.00	0.001438	0.000000
K15733	789.50	30.25	0.003628	0.000566
K15734	72.00	0.00	0.000331	0.000000
K15735	391.98	258.45	0.001801	0.004838
K15736	548.06	259.95	0.002519	0.004866
K15737	299.98	258.45	0.001379	0.004838
K15738	11950.27	3533.93	0.054919	0.066153
K15739	13.00	0.00	0.000060	0.000000
K15746	1673.84	7.00	0.007692	0.000131
K15751	12.00	0.00	0.000055	0.000000
K15752	12.00	0.00	0.000055	0.000000
K15755	12.00	0.00	0.000055	0.000000
K15770	4666.32	3584.82	0.021444	0.067105
K15771	4524.32	3255.82	0.020792	0.060947
K15772	4632.99	3262.82	0.021291	0.061078
K15773	367.77	255.20	0.001690	0.004777
K15777	6785.48	338.95	0.031183	0.006345
K15778	4606.53	11.00	0.021170	0.000206
K15780	698.37	117.00	0.003209	0.002190
K15782	144.00	0.00	0.000662	0.000000
K15783	380.00	22.00	0.001746	0.000412
K15784	213.00	0.00	0.000979	0.000000
K15785	380.00	22.00	0.001746	0.000412
K15786	205.00	0.00	0.000942	0.000000
K15790	22.00	0.00	0.000101	0.000000
K15792	14.00	0.00	0.000064	0.000000
K15827	308.27	258.45	0.001417	0.004838
K15828	308.27	258.45	0.001417	0.004838
K15829	308.27	258.45	0.001417	0.004838
K15830	313.02	269.45	0.001439	0.005044
K15831	308.27	258.45	0.001417	0.004838
K15832	308.27	258.45	0.001417	0.004838
K15833	308.27	258.45	0.001417	0.004838
K15834	313.02	269.45	0.001439	0.005044
K15835	275.73	252.20	0.001267	0.004721
K15836	313.02	269.45	0.001439	0.005044
K15852	9.50	22.00	0.000044	0.000412
K15855	24.50	1.50	0.000113	0.000028
K15856	361.16	0.00	0.001660	0.000000
K15861	751.40	6.00	0.003453	0.000112
K15862	1252.00	3.00	0.005754	0.000056
K15864	120.00	0.00	0.000551	0.000000
K15866	5827.28	316.62	0.026780	0.005927
K15868	118.00	6.00	0.000542	0.000112
K15876	79.50	0.00	0.000365	0.000000
K15878	7.33	1.67	0.000034	0.000031
K15879	7.33	1.67	0.000034	0.000031
K15888	20.00	0.00	0.000092	0.000000
K15894	123.75	17.00	0.000569	0.000318
K15895	15.00	0.00	0.000069	0.000000
K15896	15.00	0.00	0.000069	0.000000
K15897	15.00	0.00	0.000069	0.000000
K15898	78.50	0.00	0.000361	0.000000
K15899	103.00	0.00	0.000473	0.000000
K15904	20.00	0.00	0.000092	0.000000
K15907	0.00	1.50	0.000000	0.000028
K15910	15.00	0.00	0.000069	0.000000
K15913	15.00	0.00	0.000069	0.000000
K15914	15.00	0.00	0.000069	0.000000
K15915	15.00	0.00	0.000069	0.000000
K15916	46.00	0.00	0.000211	0.000000
K15918	1441.42	10.00	0.006624	0.000187
K15921	147.50	0.00	0.000678	0.000000
K15922	345.61	258.45	0.001588	0.004838
K15923	3485.50	458.00	0.016018	0.008573
K15924	90.00	0.00	0.000414	0.000000
K15948	13.00	0.00	0.000060	0.000000
K15953	13.00	0.00	0.000060	0.000000
K15956	22.00	0.00	0.000101	0.000000
K15957	13.00	0.00	0.000060	0.000000
K15973	2697.29	125.07	0.012396	0.002341
K15974	368.07	258.45	0.001691	0.004838
K15975	5707.15	256.54	0.026228	0.004802
K15976	274.00	0.00	0.001259	0.000000
K15977	12224.60	732.38	0.056179	0.013710
K15980	13.00	0.00	0.000060	0.000000
K15981	23.00	1.50	0.000106	0.000028
K15982	10.00	0.00	0.000046	0.000000
K15983	38.00	0.00	0.000175	0.000000
K15984	3619.98	289.28	0.016636	0.005415
K15986	4439.83	3559.32	0.020404	0.066628
K15987	4142.37	802.50	0.019037	0.015022
K15995	13.00	0.00	0.000060	0.000000
K15996	13.00	0.00	0.000060	0.000000
K16007	0.00	1.50	0.000000	0.000028
K16011	1346.54	26.00	0.006188	0.000487
K16012	4725.28	678.18	0.021715	0.012695
K16013	4735.28	678.18	0.021761	0.012695
K16014	957.00	54.00	0.004398	0.001011
K16039	26.00	0.00	0.000119	0.000000
K16042	0.00	6.00	0.000000	0.000112
K16043	7.00	0.00	0.000032	0.000000
K16044	42.00	0.00	0.000193	0.000000
K16047	144.00	0.00	0.000662	0.000000
K16048	38.00	0.00	0.000175	0.000000
K16049	42.00	0.00	0.000193	0.000000
K16050	75.67	0.00	0.000348	0.000000
K16051	131.00	0.00	0.000602	0.000000
K16052	1032.06	263.45	0.004743	0.004932
K16053	5513.82	317.78	0.025339	0.005949
K16054	3.00	0.00	0.000014	0.000000
K16055	667.50	0.00	0.003068	0.000000
K16066	816.19	289.28	0.003751	0.005415
K16074	992.16	277.95	0.004560	0.005203
K16076	582.67	510.65	0.002678	0.009559
K16077	132.79	14.00	0.000610	0.000262
K16078	7.50	3.25	0.000034	0.000061
K16079	2949.41	30.00	0.013554	0.000562
K16080	239.20	0.00	0.001099	0.000000
K16081	86.50	0.00	0.000398	0.000000
K16087	3186.64	80.49	0.014644	0.001507
K16088	4972.47	264.45	0.022851	0.004950
K16089	11895.27	368.61	0.054666	0.006900
K16090	9710.75	265.20	0.044627	0.004964
K16091	3050.51	36.83	0.014019	0.000689
K16092	5413.49	408.78	0.024878	0.007652
K16118	0.00	1.50	0.000000	0.000028
K16121	78.00	0.00	0.000358	0.000000
K16126	0.00	1.50	0.000000	0.000028
K16127	725.00	0.00	0.003332	0.000000
K16135	401.68	252.20	0.001846	0.004721
K16136	329.11	269.45	0.001512	0.005044
K16137	6852.70	524.28	0.031492	0.009814
K16138	18.34	0.00	0.000084	0.000000
K16139	275.73	255.20	0.001267	0.004777
K16140	275.73	255.20	0.001267	0.004777
K16146	206.50	15.00	0.000949	0.000281
K16147	2385.86	222.00	0.010964	0.004156
K16148	1872.33	214.50	0.008604	0.004015
K16149	888.41	0.00	0.004083	0.000000
K16150	60.66	0.00	0.000279	0.000000
K16152	19.50	0.00	0.000090	0.000000
K16153	19.00	0.00	0.000087	0.000000
K16163	873.33	3.00	0.004013	0.000056
K16164	341.50	27.25	0.001569	0.000510
K16165	1575.45	31.25	0.007240	0.000585
K16167	616.33	9.67	0.002832	0.000181
K16168	616.33	9.67	0.002832	0.000181
K16169	2343.50	388.65	0.010770	0.007275
K16171	1889.76	29.50	0.008685	0.000552
K16188	386.00	5.00	0.001774	0.000094
K16199	124.00	0.00	0.000570	0.000000
K16200	386.00	5.00	0.001774	0.000094
K16201	394.00	5.00	0.001811	0.000094
K16202	537.00	52.00	0.002468	0.000973
K16203	873.83	85.67	0.004016	0.001604
K16209	627.00	215.00	0.002881	0.004025
K16210	139.62	0.00	0.000642	0.000000
K16211	2653.68	3.00	0.012195	0.000056
K16212	873.00	455.00	0.004012	0.008517
K16213	631.00	455.00	0.002900	0.008517
K16214	0.00	2.00	0.000000	0.000037
K16216	623.50	0.00	0.002865	0.000000
K16217	26.00	1.50	0.000119	0.000028
K16218	26.00	1.50	0.000119	0.000028
K16234	546.50	0.00	0.002511	0.000000
K16235	4708.37	2607.50	0.021638	0.048811
K16236	30.20	0.00	0.000139	0.000000
K16237	315.50	27.25	0.001450	0.000510
K16238	839.40	0.00	0.003858	0.000000
K16242	2507.17	0.00	0.011522	0.000000
K16243	146.17	0.00	0.000672	0.000000
K16244	146.17	0.00	0.000672	0.000000
K16245	2507.17	0.00	0.011522	0.000000
K16246	2507.17	0.00	0.011522	0.000000
K16248	372.00	452.00	0.001710	0.008461
K16249	36.17	0.00	0.000166	0.000000
K16254	137.20	0.00	0.000631	0.000000
K16255	137.20	0.00	0.000631	0.000000
K16256	137.20	0.00	0.000631	0.000000
K16257	137.20	0.00	0.000631	0.000000
K16258	137.20	0.00	0.000631	0.000000
K16259	137.20	0.00	0.000631	0.000000
K16260	137.20	0.00	0.000631	0.000000
K16263	453.82	280.95	0.002086	0.005259
K16264	11448.11	2717.45	0.052611	0.050869
K16267	261.17	0.00	0.001200	0.000000
K16291	608.77	269.45	0.002798	0.005044
K16299	121.00	0.00	0.000556	0.000000
K16300	74.00	0.00	0.000340	0.000000
K16301	1539.40	273.45	0.007074	0.005119
K16306	20.00	0.00	0.000092	0.000000
K16317	20.00	0.00	0.000092	0.000000
K16319	31.34	0.00	0.000144	0.000000
K16320	17.34	0.00	0.000080	0.000000
K16321	352.73	255.20	0.001621	0.004777
K16322	677.05	533.15	0.003111	0.009980
K16323	789.00	184.00	0.003626	0.003444
K16324	551.46	507.40	0.002534	0.009498
K16326	647.73	707.20	0.002977	0.013238
K16327	81.00	0.00	0.000372	0.000000
K16328	727.81	338.87	0.003345	0.006343
K16329	1658.14	360.87	0.007620	0.006755
K16331	85.00	0.00	0.000391	0.000000
K16345	3603.30	544.15	0.016559	0.010186
K16346	280.48	266.20	0.001289	0.004983
K16347	314.74	258.45	0.001446	0.004838
K16348	389.57	255.20	0.001790	0.004777
K16363	1443.50	39.50	0.006634	0.000739
K16370	1082.45	280.45	0.004974	0.005250
K16371	1522.75	524.65	0.006998	0.009821
K16393	0.00	1.50	0.000000	0.000028
K16397	13.00	1.50	0.000060	0.000028
K16421	0.00	1.50	0.000000	0.000028
K16422	239.25	6.00	0.001099	0.000112
K16423	5.33	3.00	0.000024	0.000056
K16424	0.00	1.50	0.000000	0.000028
K16425	0.00	1.50	0.000000	0.000028
K16426	0.00	1.50	0.000000	0.000028
K16427	0.00	1.50	0.000000	0.000028
K16435	26.00	0.00	0.000119	0.000000
K16436	13.00	0.00	0.000060	0.000000
K16444	22.00	0.00	0.000101	0.000000
K16509	3540.97	2638.30	0.016273	0.049387
K16511	3157.83	2528.65	0.014512	0.047335
K16514	106.84	4.00	0.000491	0.000075
K16515	279.00	0.00	0.001282	0.000000
K16552	139.00	0.00	0.000639	0.000000
K16554	155.00	0.00	0.000712	0.000000
K16555	115.00	0.00	0.000528	0.000000
K16556	225.00	0.00	0.001034	0.000000
K16557	135.00	0.00	0.000620	0.000000
K16558	34.00	0.00	0.000156	0.000000
K16559	95.00	0.00	0.000437	0.000000
K16560	81.00	0.00	0.000372	0.000000
K16562	81.00	0.00	0.000372	0.000000
K16563	28.25	0.00	0.000130	0.000000
K16564	95.00	0.00	0.000437	0.000000
K16566	221.67	0.00	0.001019	0.000000
K16567	81.00	0.00	0.000372	0.000000
K16568	394.20	0.00	0.001812	0.000000
K16619	21.00	68.00	0.000097	0.001273
K16645	29.00	0.00	0.000133	0.000000
K16647	155.50	27.25	0.000715	0.000510
K16648	210.50	27.25	0.000967	0.000510
K16649	519.50	27.25	0.002387	0.000510
K16650	801.17	33.25	0.003682	0.000622
K16651	226.00	118.25	0.001039	0.002214
K16652	214.50	28.75	0.000986	0.000538
K16653	227.50	28.75	0.001045	0.000538
K16692	3891.21	518.65	0.017882	0.009709
K16693	316.07	258.45	0.001453	0.004838
K16694	78.00	0.00	0.000358	0.000000
K16695	328.27	258.45	0.001509	0.004838
K16697	78.00	0.00	0.000358	0.000000
K16698	206.33	68.00	0.000948	0.001273
K16699	78.00	0.00	0.000358	0.000000
K16703	365.19	258.45	0.001678	0.004838
K16704	316.07	258.78	0.001453	0.004844
K16705	79.33	0.00	0.000365	0.000000
K16706	78.00	0.00	0.000358	0.000000
K16707	12.00	0.00	0.000055	0.000000
K16710	694.27	710.45	0.003191	0.013299
K16711	308.27	258.45	0.001417	0.004838
K16783	1148.50	27.25	0.005278	0.000510
K16784	1445.50	127.25	0.006643	0.002382
K16785	13418.43	9607.15	0.061666	0.179840
K16786	5147.39	3461.10	0.023655	0.064790
K16787	15618.96	8076.15	0.071778	0.151180
K16788	1454.67	2391.65	0.006685	0.044770
K16789	2973.07	3432.65	0.013663	0.064257
K16792	24.66	1.67	0.000113	0.000031
K16793	24.66	1.67	0.000113	0.000031
K16839	2701.04	0.00	0.012413	0.000000
K16840	3098.37	38.50	0.014239	0.000721
K16841	3388.67	28.00	0.015573	0.000524
K16842	2720.17	5.00	0.012501	0.000094
K16843	103.00	0.00	0.000473	0.000000
K16844	199.50	0.00	0.000917	0.000000
K16845	14.00	0.00	0.000064	0.000000
K16846	14.00	0.00	0.000064	0.000000
K16849	241.50	3.25	0.001110	0.000061
K16850	386.50	50.25	0.001776	0.000941
K16856	77.00	0.00	0.000354	0.000000
K16868	3141.07	2446.03	0.014435	0.045788
K16869	1880.00	123.40	0.008640	0.002310
K16870	415.50	27.25	0.001909	0.000510
K16871	348.20	0.00	0.001600	0.000000
K16872	3827.08	30.50	0.017588	0.000571
K16873	102.00	0.00	0.000469	0.000000
K16874	8.00	0.00	0.000037	0.000000
K16876	14.00	0.00	0.000064	0.000000
K16877	14.00	0.00	0.000064	0.000000
K16878	14.00	0.00	0.000064	0.000000
K16879	28.00	0.00	0.000129	0.000000
K16880	14.00	0.00	0.000064	0.000000
K16881	877.08	1.50	0.004031	0.000028
K16898	5281.27	3211.65	0.024271	0.060120
K16899	5114.27	3199.65	0.023503	0.059895
K16907	13.00	0.00	0.000060	0.000000
K16915	34.67	6.00	0.000159	0.000112
K16918	132.00	0.00	0.000607	0.000000
K16919	78.00	0.00	0.000358	0.000000
K16920	132.00	0.00	0.000607	0.000000
K16921	78.00	0.00	0.000358	0.000000
K16922	157.03	0.00	0.000722	0.000000
K16923	847.91	421.95	0.003897	0.007899
K16924	1074.20	2737.65	0.004937	0.051247
K16925	4346.66	633.00	0.019975	0.011849
K16926	1417.19	2345.00	0.006513	0.043897
K16927	670.16	12.50	0.003080	0.000234
K16937	1524.99	1.50	0.007008	0.000028
K16950	1568.00	1760.25	0.007206	0.032951
K16951	1546.00	1760.25	0.007105	0.032951
K16957	1123.00	2187.25	0.005161	0.040944
K16958	1049.50	2186.00	0.004823	0.040920
K16959	1049.50	2187.25	0.004823	0.040944
K16960	1302.00	2193.25	0.005983	0.041056
K16961	552.25	11.00	0.002538	0.000206
K16962	709.25	11.00	0.003259	0.000206
K16963	552.25	11.00	0.002538	0.000206
K17060	86.50	0.00	0.000398	0.000000
K17061	86.50	0.00	0.000398	0.000000
K17062	28.92	0.00	0.000133	0.000000
K17063	33.17	0.00	0.000152	0.000000
K17064	20.00	0.00	0.000092	0.000000
K17073	392.00	12.00	0.001801	0.000225
K17074	1691.84	2520.65	0.007775	0.047185
K17076	1798.54	2431.65	0.008265	0.045519
K17103	8256.53	917.00	0.037944	0.017166
K17104	20.00	0.00	0.000092	0.000000
K17105	33.00	0.00	0.000152	0.000000
K17108	47.75	0.00	0.000219	0.000000
K17195	104.96	3.00	0.000482	0.000056
K17202	308.75	0.00	0.001419	0.000000
K17203	308.75	0.00	0.001419	0.000000
K17204	308.75	0.00	0.001419	0.000000
K17205	146.00	0.00	0.000671	0.000000
K17206	167.00	0.00	0.000767	0.000000
K17207	146.00	0.00	0.000671	0.000000
K17213	324.00	184.00	0.001489	0.003444
K17214	81.00	0.00	0.000372	0.000000
K17215	125.00	0.00	0.000574	0.000000
K17216	828.33	5.00	0.003807	0.000094
K17217	757.33	5.00	0.003480	0.000094
K17218	5914.82	22.00	0.027182	0.000412
K17222	534.00	22.00	0.002454	0.000412
K17223	534.00	22.00	0.002454	0.000412
K17224	306.00	22.00	0.001406	0.000412
K17225	441.40	22.00	0.002028	0.000412
K17226	940.70	22.00	0.004323	0.000412
K17227	548.00	22.00	0.002518	0.000412
K17228	926.36	0.00	0.004257	0.000000
K17234	372.00	452.00	0.001710	0.008461
K17235	372.00	452.00	0.001710	0.008461
K17236	372.00	452.00	0.001710	0.008461
K17237	81.00	0.00	0.000372	0.000000
K17238	81.00	0.00	0.000372	0.000000
K17239	81.00	0.00	0.000372	0.000000
K17240	81.00	0.00	0.000372	0.000000
K17241	84.00	0.00	0.000386	0.000000
K17242	84.00	0.00	0.000386	0.000000
K17243	87.00	0.00	0.000400	0.000000
K17244	838.08	1.67	0.003851	0.000031
K17245	1017.08	1.67	0.004674	0.000031
K17246	1017.08	1.67	0.004674	0.000031
K17247	1331.40	301.95	0.006119	0.005652
K17248	184.67	0.00	0.000849	0.000000
K17249	15.00	0.00	0.000069	0.000000
K17250	15.00	0.00	0.000069	0.000000
K17251	15.00	0.00	0.000069	0.000000
K17285	207.50	0.00	0.000954	0.000000
K17315	1208.75	12.67	0.005555	0.000237
K17316	1145.00	1.67	0.005262	0.000031
K17317	1145.00	1.67	0.005262	0.000031
K17318	5505.50	4292.00	0.025301	0.080343
K17319	5538.50	3959.00	0.025453	0.074110
K17320	5437.50	3959.00	0.024989	0.074110
K17321	562.00	22.00	0.002583	0.000412
K17322	562.00	22.00	0.002583	0.000412
K17323	562.00	22.00	0.002583	0.000412
K17324	562.00	22.00	0.002583	0.000412
K17325	562.00	22.00	0.002583	0.000412
K17326	13.00	0.00	0.000060	0.000000
K17327	13.00	0.00	0.000060	0.000000
K17328	13.00	0.00	0.000060	0.000000
K17329	314.33	3.00	0.001445	0.000056
K17330	314.33	1.50	0.001445	0.000028
K17331	315.83	1.50	0.001451	0.000028
K17362	12.00	0.00	0.000055	0.000000
K17363	0.00	333.00	0.000000	0.006234
K17364	137.20	0.00	0.000631	0.000000
K17462	407.33	5.00	0.001872	0.000094
K17463	7.50	3.25	0.000034	0.000061
K17464	34.50	3.25	0.000159	0.000061
K17465	34.50	3.25	0.000159	0.000061
K17466	14.50	3.25	0.000067	0.000061
K17467	14.50	3.25	0.000067	0.000061
K17468	7.50	3.25	0.000034	0.000061
K17472	1379.33	5.00	0.006339	0.000094
K17473	7.50	3.25	0.000034	0.000061
K17484	0.00	1.50	0.000000	0.000028
K17488	54.00	0.00	0.000248	0.000000
K17489	402.00	0.00	0.001847	0.000000
K17490	201.00	0.00	0.000924	0.000000
K17570	372.00	452.00	0.001710	0.008461
K17624	1.50	0.00	0.000007	0.000000
K17640	64.00	0.00	0.000294	0.000000
K17641	13.00	0.00	0.000060	0.000000
K17662	927.87	10.00	0.004264	0.000187
K17675	2292.24	484.00	0.010534	0.009060
K17680	204.00	0.00	0.000937	0.000000
K17686	19776.37	4155.77	0.090884	0.077793
K17713	4099.15	282.95	0.018838	0.005297
K17716	294.33	410.00	0.001353	0.007675
K17722	338.73	258.45	0.001557	0.004838
K17723	1037.40	285.45	0.004767	0.005343
K17733	3684.96	5.00	0.016935	0.000094
K17734	159.00	0.00	0.000731	0.000000
K17735	498.50	0.00	0.002291	0.000000
K17736	178.50	0.00	0.000820	0.000000
K17737	511.62	0.00	0.002351	0.000000
K17744	92.00	0.00	0.000423	0.000000
K17752	847.16	5.00	0.003893	0.000094
K17754	8.67	0.00	0.000040	0.000000
K17755	137.00	0.00	0.000630	0.000000
K17759	5177.07	987.45	0.023792	0.018484
K17760	182.67	8.00	0.000839	0.000150
K17762	817.83	5.00	0.003758	0.000094
K17763	1604.31	5.00	0.007373	0.000094
K17810	2235.87	518.00	0.010275	0.009697
K17828	5392.00	3715.65	0.024779	0.069555
K17829	119.33	1.50	0.000548	0.000028
K17830	20.00	0.00	0.000092	0.000000
K17835	13.00	1.50	0.000060	0.000028
K17836	7116.40	977.40	0.032704	0.018296
K17837	1384.09	27.25	0.006361	0.000510
K17838	720.25	0.00	0.003310	0.000000
K17850	473.84	0.00	0.002178	0.000000
K17865	620.20	361.00	0.002850	0.006758
K17867	66.00	0.00	0.000303	0.000000
K17870	16.00	0.00	0.000074	0.000000
K17880	124.00	0.00	0.000570	0.000000
K17881	17.92	0.00	0.000082	0.000000
K17882	14.00	0.00	0.000064	0.000000
K17883	1124.50	27.25	0.005168	0.000510
K17884	20.00	0.00	0.000092	0.000000
K17892	772.75	0.00	0.003551	0.000000
K17898	238.50	0.00	0.001096	0.000000
K17899	238.50	0.00	0.001096	0.000000
K17938	3444.93	258.45	0.015831	0.004838
K17942	20.00	0.00	0.000092	0.000000
K17947	337.53	3.00	0.001551	0.000056
K17948	275.73	255.20	0.001267	0.004777
K17950	280.00	6.00	0.001287	0.000112
K17989	98.00	0.00	0.000450	0.000000
K17992	24.50	0.00	0.000113	0.000000
K18007	27.08	0.00	0.000124	0.000000
K18009	271.38	0.00	0.001247	0.000000
K18011	132.33	333.00	0.000608	0.006234
K18012	132.33	333.00	0.000608	0.006234
K18013	34.00	333.00	0.000156	0.006234
K18014	193.33	333.00	0.000888	0.006234
K18015	283.23	255.45	0.001302	0.004782
K18028	99.00	0.00	0.000455	0.000000
K18029	507.80	0.00	0.002334	0.000000
K18030	155.00	0.00	0.000712	0.000000
K18031	8.25	0.00	0.000038	0.000000
K18058	0.00	1.50	0.000000	0.000028
K18067	8.67	0.00	0.000040	0.000000
K18070	14.00	0.00	0.000064	0.000000
K18072	204.00	0.00	0.000937	0.000000
K18073	204.00	0.00	0.000937	0.000000
K18093	188.50	0.00	0.000866	0.000000
K18096	155.87	0.00	0.000716	0.000000
K18098	194.20	0.00	0.000892	0.000000
K18101	142.17	0.00	0.000653	0.000000
K18104	1479.33	29.00	0.006798	0.000543
K18109	25.58	0.00	0.000118	0.000000
K18110	0.00	1.50	0.000000	0.000028
K18115	197.00	5.00	0.000905	0.000094
K18118	5361.33	111.50	0.024638	0.002087
K18120	30.50	6.00	0.000140	0.000112
K18123	13.00	0.00	0.000060	0.000000
K18133	27.00	0.00	0.000124	0.000000
K18135	165.50	0.00	0.000761	0.000000
K18136	4.75	17.00	0.000022	0.000318
K18137	2821.46	0.00	0.012966	0.000000
K18138	7794.10	640.98	0.035818	0.011999
K18139	3996.76	36.25	0.018367	0.000679
K18140	308.27	258.45	0.001417	0.004838
K18141	308.27	258.45	0.001417	0.004838
K18142	308.27	258.45	0.001417	0.004838
K18143	923.70	0.00	0.004245	0.000000
K18144	1075.03	1.67	0.004940	0.000031
K18145	605.70	0.00	0.002784	0.000000
K18146	605.70	0.00	0.002784	0.000000
K18147	3016.66	0.00	0.013863	0.000000
K18148	351.06	258.45	0.001613	0.004838
K18149	1559.17	526.40	0.007165	0.009854
K18164	50.67	4.00	0.000233	0.000075
K18195	20.00	0.00	0.000092	0.000000
K18197	205.00	0.00	0.000942	0.000000
K18199	361.98	1.67	0.001664	0.000031
K18205	1.50	0.00	0.000007	0.000000
K18206	1.50	0.00	0.000007	0.000000
K18214	67.00	0.00	0.000308	0.000000
K18216	28.20	2.00	0.000130	0.000037
K18217	28.20	2.00	0.000130	0.000037
K18220	868.33	119.00	0.003990	0.002228
K18223	57.00	0.00	0.000262	0.000000
K18224	57.00	0.00	0.000262	0.000000
K18225	57.00	0.00	0.000262	0.000000
K18226	23.00	0.00	0.000106	0.000000
K18230	775.00	42.50	0.003562	0.000796
K18231	1411.87	75.00	0.006488	0.001404
K18232	76.33	4.50	0.000351	0.000084
K18233	89.33	4.50	0.000411	0.000084
K18234	212.62	1.50	0.000977	0.000028
K18235	39.50	0.00	0.000182	0.000000
K18236	63.50	0.00	0.000292	0.000000
K18240	83.00	0.00	0.000381	0.000000
K18242	52.00	0.00	0.000239	0.000000
K18243	73.00	0.00	0.000335	0.000000
K18258	81.00	0.00	0.000372	0.000000
K18277	365.00	0.00	0.001677	0.000000
K18282	78.00	0.00	0.000358	0.000000
K18284	43.00	0.00	0.000198	0.000000
K18285	734.66	3.17	0.003376	0.000059
K18286	105.33	1.50	0.000484	0.000028
K18287	0.00	1.50	0.000000	0.000028
K18288	271.34	0.00	0.001247	0.000000
K18289	95.00	0.00	0.000437	0.000000
K18291	95.00	0.00	0.000437	0.000000
K18292	281.00	5.00	0.001291	0.000094
K18294	223.50	0.00	0.001027	0.000000
K18295	19.50	0.00	0.000090	0.000000
K18296	19.50	0.00	0.000090	0.000000
K18297	247.00	0.00	0.001135	0.000000
K18298	119.50	0.00	0.000549	0.000000
K18299	116.50	0.00	0.000535	0.000000
K18300	119.50	0.00	0.000549	0.000000
K18301	4032.33	0.00	0.018531	0.000000
K18302	3253.16	0.00	0.014950	0.000000
K18303	3265.16	0.00	0.015005	0.000000
K18304	156.17	0.00	0.000718	0.000000
K18305	272.00	0.00	0.001250	0.000000
K18306	116.00	0.00	0.000533	0.000000
K18307	116.00	0.00	0.000533	0.000000
K18308	14.00	0.00	0.000064	0.000000
K18313	66.00	0.00	0.000303	0.000000
K18314	13.00	0.00	0.000060	0.000000
K18320	1026.62	504.40	0.004718	0.009442
K18321	204.00	0.00	0.000937	0.000000
K18322	204.00	0.00	0.000937	0.000000
K18323	204.00	0.00	0.000937	0.000000
K18324	316.07	258.45	0.001453	0.004838
K18325	32.54	3.25	0.000150	0.000061
K18326	316.07	258.45	0.001453	0.004838
K18330	56.17	333.00	0.000258	0.006234
K18331	199.17	410.00	0.000915	0.007675
K18332	171.17	410.00	0.000787	0.007675
K18333	586.00	50.00	0.002693	0.000936
K18334	691.46	1.50	0.003178	0.000028
K18335	543.00	0.00	0.002495	0.000000
K18336	115.00	0.00	0.000528	0.000000
K18337	134.00	6.00	0.000616	0.000112
K18344	1188.17	972.00	0.005460	0.018195
K18345	372.00	452.00	0.001710	0.008461
K18346	693.50	0.00	0.003187	0.000000
K18347	13.00	0.00	0.000060	0.000000
K18348	70.50	0.00	0.000324	0.000000
K18349	41.67	0.00	0.000191	0.000000
K18350	21.67	0.00	0.000100	0.000000
K18351	118.00	0.00	0.000542	0.000000
K18352	92.00	0.00	0.000423	0.000000
K18353	222.66	3.17	0.001023	0.000059
K18354	42.00	0.00	0.000193	0.000000
K18364	8.67	0.00	0.000040	0.000000
K18369	4850.00	2.75	0.022289	0.000051
K18382	86.00	0.00	0.000395	0.000000
K18383	126.87	4.00	0.000583	0.000075
K18384	241.00	1.50	0.001108	0.000028
K18425	28.00	0.00	0.000129	0.000000
K18429	118.00	0.00	0.000542	0.000000
K18430	118.00	0.00	0.000542	0.000000
K18431	143.33	0.00	0.000659	0.000000
K18434	167.00	22.00	0.000767	0.000412
K18445	0.00	1.67	0.000000	0.000031
K18446	320.82	277.95	0.001474	0.005203
K18455	1152.16	32.75	0.005295	0.000613
K18456	534.40	0.00	0.002456	0.000000
K18457	81.00	0.00	0.000372	0.000000
K18459	225.70	22.00	0.001037	0.000412
K18471	274.40	255.20	0.001261	0.004777
K18472	61.33	0.00	0.000282	0.000000
K18473	191.50	0.00	0.000880	0.000000
K18474	608.00	2250.25	0.002794	0.042123
K18475	2030.25	1811.25	0.009330	0.033905
K18476	91.33	0.00	0.000420	0.000000
K18478	431.60	258.45	0.001983	0.004838
K18479	536.94	258.45	0.002468	0.004838
K18480	1490.58	10.00	0.006850	0.000187
K18481	297.33	0.00	0.001366	0.000000
K18530	274.40	252.20	0.001261	0.004721
K18531	274.40	252.20	0.001261	0.004721
K18532	20.00	0.00	0.000092	0.000000
K18534	772.75	0.00	0.003551	0.000000
K18540	19.50	0.00	0.000090	0.000000
K18541	47.00	0.00	0.000216	0.000000
K18545	5.33	0.00	0.000024	0.000000
K18546	252.66	0.00	0.001161	0.000000
K18547	27.33	0.00	0.000126	0.000000
K18552	116.00	0.00	0.000533	0.000000
K18553	72.00	0.00	0.000331	0.000000
K18554	97.00	1.50	0.000446	0.000028
K18555	270.55	11.00	0.001243	0.000206
K18567	321.00	0.00	0.001475	0.000000
K18572	49.00	0.00	0.000225	0.000000
K18581	801.04	5.00	0.003681	0.000094
K18586	247.00	6.00	0.001135	0.000112
K18587	707.67	32.00	0.003252	0.000599
K18588	1100.87	32.00	0.005059	0.000599
K18589	274.40	252.20	0.001261	0.004721
K18591	5.00	0.00	0.000023	0.000000
K18640	1591.99	926.00	0.007316	0.017334
K18642	83.20	0.00	0.000382	0.000000
K18652	78.00	0.00	0.000358	0.000000
K18653	78.00	0.00	0.000358	0.000000
K18654	106.00	0.00	0.000487	0.000000
K18657	320.82	277.95	0.001474	0.005203
K18661	581.87	22.00	0.002674	0.000412
K18662	47.00	0.00	0.000216	0.000000
K18672	4118.90	3184.32	0.018929	0.059608
K18673	85.00	0.00	0.000391	0.000000
K18675	51.00	0.00	0.000234	0.000000
K18676	641.92	41.50	0.002950	0.000777
K18677	14.00	0.00	0.000064	0.000000
K18678	801.08	0.00	0.003681	0.000000
K18682	6632.06	3568.82	0.030478	0.066806
K18691	641.82	284.28	0.002950	0.005322
K18692	2860.50	2608.65	0.013146	0.048832
K18697	1006.82	299.20	0.004627	0.005601
K18698	25.04	0.00	0.000115	0.000000
K18700	149.17	0.00	0.000686	0.000000
K18701	316.00	27.25	0.001452	0.000510
K18702	437.23	255.20	0.002009	0.004777
K18704	104.00	0.00	0.000478	0.000000
K18707	4685.27	1080.50	0.021532	0.020226
K18765	320.82	277.95	0.001474	0.005203
K18766	77.00	0.00	0.000354	0.000000
K18768	8.29	0.00	0.000038	0.000000
K18770	295.33	0.00	0.001357	0.000000
K18775	1.00	0.00	0.000005	0.000000
K18778	620.99	277.95	0.002854	0.005203
K18779	20.00	0.00	0.000092	0.000000
K18785	583.00	455.00	0.002679	0.008517
K18786	139.00	0.00	0.000639	0.000000
K18793	1.00	0.00	0.000005	0.000000
K18794	29.20	0.00	0.000134	0.000000
K18800	566.32	284.28	0.002603	0.005322
K18814	1121.75	0.00	0.005155	0.000000
K18815	309.87	2.00	0.001424	0.000037
K18816	420.17	3.25	0.001931	0.000061
K18817	14.00	0.00	0.000064	0.000000
K18820	185.17	0.00	0.000851	0.000000
K18821	7.00	0.00	0.000032	0.000000
K18824	274.40	252.20	0.001261	0.004721
K18827	153.17	0.00	0.000704	0.000000
K18828	3366.55	258.45	0.015471	0.004838
K18829	748.23	258.45	0.003439	0.004838
K18830	0.00	2.00	0.000000	0.000037
K18831	1828.48	516.65	0.008403	0.009671
K18833	152.00	0.00	0.000699	0.000000
K18837	862.69	762.60	0.003965	0.014275
K18838	862.69	773.60	0.003965	0.014481
K18841	274.40	252.20	0.001261	0.004721
K18842	274.40	252.20	0.001261	0.004721
K18843	286.53	252.20	0.001317	0.004721
K18844	242.33	0.00	0.001114	0.000000
K18846	12.40	0.00	0.000057	0.000000
K18850	4182.19	293.28	0.019220	0.005490
K18851	155.50	27.25	0.000715	0.000510
K18856	20.00	0.00	0.000092	0.000000
K18862	558.96	516.65	0.002569	0.009671
K18882	20.00	0.00	0.000092	0.000000
K18887	1388.17	2666.65	0.006379	0.049918
K18888	1388.17	2666.65	0.006379	0.049918
K18889	539.49	277.95	0.002479	0.005203
K18890	508.99	277.95	0.002339	0.005203
K18891	1076.47	2517.40	0.004947	0.047124
K18892	1076.47	2517.40	0.004947	0.047124
K18893	4315.36	33.00	0.019832	0.000618
K18895	17.12	3.25	0.000079	0.000061
K18897	13.00	0.00	0.000060	0.000000
K18898	275.73	255.20	0.001267	0.004777
K18899	275.73	255.20	0.001267	0.004777
K18900	646.34	0.00	0.002970	0.000000
K18901	753.07	0.00	0.003461	0.000000
K18902	641.57	0.00	0.002948	0.000000
K18903	619.54	0.00	0.002847	0.000000
K18904	248.00	22.00	0.001140	0.000412
K18905	81.00	0.00	0.000372	0.000000
K18906	425.00	0.00	0.001953	0.000000
K18907	63.00	0.00	0.000290	0.000000
K18908	17.00	0.00	0.000078	0.000000
K18910	411.00	0.00	0.001889	0.000000
K18911	142.33	1.50	0.000654	0.000028
K18912	110.33	4.50	0.000507	0.000084
K18916	8.25	0.00	0.000038	0.000000
K18917	540.49	30.42	0.002484	0.000569
K18918	131.04	9.25	0.000602	0.000173
K18919	825.86	762.60	0.003795	0.014275
K18920	292.31	258.20	0.001343	0.004833
K18921	275.73	252.20	0.001267	0.004721
K18922	827.19	762.60	0.003801	0.014275
K18923	32.50	3.25	0.000149	0.000061
K18924	1571.33	5.00	0.007221	0.000094
K18925	1599.33	5.00	0.007350	0.000094
K18926	3188.50	419.25	0.014653	0.007848
K18927	4.75	11.00	0.000022	0.000206
K18928	3592.50	398.28	0.016510	0.007456
K18929	3624.50	398.28	0.016657	0.007456
K18930	1058.08	70.00	0.004862	0.001310
K18933	20.00	0.00	0.000092	0.000000
K18934	807.00	184.00	0.003709	0.003444
K18935	425.00	0.00	0.001953	0.000000
K18936	429.00	0.00	0.001972	0.000000
K18939	154.00	0.00	0.000708	0.000000
K18940	796.40	0.00	0.003660	0.000000
K18941	784.00	0.00	0.003603	0.000000
K18954	1206.34	0.00	0.005544	0.000000
K18955	5482.32	428.00	0.025194	0.008012
K18958	338.33	1.50	0.001555	0.000028
K18967	532.12	3.07	0.002445	0.000057
K18968	679.48	258.45	0.003123	0.004838
K18971	2.00	0.00	0.000009	0.000000
K18974	8.29	0.00	0.000038	0.000000
K18975	195.29	0.00	0.000897	0.000000
K18978	20.00	0.00	0.000092	0.000000
K18979	9578.77	2742.43	0.044020	0.051336
K18981	635.67	3.17	0.002921	0.000059
K18982	3.00	0.00	0.000014	0.000000
K18983	81.00	0.00	0.000372	0.000000
K18984	7.50	3.25	0.000034	0.000061
K18986	372.00	454.00	0.001710	0.008499
K18987	21.67	2.00	0.000100	0.000037
K18988	337.07	258.45	0.001549	0.004838
K18989	103.00	0.00	0.000473	0.000000
K18990	103.00	0.00	0.000473	0.000000
K18991	165.17	0.00	0.000759	0.000000
K18992	15.00	0.00	0.000069	0.000000
K18996	718.20	44.00	0.003301	0.000824
K18997	3523.86	258.45	0.016194	0.004838
K19000	349.99	277.95	0.001608	0.005203
K19002	1784.84	2526.65	0.008202	0.047297
K19003	772.75	0.00	0.003551	0.000000
K19005	2746.34	2718.65	0.012621	0.050891
K19032	47.75	0.00	0.000219	0.000000
K19033	1053.00	0.00	0.004839	0.000000
K19046	509.23	452.12	0.002340	0.008463
K19048	152.61	3.25	0.000701	0.000061
K19049	292.00	0.00	0.001342	0.000000
K19051	270.00	0.00	0.001241	0.000000
K19055	2264.18	608.03	0.010405	0.011382
K19056	8.29	0.00	0.000038	0.000000
K19057	421.04	0.00	0.001935	0.000000
K19058	506.25	0.00	0.002327	0.000000
K19059	421.04	0.00	0.001935	0.000000
K19062	951.67	0.00	0.004373	0.000000
K19064	268.00	0.00	0.001232	0.000000
K19068	122.00	0.00	0.000561	0.000000
K19073	14.00	0.00	0.000064	0.000000
K19075	259.33	0.00	0.001192	0.000000
K19076	77.08	0.00	0.000354	0.000000
K19077	415.00	0.00	0.001907	0.000000
K19078	415.00	0.00	0.001907	0.000000
K19079	338.00	0.00	0.001553	0.000000
K19080	338.00	0.00	0.001553	0.000000
K19081	401.67	0.00	0.001846	0.000000
K19082	401.67	0.00	0.001846	0.000000
K19083	338.00	0.00	0.001553	0.000000
K19084	338.00	0.00	0.001553	0.000000
K19088	25.33	0.00	0.000116	0.000000
K19090	259.33	0.00	0.001192	0.000000
K19091	376.49	333.00	0.001730	0.006234
K19092	2956.33	277.45	0.013586	0.005194
K19095	4.75	0.00	0.000022	0.000000
K19096	16.75	0.00	0.000077	0.000000
K19097	63.00	0.00	0.000290	0.000000
K19113	6.00	0.00	0.000028	0.000000
K19117	385.40	22.00	0.001771	0.000412
K19118	388.40	22.00	0.001785	0.000412
K19119	385.40	22.00	0.001771	0.000412
K19120	38.08	0.00	0.000175	0.000000
K19121	38.08	0.00	0.000175	0.000000
K19122	38.08	0.00	0.000175	0.000000
K19123	530.90	453.62	0.002440	0.008491
K19124	664.23	453.62	0.003053	0.008491
K19125	527.23	453.62	0.002423	0.008491
K19126	629.23	453.62	0.002892	0.008491
K19127	2585.00	0.00	0.011880	0.000000
K19128	2610.00	0.00	0.011994	0.000000
K19129	2610.00	0.00	0.011994	0.000000
K19130	2585.00	0.00	0.011880	0.000000
K19131	15.00	7.50	0.000069	0.000140
K19132	15.00	7.50	0.000069	0.000140
K19133	0.00	6.00	0.000000	0.000112
K19134	42.91	0.00	0.000197	0.000000
K19135	12.00	0.00	0.000055	0.000000
K19137	21.67	21.25	0.000100	0.000398
K19138	28.33	0.00	0.000130	0.000000
K19139	28.33	0.00	0.000130	0.000000
K19140	28.33	0.00	0.000130	0.000000
K19141	12.00	0.00	0.000055	0.000000
K19142	39.00	0.00	0.000179	0.000000
K19144	17.33	0.00	0.000080	0.000000
K19145	88.00	0.00	0.000404	0.000000
K19147	2864.92	32.00	0.013166	0.000599
K19148	308.27	255.45	0.001417	0.004782
K19155	398.73	255.20	0.001832	0.004777
K19156	482.73	255.20	0.002218	0.004777
K19157	841.70	0.00	0.003868	0.000000
K19158	1412.78	266.10	0.006493	0.004981
K19159	983.61	261.60	0.004520	0.004897
K19162	316.07	258.45	0.001453	0.004838
K19163	318.77	255.20	0.001465	0.004777
K19164	316.65	264.45	0.001455	0.004950
K19165	31.00	3.00	0.000142	0.000056
K19166	206.07	6.25	0.000947	0.000117
K19167	378.00	452.00	0.001737	0.008461
K19168	451.49	277.95	0.002075	0.005203
K19169	29.50	0.00	0.000136	0.000000
K19170	91.08	0.00	0.000419	0.000000
K19171	113.16	0.00	0.000520	0.000000
K19172	38.08	0.00	0.000175	0.000000
K19173	372.00	452.00	0.001710	0.008461
K19176	7.00	0.00	0.000032	0.000000
K19180	36.50	0.00	0.000168	0.000000
K19181	21.00	0.00	0.000097	0.000000
K19189	66.00	0.00	0.000303	0.000000
K19190	278.66	1.50	0.001281	0.000028
K19191	140.00	0.00	0.000643	0.000000
K19200	191.00	0.00	0.000878	0.000000
K19213	4.75	11.00	0.000022	0.000206
K19215	8.29	0.00	0.000038	0.000000
K19216	586.00	0.00	0.002693	0.000000
K19218	14.00	0.00	0.000064	0.000000
K19220	78.00	0.00	0.000358	0.000000
K19221	4882.17	1184.12	0.022436	0.022166
K19222	980.82	277.95	0.004507	0.005203
K19224	879.00	5.00	0.004040	0.000094
K19225	3070.23	770.40	0.014110	0.014421
K19226	320.82	284.28	0.001474	0.005322
K19227	320.82	284.28	0.001474	0.005322
K19228	320.82	284.28	0.001474	0.005322
K19229	320.82	284.28	0.001474	0.005322
K19230	320.82	284.28	0.001474	0.005322
K19231	102.00	0.00	0.000469	0.000000
K19234	308.27	258.45	0.001417	0.004838
K19235	325.57	280.45	0.001496	0.005250
K19236	320.82	277.95	0.001474	0.005203
K19238	299.98	258.45	0.001379	0.004838
K19242	269.00	5.00	0.001236	0.000094
K19243	88.00	0.00	0.000404	0.000000
K19244	356.50	0.00	0.001638	0.000000
K19246	6.33	0.00	0.000029	0.000000
K19265	3419.56	509.70	0.015715	0.009541
K19267	4861.34	648.45	0.022341	0.012139
K19268	41.83	333.00	0.000192	0.006234
K19270	1787.89	558.90	0.008216	0.010462
K19271	970.21	71.00	0.004459	0.001329
K19272	3.00	0.00	0.000014	0.000000
K19274	22.00	0.00	0.000101	0.000000
K19282	20.00	0.00	0.000092	0.000000
K19285	1190.33	5.00	0.005470	0.000094
K19286	95.20	333.00	0.000437	0.006234
K19290	86.50	0.00	0.000398	0.000000
K19291	86.50	0.00	0.000398	0.000000
K19292	86.50	0.00	0.000398	0.000000
K19293	86.50	0.00	0.000398	0.000000
K19294	2064.15	1492.00	0.009486	0.027929
K19295	86.50	0.00	0.000398	0.000000
K19296	86.50	0.00	0.000398	0.000000
K19299	15.00	0.00	0.000069	0.000000
K19300	327.33	1.67	0.001504	0.000031
K19302	18615.62	4036.52	0.085550	0.075561
K19303	316.07	258.45	0.001453	0.004838
K19304	423.82	277.95	0.001948	0.005203
K19309	190.00	0.00	0.000873	0.000000
K19310	197.00	0.00	0.000905	0.000000
K19311	67.00	0.00	0.000308	0.000000
K19312	40.00	0.00	0.000184	0.000000
K19318	3.00	0.00	0.000014	0.000000
K19321	3.00	0.00	0.000014	0.000000
K19332	306.17	0.00	0.001407	0.000000
K19333	332.07	258.45	0.001526	0.004838
K19334	313.02	277.95	0.001439	0.005203
K19335	320.23	255.45	0.001472	0.004782
K19336	376.90	255.45	0.001732	0.004782
K19337	1043.99	277.95	0.004798	0.005203
K19338	1101.74	277.20	0.005063	0.005189
K19339	143.00	0.00	0.000657	0.000000
K19340	371.00	0.00	0.001705	0.000000
K19341	368.00	0.00	0.001691	0.000000
K19342	368.00	0.00	0.001691	0.000000
K19344	120.00	0.00	0.000551	0.000000
K19345	134.00	0.00	0.000616	0.000000
K19349	85.00	0.00	0.000391	0.000000
K19350	824.87	108.00	0.003791	0.002022
K19353	1000.23	352.45	0.004597	0.006598
K19354	283.23	258.45	0.001302	0.004838
K19355	234.17	7.00	0.001076	0.000131
K19360	9.67	0.00	0.000044	0.000000
K19405	1653.90	52.00	0.007601	0.000973
K19411	1653.90	52.00	0.007601	0.000973
K19416	898.99	284.28	0.004131	0.005322
K19417	78.00	0.00	0.000358	0.000000
K19418	81.00	0.00	0.000372	0.000000
K19419	522.50	452.00	0.002401	0.008461
K19420	78.00	0.00	0.000358	0.000000
K19421	78.00	0.00	0.000358	0.000000
K19422	78.00	0.00	0.000358	0.000000
K19423	141.50	0.00	0.000650	0.000000
K19424	83.00	0.00	0.000381	0.000000
K19425	296.00	0.00	0.001360	0.000000
K19426	84.00	0.00	0.000386	0.000000
K19427	30.50	12.00	0.000140	0.000225
K19428	203.00	0.00	0.000933	0.000000
K19429	427.00	0.00	0.001962	0.000000
K19430	231.33	0.00	0.001063	0.000000
K19431	25.17	0.00	0.000116	0.000000
K19432	78.00	0.00	0.000358	0.000000
K19433	78.00	0.00	0.000358	0.000000
K19449	238.00	5.00	0.001094	0.000094
K19465	9.67	0.00	0.000044	0.000000
K19475	13.00	0.00	0.000060	0.000000
K19504	0.67	0.00	0.000003	0.000000
K19505	234.67	0.00	0.001078	0.000000
K19506	261.67	0.00	0.001203	0.000000
K19507	40.67	0.00	0.000187	0.000000
K19508	27.67	0.00	0.000127	0.000000
K19509	60.67	12.00	0.000279	0.000225
K19510	0.67	0.00	0.000003	0.000000
K19545	5.00	0.00	0.000023	0.000000
K19546	78.00	0.00	0.000358	0.000000
K19547	78.00	0.00	0.000358	0.000000
K19548	164.67	0.00	0.000757	0.000000
K19549	78.00	0.00	0.000358	0.000000
K19550	87.67	0.00	0.000403	0.000000
K19551	15.00	0.00	0.000069	0.000000
K19569	13.00	0.00	0.000060	0.000000
K19572	185.17	3.00	0.000851	0.000056
K19576	415.00	0.00	0.001907	0.000000
K19577	5098.43	317.95	0.023430	0.005952
K19578	196.00	0.00	0.000901	0.000000
K19580	13.00	1.50	0.000060	0.000028
K19585	312.04	0.00	0.001434	0.000000
K19586	312.04	0.00	0.001434	0.000000
K19587	38.04	0.00	0.000175	0.000000
K19591	2568.87	0.00	0.011805	0.000000
K19592	648.16	3.25	0.002979	0.000061
K19594	21.50	3.25	0.000099	0.000061
K19595	21.50	3.25	0.000099	0.000061
K19597	320.46	3.25	0.001473	0.000061
K19609	86.50	0.00	0.000398	0.000000
K19610	86.50	0.00	0.000398	0.000000
K19611	656.93	261.70	0.003019	0.004899
K19620	43.00	0.00	0.000198	0.000000
K19621	43.00	0.00	0.000198	0.000000
K19622	43.00	0.00	0.000198	0.000000
K19623	43.00	0.00	0.000198	0.000000
K19633	6.00	0.00	0.000028	0.000000
K19640	0.00	1.50	0.000000	0.000028
K19641	178.67	22.00	0.000821	0.000412
K19659	4.75	11.00	0.000022	0.000206
K19660	20.00	0.00	0.000092	0.000000
K19661	167.00	22.00	0.000767	0.000412
K19664	20.00	0.00	0.000092	0.000000
K19666	25.75	11.00	0.000118	0.000206
K19668	55.33	0.00	0.000254	0.000000
K19686	502.20	6.00	0.002308	0.000112
K19687	225.20	0.00	0.001035	0.000000
K19688	308.27	258.45	0.001417	0.004838
K19689	5183.69	3591.66	0.023822	0.067234
K19694	4.75	11.00	0.000022	0.000206
K19696	428.50	0.00	0.001969	0.000000
K19697	7.50	3.25	0.000034	0.000061
K19701	182.33	1.67	0.000838	0.000031
K19702	2414.33	0.00	0.011095	0.000000
K19707	694.01	0.00	0.003189	0.000000
K19709	283.23	258.45	0.001302	0.004838
K19710	1689.16	32.75	0.007763	0.000613
K19711	19.50	0.00	0.000090	0.000000
K19712	20.00	0.00	0.000092	0.000000
K19713	771.50	3.00	0.003545	0.000056
K19714	31.00	0.00	0.000142	0.000000
K19715	31.00	1.50	0.000142	0.000028
K19731	152.67	4.00	0.000702	0.000075
K19732	81.00	0.00	0.000372	0.000000
K19734	7.80	0.00	0.000036	0.000000
K19736	304.00	0.00	0.001397	0.000000
K19737	12.00	0.00	0.000055	0.000000
K19743	17.00	0.00	0.000078	0.000000
K19744	19.50	0.00	0.000090	0.000000
K19745	1361.35	301.62	0.006256	0.005646
K19746	306.17	4.00	0.001407	0.000075
K19775	308.57	255.20	0.001418	0.004777
K19776	300.77	255.20	0.001382	0.004777
K19777	294.93	255.20	0.001355	0.004777
K19778	385.23	258.45	0.001770	0.004838
K19780	275.73	252.20	0.001267	0.004721
K19784	2871.78	286.45	0.013198	0.005362
K19789	582.02	277.95	0.002675	0.005203

